product_id,product_title,brand,category,price,discount_percent,stock_available,rating,total_reviews,lifetime_sales
1,HP Victus Gaming Laptop,HP,Electronics,79999.0,15,45,4.6,12543,52000
2,Dell G15 Gaming Laptop,Dell,Electronics,82999.0,10,31,4.5,9842,41000
3,Lenovo Legion 5,Lenovo,Electronics,89999.0,18,27,4.8,15021,63000
4,Asus TUF A15,Asus,Electronics,75999.0,12,50,4.4,8523,39000
5,Apple MacBook Air M3,Apple,Electronics,114999.0,5,20,4.9,20034,89000
6,HP Gaming Laptop 16 inch,HP,Laptop,52676.0,16,826,4.0,45092,316626
7,HP Gaming Laptop 16 inch,HP,Laptop,110284.0,35,300,3.7,49625,41413
8,MSI Gaming Laptop 17 inch,MSI,Laptop,87400.0,2,677,4.4,92359,36566
9,Dell Gaming Laptop 15 inch,Dell,Laptop,50458.0,17,464,4.8,13248,199395
10,MSI Gaming Laptop 15 inch,MSI,Laptop,61319.0,17,718,4.1,27470,351464
11,MSI Gaming Laptop 13 inch,MSI,Laptop,119840.0,15,167,4.5,70020,382372
12,Asus Gaming Laptop 16 inch,Asus,Laptop,75382.0,35,224,5.0,83896,360895
13,MSI Gaming Laptop 15 inch,MSI,Laptop,140704.0,2,824,4.7,30031,430961
14,Lenovo Gaming Laptop 16 inch,Lenovo,Laptop,75093.0,45,322,3.6,74351,459569
15,Dell Gaming Laptop 16 inch,Dell,Laptop,91856.0,9,271,4.8,84269,240670
16,Dell Gaming Laptop 14 inch,Dell,Laptop,137647.0,37,438,4.3,34448,391750
17,Acer Gaming Laptop 16 inch,Acer,Laptop,87447.0,31,93,3.8,18141,267238
18,HP Gaming Laptop 13 inch,HP,Laptop,60033.0,38,65,4.4,89202,221433
19,Asus Gaming Laptop 16 inch,Asus,Laptop,118104.0,35,881,5.0,69362,131913
20,HP Gaming Laptop 13 inch,HP,Laptop,129353.0,49,656,4.8,98429,139993
21,Lenovo Gaming Laptop 13 inch,Lenovo,Laptop,78469.0,46,896,4.2,59480,1801
22,MSI Gaming Laptop 15 inch,MSI,Laptop,105612.0,6,891,4.6,66552,478579
23,MSI Gaming Laptop 15 inch,MSI,Laptop,123748.0,23,780,4.3,26081,80231
24,Dell Gaming Laptop 17 inch,Dell,Laptop,142056.0,20,500,4.9,84,314119
25,HP Gaming Laptop 13 inch,HP,Laptop,87576.0,3,246,4.8,40316,125641
26,Acer Gaming Laptop 13 inch,Acer,Laptop,51226.0,34,784,4.6,9081,398874
27,Dell Gaming Laptop 14 inch,Dell,Laptop,126474.0,16,540,4.2,72073,86674
28,Acer Gaming Laptop 16 inch,Acer,Laptop,67760.0,44,205,4.9,99004,382794
29,MSI Gaming Laptop 15 inch,MSI,Laptop,92296.0,28,921,5.0,85190,195879
30,Acer Gaming Laptop 16 inch,Acer,Laptop,55860.0,1,602,3.9,8402,177354
31,Acer Gaming Laptop 14 inch,Acer,Laptop,117128.0,40,60,3.8,9315,371212
32,Dell Gaming Laptop 13 inch,Dell,Laptop,44117.0,15,285,4.8,9297,269665
33,MSI Gaming Laptop 16 inch,MSI,Laptop,68080.0,36,590,4.3,94821,490578
34,Asus Gaming Laptop 14 inch,Asus,Laptop,142841.0,6,99,4.2,53364,99929
35,MSI Gaming Laptop 16 inch,MSI,Laptop,86438.0,46,55,4.1,61223,452999
36,MSI Gaming Laptop 13 inch,MSI,Laptop,47944.0,6,254,4.1,44483,419841
37,Dell Gaming Laptop 14 inch,Dell,Laptop,110292.0,17,473,4.2,55306,96300
38,Dell Gaming Laptop 13 inch,Dell,Laptop,98082.0,3,667,4.7,72142,51432
39,Acer Gaming Laptop 13 inch,Acer,Laptop,52224.0,26,497,4.9,30992,87294
40,Asus Gaming Laptop 14 inch,Asus,Laptop,92565.0,0,399,4.9,21589,198791
41,Lenovo Gaming Laptop 16 inch,Lenovo,Laptop,77388.0,35,677,4.1,95758,410807
42,MSI Gaming Laptop 16 inch,MSI,Laptop,60289.0,37,753,3.8,28544,30762
43,Acer Gaming Laptop 13 inch,Acer,Laptop,138038.0,30,514,4.0,6582,306377
44,Acer Gaming Laptop 14 inch,Acer,Laptop,47455.0,11,70,4.9,10510,446448
45,Acer Gaming Laptop 13 inch,Acer,Laptop,128501.0,36,252,4.8,52933,62955
46,Acer Gaming Laptop 17 inch,Acer,Laptop,45209.0,37,578,4.4,54958,344752
47,Acer Gaming Laptop 15 inch,Acer,Laptop,74179.0,15,271,3.8,93882,164822
48,Asus Gaming Laptop 14 inch,Asus,Laptop,128039.0,48,958,4.5,59939,165867
49,HP Gaming Laptop 13 inch,HP,Laptop,100068.0,4,550,4.4,73802,52518
50,Dell Gaming Laptop 17 inch,Dell,Laptop,74760.0,4,900,3.7,45755,461926
51,Dell Gaming Laptop 15 inch,Dell,Laptop,77353.0,19,626,3.7,71210,368957
52,MSI Gaming Laptop 17 inch,MSI,Laptop,41025.0,42,106,4.5,72702,157060
53,Dell Gaming Laptop 15 inch,Dell,Laptop,55129.0,9,278,4.8,97320,290148
54,Lenovo Gaming Laptop 17 inch,Lenovo,Laptop,67607.0,40,873,4.6,26695,360546
55,Lenovo Gaming Laptop 17 inch,Lenovo,Laptop,104032.0,40,433,3.9,6668,48490
56,Lenovo Gaming Laptop 13 inch,Lenovo,Laptop,40464.0,16,165,4.0,17156,334130
57,MSI Gaming Laptop 16 inch,MSI,Laptop,112309.0,7,77,4.6,73529,5169
58,MSI Gaming Laptop 14 inch,MSI,Laptop,111511.0,35,151,3.6,48403,305502
59,Asus Gaming Laptop 14 inch,Asus,Laptop,45482.0,22,215,4.0,5239,471395
60,MSI Gaming Laptop 14 inch,MSI,Laptop,127416.0,26,997,3.7,73395,463641
61,Acer Gaming Laptop 14 inch,Acer,Laptop,71029.0,26,25,4.8,23216,462215
62,Dell Gaming Laptop 15 inch,Dell,Laptop,142548.0,47,830,4.9,87816,453118
63,Dell Gaming Laptop 15 inch,Dell,Laptop,60866.0,2,879,4.7,14178,200662
64,Asus Gaming Laptop 14 inch,Asus,Laptop,66158.0,19,840,4.7,60342,183421
65,Dell Gaming Laptop 14 inch,Dell,Laptop,43101.0,17,885,4.5,52237,172203
66,HP Gaming Laptop 15 inch,HP,Laptop,86025.0,34,339,4.5,52396,356363
67,HP Gaming Laptop 13 inch,HP,Laptop,74237.0,6,610,3.8,34805,20157
68,Asus Gaming Laptop 15 inch,Asus,Laptop,135491.0,32,118,4.7,57209,317928
69,Asus Gaming Laptop 17 inch,Asus,Laptop,64914.0,0,532,3.9,92911,228719
70,Acer Gaming Laptop 14 inch,Acer,Laptop,87739.0,21,638,4.1,87072,482849
71,Lenovo Gaming Laptop 13 inch,Lenovo,Laptop,134339.0,42,418,4.9,66479,162254
72,Lenovo Gaming Laptop 16 inch,Lenovo,Laptop,131384.0,26,680,3.9,16693,100679
73,Asus Gaming Laptop 14 inch,Asus,Laptop,120676.0,0,311,4.4,53235,287376
74,Lenovo Gaming Laptop 14 inch,Lenovo,Laptop,96346.0,20,476,4.7,79526,343354
75,Asus Gaming Laptop 16 inch,Asus,Laptop,128555.0,50,753,3.8,62031,416245
76,Dell Gaming Laptop 13 inch,Dell,Laptop,77196.0,21,95,4.3,82970,324771
77,Dell Gaming Laptop 15 inch,Dell,Laptop,69444.0,2,250,4.7,19323,12905
78,Asus Gaming Laptop 17 inch,Asus,Laptop,140727.0,40,589,3.6,54331,464690
79,Dell Gaming Laptop 16 inch,Dell,Laptop,104799.0,44,5,4.1,19352,344063
80,HP Gaming Laptop 16 inch,HP,Laptop,68683.0,29,51,3.8,91224,271659
81,Acer Gaming Laptop 14 inch,Acer,Laptop,55906.0,33,572,4.2,60911,350102
82,Acer Gaming Laptop 15 inch,Acer,Laptop,138992.0,46,913,4.8,80311,427398
83,Acer Gaming Laptop 16 inch,Acer,Laptop,148864.0,10,761,4.9,58456,470495
84,Asus Gaming Laptop 16 inch,Asus,Laptop,73972.0,49,796,4.6,83589,145491
85,Acer Gaming Laptop 16 inch,Acer,Laptop,122149.0,45,292,3.9,57664,40723
86,Dell Gaming Laptop 15 inch,Dell,Laptop,84020.0,8,154,4.0,70808,42345
87,Dell Gaming Laptop 16 inch,Dell,Laptop,130957.0,26,417,3.7,28053,33774
88,Lenovo Gaming Laptop 17 inch,Lenovo,Laptop,101069.0,26,398,4.1,27120,436774
89,Acer Gaming Laptop 13 inch,Acer,Laptop,140348.0,22,305,4.4,62528,3191
90,Asus Gaming Laptop 16 inch,Asus,Laptop,110545.0,38,919,4.6,71592,419461
91,Dell Gaming Laptop 16 inch,Dell,Laptop,68760.0,24,344,3.9,63664,15317
92,MSI Gaming Laptop 16 inch,MSI,Laptop,134919.0,8,637,3.7,61271,482204
93,Acer Gaming Laptop 13 inch,Acer,Laptop,91645.0,5,658,4.4,86910,14309
94,Asus Gaming Laptop 14 inch,Asus,Laptop,100515.0,20,216,3.8,34109,198859
95,Asus Gaming Laptop 15 inch,Asus,Laptop,84236.0,48,974,4.6,49702,145986
96,Asus Gaming Laptop 15 inch,Asus,Laptop,149433.0,34,53,3.6,2550,392804
97,Lenovo Gaming Laptop 14 inch,Lenovo,Laptop,125215.0,48,31,3.6,85436,21206
98,Dell Gaming Laptop 14 inch,Dell,Laptop,149999.0,8,484,3.5,19983,125166
99,MSI Gaming Laptop 13 inch,MSI,Laptop,113920.0,16,785,4.9,60962,366821
100,Lenovo Gaming Laptop 14 inch,Lenovo,Laptop,119415.0,7,796,4.4,98042,376726
101,Dell Gaming Laptop 15 inch,Dell,Laptop,54168.0,43,929,4.4,40898,301983
102,Asus Gaming Laptop 16 inch,Asus,Laptop,133718.0,40,248,3.8,77617,362180
103,HP Gaming Laptop 15 inch,HP,Laptop,129687.0,36,801,4.4,15876,417552
104,HP Gaming Laptop 15 inch,HP,Laptop,109827.0,32,663,4.1,48581,36253
105,Lenovo Gaming Laptop 13 inch,Lenovo,Laptop,95057.0,23,650,4.7,13843,227391
106,Asus Gaming Laptop 14 inch,Asus,Laptop,97080.0,17,630,3.8,68396,341127
107,Acer Gaming Laptop 16 inch,Acer,Laptop,100931.0,17,330,4.2,95827,310727
108,Dell Gaming Laptop 13 inch,Dell,Laptop,76559.0,29,583,4.8,31973,393565
109,Acer Gaming Laptop 16 inch,Acer,Laptop,84092.0,31,217,3.5,42610,95436
110,Lenovo Gaming Laptop 15 inch,Lenovo,Laptop,84608.0,17,569,3.9,78149,367722
111,HP Gaming Laptop 17 inch,HP,Laptop,65042.0,31,568,3.6,94391,213185
112,Dell Gaming Laptop 16 inch,Dell,Laptop,124659.0,1,95,4.6,58753,415825
113,Lenovo Gaming Laptop 14 inch,Lenovo,Laptop,93005.0,37,377,4.5,40145,348206
114,Asus Gaming Laptop 17 inch,Asus,Laptop,109588.0,21,360,4.0,97781,288662
115,MSI Gaming Laptop 16 inch,MSI,Laptop,75509.0,46,197,4.0,30227,63358
116,Lenovo Gaming Laptop 13 inch,Lenovo,Laptop,137370.0,11,196,4.3,99911,361944
117,Dell Gaming Laptop 16 inch,Dell,Laptop,76241.0,38,289,4.6,99651,275160
118,HP Gaming Laptop 14 inch,HP,Laptop,78829.0,0,725,3.8,23529,158575
119,Acer Gaming Laptop 14 inch,Acer,Laptop,75954.0,18,714,3.6,7156,290219
120,Dell Gaming Laptop 16 inch,Dell,Laptop,53446.0,30,490,4.8,75253,149175
121,Asus Gaming Laptop 15 inch,Asus,Laptop,64164.0,30,116,4.9,33102,493488
122,HP Gaming Laptop 16 inch,HP,Laptop,104454.0,3,155,3.6,82512,359998
123,Dell Gaming Laptop 17 inch,Dell,Laptop,79824.0,35,782,3.6,32540,62202
124,Asus Gaming Laptop 17 inch,Asus,Laptop,118135.0,33,389,4.7,29591,406786
125,Asus Gaming Laptop 16 inch,Asus,Laptop,78974.0,36,635,4.8,56217,160207
126,HP Gaming Laptop 17 inch,HP,Laptop,137004.0,40,216,3.6,99983,109040
127,Lenovo Gaming Laptop 13 inch,Lenovo,Laptop,60585.0,10,2,3.9,72360,39455
128,Asus Gaming Laptop 16 inch,Asus,Laptop,130357.0,14,295,4.4,38185,17212
129,MSI Gaming Laptop 15 inch,MSI,Laptop,132141.0,14,946,4.8,9339,360487
130,Lenovo Gaming Laptop 17 inch,Lenovo,Laptop,126662.0,7,557,4.7,25938,222995
131,Dell Gaming Laptop 14 inch,Dell,Laptop,74816.0,10,811,4.7,9369,31367
132,Lenovo Gaming Laptop 17 inch,Lenovo,Laptop,138167.0,7,479,4.7,37838,230342
133,MSI Gaming Laptop 15 inch,MSI,Laptop,131715.0,34,505,4.1,35693,262491
134,Asus Gaming Laptop 13 inch,Asus,Laptop,118385.0,20,618,3.6,56636,385207
135,Lenovo Gaming Laptop 13 inch,Lenovo,Laptop,51970.0,36,601,3.8,88391,438383
136,HP Gaming Laptop 15 inch,HP,Laptop,115529.0,30,531,3.6,99135,91950
137,MSI Gaming Laptop 16 inch,MSI,Laptop,76458.0,40,833,3.8,76730,228629
138,Asus Gaming Laptop 13 inch,Asus,Laptop,101605.0,42,107,4.0,43697,168426
139,Dell Gaming Laptop 15 inch,Dell,Laptop,93955.0,25,833,4.5,37787,347484
140,Acer Gaming Laptop 13 inch,Acer,Laptop,99614.0,7,993,3.6,33092,169588
141,Asus Gaming Laptop 17 inch,Asus,Laptop,148124.0,34,473,5.0,86210,455898
142,Asus Gaming Laptop 13 inch,Asus,Laptop,64586.0,31,640,4.3,81619,396694
143,Asus Gaming Laptop 13 inch,Asus,Laptop,66680.0,18,448,3.9,17182,486467
144,MSI Gaming Laptop 16 inch,MSI,Laptop,55915.0,15,726,3.5,82588,319324
145,Dell Gaming Laptop 15 inch,Dell,Laptop,112199.0,14,861,3.5,53486,48968
146,HP Gaming Laptop 16 inch,HP,Laptop,55396.0,45,298,4.5,20191,261392
147,Acer Gaming Laptop 15 inch,Acer,Laptop,94459.0,29,564,4.8,61904,127885
148,Dell Gaming Laptop 16 inch,Dell,Laptop,64983.0,8,884,4.9,66626,391372
149,HP Gaming Laptop 15 inch,HP,Laptop,141276.0,50,519,4.7,54397,178292
150,Lenovo Gaming Laptop 13 inch,Lenovo,Laptop,77072.0,42,501,4.6,76941,304146
151,Dell Gaming Laptop 16 inch,Dell,Laptop,110592.0,48,556,4.2,43583,289463
152,Asus Gaming Laptop 16 inch,Asus,Laptop,82176.0,36,392,4.8,91432,125302
153,Dell Gaming Laptop 16 inch,Dell,Laptop,45720.0,24,395,4.0,62003,369842
154,MSI Gaming Laptop 14 inch,MSI,Laptop,104923.0,37,339,4.9,16557,263445
155,HP Gaming Laptop 16 inch,HP,Laptop,53069.0,46,147,4.3,59900,8146
156,Asus Gaming Laptop 14 inch,Asus,Laptop,49807.0,39,709,4.2,34747,177603
157,Asus Gaming Laptop 13 inch,Asus,Laptop,83065.0,20,641,4.8,69952,199334
158,MSI Gaming Laptop 16 inch,MSI,Laptop,110912.0,40,700,3.6,8978,123187
159,Lenovo Gaming Laptop 14 inch,Lenovo,Laptop,137880.0,40,720,3.6,12913,398752
160,HP Gaming Laptop 16 inch,HP,Laptop,61805.0,20,815,4.5,3804,24212
161,HP Gaming Laptop 15 inch,HP,Laptop,86984.0,33,421,4.1,19090,128129
162,Acer Gaming Laptop 14 inch,Acer,Laptop,62280.0,24,634,3.8,79897,456670
163,MSI Gaming Laptop 14 inch,MSI,Laptop,105230.0,29,653,4.9,18768,121833
164,Lenovo Gaming Laptop 16 inch,Lenovo,Laptop,73466.0,18,693,4.5,60991,472593
165,Acer Gaming Laptop 14 inch,Acer,Laptop,49681.0,19,654,4.2,45303,308156
166,Asus Gaming Laptop 15 inch,Asus,Laptop,99878.0,30,109,4.8,26121,201790
167,Dell Gaming Laptop 16 inch,Dell,Laptop,114963.0,18,22,4.0,38790,366723
168,MSI Gaming Laptop 16 inch,MSI,Laptop,75976.0,47,996,3.5,89899,408159
169,HP Gaming Laptop 17 inch,HP,Laptop,137671.0,14,621,4.2,37522,406811
170,Lenovo Gaming Laptop 14 inch,Lenovo,Laptop,123442.0,48,738,3.8,32860,355443
171,MSI Gaming Laptop 14 inch,MSI,Laptop,122345.0,2,316,3.6,82252,338968
172,Asus Gaming Laptop 13 inch,Asus,Laptop,115965.0,18,334,4.0,17234,47355
173,MSI Gaming Laptop 16 inch,MSI,Laptop,63021.0,23,543,3.8,70711,459617
174,Acer Gaming Laptop 15 inch,Acer,Laptop,148851.0,18,764,3.7,63166,422932
175,Lenovo Gaming Laptop 13 inch,Lenovo,Laptop,101385.0,14,880,4.9,18459,395492
176,MSI Gaming Laptop 16 inch,MSI,Laptop,145458.0,25,14,4.3,11846,414645
177,Lenovo Gaming Laptop 17 inch,Lenovo,Laptop,56199.0,43,268,4.2,88198,392797
178,Acer Gaming Laptop 16 inch,Acer,Laptop,147795.0,43,239,4.5,48699,56904
179,Asus Gaming Laptop 13 inch,Asus,Laptop,121205.0,39,226,4.8,73594,172069
180,MSI Gaming Laptop 13 inch,MSI,Laptop,123283.0,41,418,4.7,91901,158534
181,HP Gaming Laptop 14 inch,HP,Laptop,45943.0,7,99,4.9,39903,258377
182,Dell Gaming Laptop 17 inch,Dell,Laptop,57781.0,47,713,4.1,48639,351627
183,Acer Gaming Laptop 16 inch,Acer,Laptop,116983.0,26,670,4.6,20263,464311
184,HP Gaming Laptop 16 inch,HP,Laptop,120694.0,44,379,4.1,36676,17252
185,Dell Gaming Laptop 16 inch,Dell,Laptop,98287.0,43,376,4.9,47547,52190
186,Acer Gaming Laptop 15 inch,Acer,Laptop,47936.0,29,93,4.1,24888,64146
187,MSI Gaming Laptop 14 inch,MSI,Laptop,124109.0,50,341,4.5,2809,26617
188,Dell Gaming Laptop 14 inch,Dell,Laptop,143150.0,48,567,4.3,9002,435163
189,Dell Gaming Laptop 17 inch,Dell,Laptop,68305.0,49,151,4.7,30549,172359
190,Acer Gaming Laptop 13 inch,Acer,Laptop,76342.0,34,256,4.8,18974,68253
191,Dell Gaming Laptop 13 inch,Dell,Laptop,126646.0,22,808,4.8,17285,7891
192,Dell Gaming Laptop 17 inch,Dell,Laptop,82437.0,8,759,3.5,34792,27572
193,Asus Gaming Laptop 17 inch,Asus,Laptop,54896.0,49,370,4.6,62432,235125
194,Acer Gaming Laptop 17 inch,Acer,Laptop,54293.0,39,44,4.2,29048,495770
195,MSI Gaming Laptop 17 inch,MSI,Laptop,79535.0,30,867,4.2,4092,31990
196,Asus Gaming Laptop 16 inch,Asus,Laptop,129928.0,28,75,3.7,93385,477045
197,HP Gaming Laptop 15 inch,HP,Laptop,119730.0,39,648,3.7,16550,144287
198,Acer Gaming Laptop 17 inch,Acer,Laptop,133343.0,18,464,4.0,78311,278264
199,Acer Gaming Laptop 17 inch,Acer,Laptop,96387.0,41,666,3.6,91993,60085
200,Acer Gaming Laptop 14 inch,Acer,Laptop,96370.0,21,847,4.2,29959,217057
201,Asus Gaming Laptop 16 inch,Asus,Laptop,94524.0,20,681,4.6,40976,223847
202,Lenovo Gaming Laptop 15 inch,Lenovo,Laptop,60006.0,5,851,4.5,62173,35297
203,HP Gaming Laptop 13 inch,HP,Laptop,96606.0,8,569,3.6,96845,195474
204,HP Gaming Laptop 17 inch,HP,Laptop,113608.0,26,362,4.3,87829,64184
205,MSI Gaming Laptop 16 inch,MSI,Laptop,134510.0,19,360,3.6,37710,314887
206,HP Gaming Laptop 17 inch,HP,Laptop,106507.0,14,867,3.8,86089,252906
207,HP Gaming Laptop 15 inch,HP,Laptop,112910.0,36,231,4.1,99966,146149
208,Asus Gaming Laptop 17 inch,Asus,Laptop,140588.0,41,570,4.7,80432,353982
209,HP Gaming Laptop 17 inch,HP,Laptop,126223.0,11,279,4.7,35064,15279
210,MSI Gaming Laptop 15 inch,MSI,Laptop,84541.0,9,579,4.0,23787,456158
211,MSI Gaming Laptop 16 inch,MSI,Laptop,49120.0,5,764,3.7,83001,16173
212,Acer Gaming Laptop 14 inch,Acer,Laptop,89308.0,23,319,4.1,44691,82627
213,MSI Gaming Laptop 15 inch,MSI,Laptop,141821.0,3,159,4.9,78158,44641
214,Dell Gaming Laptop 17 inch,Dell,Laptop,46522.0,42,434,4.5,35675,232418
215,Asus Gaming Laptop 17 inch,Asus,Laptop,97939.0,32,116,4.1,28265,395907
216,Lenovo Gaming Laptop 16 inch,Lenovo,Laptop,54534.0,31,539,3.9,88940,311073
217,MSI Gaming Laptop 15 inch,MSI,Laptop,45952.0,0,209,3.8,78564,28821
218,Lenovo Gaming Laptop 14 inch,Lenovo,Laptop,140578.0,20,122,3.7,33501,151853
219,HP Gaming Laptop 16 inch,HP,Laptop,137912.0,34,720,4.1,16942,199438
220,Dell Gaming Laptop 17 inch,Dell,Laptop,113233.0,25,882,4.8,46431,37888
221,MSI Gaming Laptop 13 inch,MSI,Laptop,97176.0,20,589,3.5,10215,452093
222,Asus Gaming Laptop 17 inch,Asus,Laptop,93008.0,7,414,4.6,54757,151889
223,HP Gaming Laptop 15 inch,HP,Laptop,62527.0,44,941,4.7,81028,241323
224,Lenovo Gaming Laptop 13 inch,Lenovo,Laptop,97240.0,37,410,4.8,31901,228519
225,Acer Gaming Laptop 13 inch,Acer,Laptop,91873.0,14,341,4.8,97764,178102
226,Dell Gaming Laptop 13 inch,Dell,Laptop,106910.0,12,927,4.4,69557,267461
227,Lenovo Gaming Laptop 15 inch,Lenovo,Laptop,135339.0,9,241,4.9,84609,427414
228,HP Gaming Laptop 14 inch,HP,Laptop,73550.0,48,777,3.8,78967,80247
229,MSI Gaming Laptop 13 inch,MSI,Laptop,63218.0,29,772,4.9,82316,259159
230,Acer Gaming Laptop 17 inch,Acer,Laptop,98838.0,40,639,4.5,73999,337212
231,Lenovo Gaming Laptop 15 inch,Lenovo,Laptop,59786.0,40,310,4.2,61472,231944
232,Lenovo Gaming Laptop 17 inch,Lenovo,Laptop,47362.0,29,462,4.0,9734,162843
233,HP Gaming Laptop 13 inch,HP,Laptop,88331.0,5,629,4.7,10067,338090
234,Acer Gaming Laptop 17 inch,Acer,Laptop,90394.0,47,917,4.2,72665,415240
235,HP Gaming Laptop 16 inch,HP,Laptop,146144.0,38,487,4.4,24682,168672
236,Acer Gaming Laptop 14 inch,Acer,Laptop,48109.0,5,516,4.2,45025,374607
237,MSI Gaming Laptop 14 inch,MSI,Laptop,45130.0,33,535,3.9,57387,230483
238,Acer Gaming Laptop 14 inch,Acer,Laptop,87696.0,26,793,4.1,37089,203217
239,Lenovo Gaming Laptop 17 inch,Lenovo,Laptop,46863.0,4,337,4.7,84853,175552
240,HP Gaming Laptop 17 inch,HP,Laptop,128916.0,42,987,4.1,33039,379544
241,Acer Gaming Laptop 14 inch,Acer,Laptop,83694.0,22,317,3.6,86990,74249
242,MSI Gaming Laptop 16 inch,MSI,Laptop,56901.0,35,385,4.4,11114,162410
243,MSI Gaming Laptop 15 inch,MSI,Laptop,146585.0,47,701,3.7,92131,434713
244,Acer Gaming Laptop 13 inch,Acer,Laptop,124675.0,1,371,4.5,66658,189802
245,Lenovo Gaming Laptop 14 inch,Lenovo,Laptop,68074.0,14,140,4.0,63746,100766
246,Dell Gaming Laptop 13 inch,Dell,Laptop,78770.0,49,552,4.8,13266,266275
247,MSI Gaming Laptop 17 inch,MSI,Laptop,44947.0,38,385,4.5,81016,68807
248,Dell Gaming Laptop 14 inch,Dell,Laptop,63703.0,10,738,4.7,81895,424271
249,Asus Gaming Laptop 13 inch,Asus,Laptop,93852.0,28,625,4.0,94327,124634
250,Lenovo Gaming Laptop 16 inch,Lenovo,Laptop,70671.0,50,480,4.3,40572,424051
251,Dell Gaming Laptop 15 inch,Dell,Laptop,128907.0,49,288,4.9,57759,242153
252,Asus Gaming Laptop 17 inch,Asus,Laptop,109135.0,12,820,4.1,21251,428386
253,Acer Gaming Laptop 14 inch,Acer,Laptop,72768.0,23,567,3.6,63001,458389
254,HP Gaming Laptop 17 inch,HP,Laptop,56341.0,28,927,3.9,21022,143121
255,Acer Gaming Laptop 14 inch,Acer,Laptop,148926.0,28,905,4.2,29112,428287
256,Lenovo Gaming Laptop 13 inch,Lenovo,Laptop,94381.0,15,395,3.6,65809,196163
257,HP Gaming Laptop 15 inch,HP,Laptop,69430.0,45,665,3.5,12997,440070
258,Lenovo Gaming Laptop 14 inch,Lenovo,Laptop,58035.0,8,777,3.6,61935,365042
259,MSI Gaming Laptop 16 inch,MSI,Laptop,98799.0,16,220,4.4,10394,10063
260,Dell Gaming Laptop 17 inch,Dell,Laptop,135320.0,49,295,4.4,55486,58393
261,Dell Gaming Laptop 15 inch,Dell,Laptop,55970.0,50,637,3.6,55037,335094
262,Asus Gaming Laptop 13 inch,Asus,Laptop,54530.0,34,16,4.8,65523,312963
263,MSI Gaming Laptop 17 inch,MSI,Laptop,115372.0,27,1,3.9,18828,152810
264,Acer Gaming Laptop 15 inch,Acer,Laptop,71531.0,42,87,4.4,24561,348421
265,Acer Gaming Laptop 15 inch,Acer,Laptop,48870.0,50,519,4.9,71323,266085
266,Acer Gaming Laptop 13 inch,Acer,Laptop,91177.0,24,382,4.8,5716,333374
267,Lenovo Gaming Laptop 13 inch,Lenovo,Laptop,86805.0,46,672,4.7,45203,126519
268,MSI Gaming Laptop 13 inch,MSI,Laptop,141122.0,8,45,4.4,99189,174435
269,Lenovo Gaming Laptop 17 inch,Lenovo,Laptop,84374.0,49,701,4.7,22959,435460
270,Asus Gaming Laptop 16 inch,Asus,Laptop,122802.0,45,794,3.8,17685,33182
271,Asus Gaming Laptop 13 inch,Asus,Laptop,78462.0,2,323,3.8,26154,464509
272,Lenovo Gaming Laptop 17 inch,Lenovo,Laptop,92196.0,16,37,5.0,71186,248297
273,MSI Gaming Laptop 14 inch,MSI,Laptop,77501.0,41,339,4.0,6275,454027
274,Lenovo Gaming Laptop 13 inch,Lenovo,Laptop,144771.0,28,916,4.1,52441,389807
275,Asus Gaming Laptop 15 inch,Asus,Laptop,64486.0,33,273,4.2,65221,192695
276,HP Gaming Laptop 16 inch,HP,Laptop,50345.0,18,328,4.1,23662,286085
277,HP Gaming Laptop 13 inch,HP,Laptop,82981.0,38,734,4.5,40183,233888
278,Asus Gaming Laptop 14 inch,Asus,Laptop,130408.0,46,890,4.2,58616,22306
279,Lenovo Gaming Laptop 17 inch,Lenovo,Laptop,97008.0,42,652,3.9,7528,39443
280,Asus Gaming Laptop 15 inch,Asus,Laptop,107251.0,1,146,4.7,89061,83979
281,Acer Gaming Laptop 16 inch,Acer,Laptop,44561.0,41,375,3.7,30942,408266
282,Lenovo Gaming Laptop 16 inch,Lenovo,Laptop,114349.0,28,971,3.5,20121,356124
283,Lenovo Gaming Laptop 15 inch,Lenovo,Laptop,98188.0,33,375,4.6,75235,72291
284,Asus Gaming Laptop 15 inch,Asus,Laptop,125139.0,47,190,3.9,14879,13686
285,Asus Gaming Laptop 17 inch,Asus,Laptop,90723.0,49,266,4.9,15445,137346
286,MSI Gaming Laptop 16 inch,MSI,Laptop,68124.0,31,204,5.0,37441,363945
287,HP Gaming Laptop 14 inch,HP,Laptop,49706.0,5,829,4.2,93512,233466
288,MSI Gaming Laptop 15 inch,MSI,Laptop,127535.0,34,297,4.0,8521,288456
289,Lenovo Gaming Laptop 14 inch,Lenovo,Laptop,133298.0,11,812,4.6,91789,334438
290,Lenovo Gaming Laptop 17 inch,Lenovo,Laptop,69391.0,8,242,3.7,26352,415370
291,Asus Gaming Laptop 13 inch,Asus,Laptop,87303.0,35,132,4.3,48363,245155
292,Acer Gaming Laptop 13 inch,Acer,Laptop,48617.0,30,538,4.0,93979,376994
293,Asus Gaming Laptop 16 inch,Asus,Laptop,147916.0,41,75,4.4,16436,166313
294,Asus Gaming Laptop 16 inch,Asus,Laptop,129143.0,49,564,4.3,16831,460403
295,MSI Gaming Laptop 17 inch,MSI,Laptop,63850.0,32,932,4.7,16922,226916
296,HP Gaming Laptop 13 inch,HP,Laptop,107908.0,20,957,3.7,21591,85017
297,MSI Gaming Laptop 14 inch,MSI,Laptop,85353.0,18,866,4.9,68022,469298
298,HP Gaming Laptop 15 inch,HP,Laptop,65729.0,8,640,4.5,72209,143991
299,Lenovo Gaming Laptop 17 inch,Lenovo,Laptop,109924.0,37,964,3.6,84025,88513
300,Acer Gaming Laptop 14 inch,Acer,Laptop,62439.0,38,345,4.5,94464,473008
301,Acer Gaming Laptop 13 inch,Acer,Laptop,148165.0,41,789,4.8,10656,23935
302,Acer Gaming Laptop 15 inch,Acer,Laptop,125344.0,39,654,3.8,75001,218511
303,HP Gaming Laptop 16 inch,HP,Laptop,122203.0,30,250,4.3,84146,158484
304,MSI Gaming Laptop 16 inch,MSI,Laptop,78985.0,10,450,4.2,90267,31511
305,Asus Gaming Laptop 16 inch,Asus,Laptop,100875.0,20,882,3.8,79526,75423
306,MSI Gaming Laptop 15 inch,MSI,Laptop,136233.0,8,778,5.0,45278,209142
307,Lenovo Gaming Laptop 17 inch,Lenovo,Laptop,113616.0,7,273,3.7,31695,244665
308,Asus Gaming Laptop 14 inch,Asus,Laptop,58465.0,24,884,3.6,38048,495753
309,Acer Gaming Laptop 16 inch,Acer,Laptop,72541.0,20,956,4.9,20942,426596
310,Acer Gaming Laptop 15 inch,Acer,Laptop,64881.0,29,510,4.6,65318,269964
311,Lenovo Gaming Laptop 16 inch,Lenovo,Laptop,43037.0,29,989,3.6,51553,265098
312,Dell Gaming Laptop 14 inch,Dell,Laptop,116460.0,31,611,4.0,6634,147611
313,MSI Gaming Laptop 16 inch,MSI,Laptop,77453.0,8,903,4.3,14099,226030
314,Lenovo Gaming Laptop 15 inch,Lenovo,Laptop,140120.0,3,583,4.1,5940,210120
315,Acer Gaming Laptop 14 inch,Acer,Laptop,87516.0,32,461,4.3,9647,202658
316,Acer Gaming Laptop 15 inch,Acer,Laptop,148175.0,7,131,5.0,89191,320462
317,HP Gaming Laptop 16 inch,HP,Laptop,88915.0,23,773,4.7,44454,292564
318,Dell Gaming Laptop 14 inch,Dell,Laptop,118966.0,2,39,4.3,65556,21205
319,Dell Gaming Laptop 15 inch,Dell,Laptop,145377.0,38,914,4.2,59908,78187
320,Acer Gaming Laptop 14 inch,Acer,Laptop,82987.0,25,631,4.9,41760,85297
321,MSI Gaming Laptop 15 inch,MSI,Laptop,117820.0,31,725,4.0,66819,279199
322,Acer Gaming Laptop 15 inch,Acer,Laptop,102245.0,43,112,4.7,48291,173764
323,Asus Gaming Laptop 17 inch,Asus,Laptop,80327.0,44,644,4.7,95079,457331
324,HP Gaming Laptop 17 inch,HP,Laptop,102205.0,49,592,3.9,85939,410567
325,Acer Gaming Laptop 14 inch,Acer,Laptop,134555.0,33,644,3.6,62983,89497
326,MSI Gaming Laptop 17 inch,MSI,Laptop,141529.0,43,248,4.8,19379,430887
327,HP Gaming Laptop 17 inch,HP,Laptop,131818.0,20,428,3.7,2492,231331
328,Dell Gaming Laptop 16 inch,Dell,Laptop,130505.0,39,942,3.8,65784,406408
329,Asus Gaming Laptop 13 inch,Asus,Laptop,132507.0,20,678,3.7,27186,294166
330,Asus Gaming Laptop 17 inch,Asus,Laptop,89391.0,34,350,4.0,22709,241096
331,Acer Gaming Laptop 15 inch,Acer,Laptop,128587.0,41,822,4.7,94503,357006
332,MSI Gaming Laptop 15 inch,MSI,Laptop,119963.0,35,305,4.2,32321,146379
333,Dell Gaming Laptop 15 inch,Dell,Laptop,141079.0,45,500,3.9,27178,361984
334,Lenovo Gaming Laptop 16 inch,Lenovo,Laptop,85718.0,18,124,4.3,94599,143470
335,Acer Gaming Laptop 17 inch,Acer,Laptop,89767.0,22,977,4.8,51722,429165
336,Dell Gaming Laptop 15 inch,Dell,Laptop,45513.0,22,946,3.9,93613,41534
337,Asus Gaming Laptop 15 inch,Asus,Laptop,137955.0,34,277,4.2,26495,434185
338,Acer Gaming Laptop 15 inch,Acer,Laptop,57992.0,15,248,3.7,97120,307768
339,HP Gaming Laptop 17 inch,HP,Laptop,69579.0,26,338,4.5,6890,52632
340,MSI Gaming Laptop 16 inch,MSI,Laptop,53178.0,35,951,4.5,18028,2816
341,Dell Gaming Laptop 16 inch,Dell,Laptop,125575.0,41,204,4.9,62360,250420
342,Lenovo Gaming Laptop 15 inch,Lenovo,Laptop,77409.0,36,237,4.5,11735,342092
343,Acer Gaming Laptop 13 inch,Acer,Laptop,62946.0,2,856,4.1,23050,489744
344,Asus Gaming Laptop 16 inch,Asus,Laptop,64420.0,2,9,4.9,37951,459765
345,Lenovo Gaming Laptop 17 inch,Lenovo,Laptop,119007.0,29,656,3.7,43924,149292
346,Acer Gaming Laptop 17 inch,Acer,Laptop,104738.0,32,479,4.8,17599,446300
347,Lenovo Gaming Laptop 14 inch,Lenovo,Laptop,146012.0,29,663,3.7,21308,383417
348,Lenovo Gaming Laptop 14 inch,Lenovo,Laptop,41846.0,43,775,4.6,38679,297780
349,Dell Gaming Laptop 14 inch,Dell,Laptop,120079.0,27,527,4.8,53158,433680
350,Lenovo Gaming Laptop 13 inch,Lenovo,Laptop,92538.0,30,331,4.5,24229,73821
351,Dell Gaming Laptop 13 inch,Dell,Laptop,74181.0,17,976,4.1,58564,395285
352,Lenovo Gaming Laptop 15 inch,Lenovo,Laptop,116344.0,41,368,4.6,1508,137229
353,MSI Gaming Laptop 14 inch,MSI,Laptop,48142.0,10,415,4.5,61010,160954
354,MSI Gaming Laptop 17 inch,MSI,Laptop,132216.0,40,938,4.7,90487,61659
355,Lenovo Gaming Laptop 15 inch,Lenovo,Laptop,120560.0,9,465,3.8,17517,250805
356,MSI Gaming Laptop 17 inch,MSI,Laptop,88971.0,30,775,4.1,71999,478668
357,Acer Gaming Laptop 14 inch,Acer,Laptop,139858.0,50,83,3.9,98935,312478
358,Acer Gaming Laptop 16 inch,Acer,Laptop,109228.0,36,114,4.6,10247,481000
359,HP Gaming Laptop 17 inch,HP,Laptop,106255.0,10,335,3.8,70351,78665
360,Acer Gaming Laptop 16 inch,Acer,Laptop,55235.0,31,93,4.5,93977,305837
361,Acer Gaming Laptop 16 inch,Acer,Laptop,145996.0,26,467,3.6,17304,269189
362,Acer Gaming Laptop 13 inch,Acer,Laptop,113242.0,1,405,4.2,40402,379307
363,Lenovo Gaming Laptop 13 inch,Lenovo,Laptop,137754.0,27,352,3.8,9582,23844
364,MSI Gaming Laptop 13 inch,MSI,Laptop,110931.0,30,32,5.0,9056,489667
365,Lenovo Gaming Laptop 16 inch,Lenovo,Laptop,63590.0,41,986,4.7,84095,382457
366,Asus Gaming Laptop 15 inch,Asus,Laptop,90132.0,5,699,4.2,49489,197046
367,MSI Gaming Laptop 17 inch,MSI,Laptop,57431.0,11,550,4.5,45592,62297
368,Asus Gaming Laptop 17 inch,Asus,Laptop,56691.0,0,774,4.6,29198,437786
369,HP Gaming Laptop 15 inch,HP,Laptop,100686.0,34,388,4.5,71371,222465
370,Dell Gaming Laptop 14 inch,Dell,Laptop,100375.0,46,783,4.0,36139,98918
371,HP Gaming Laptop 13 inch,HP,Laptop,146099.0,1,246,4.5,80609,401732
372,Dell Gaming Laptop 13 inch,Dell,Laptop,53224.0,43,720,4.4,58525,313511
373,HP Gaming Laptop 14 inch,HP,Laptop,137064.0,34,222,3.6,57545,122961
374,HP Gaming Laptop 14 inch,HP,Laptop,106046.0,46,589,5.0,30702,427806
375,Lenovo Gaming Laptop 17 inch,Lenovo,Laptop,118370.0,19,897,4.7,42040,124305
376,Dell Gaming Laptop 17 inch,Dell,Laptop,68972.0,35,971,4.1,36074,32059
377,Acer Gaming Laptop 14 inch,Acer,Laptop,122050.0,3,995,4.5,72866,259948
378,Lenovo Gaming Laptop 16 inch,Lenovo,Laptop,142996.0,26,152,4.3,91276,218374
379,Lenovo Gaming Laptop 16 inch,Lenovo,Laptop,64101.0,14,307,4.6,62075,126436
380,MSI Gaming Laptop 14 inch,MSI,Laptop,145614.0,26,991,4.2,7562,294952
381,Asus Gaming Laptop 17 inch,Asus,Laptop,109467.0,13,338,3.7,31841,133791
382,MSI Gaming Laptop 13 inch,MSI,Laptop,98954.0,46,849,4.8,12129,280927
383,Dell Gaming Laptop 13 inch,Dell,Laptop,75187.0,2,894,4.1,79304,316204
384,HP Gaming Laptop 14 inch,HP,Laptop,145467.0,35,222,4.6,94946,352133
385,Asus Gaming Laptop 14 inch,Asus,Laptop,83642.0,12,985,4.0,2019,111148
386,MSI Gaming Laptop 13 inch,MSI,Laptop,137894.0,15,712,5.0,62783,479530
387,Acer Gaming Laptop 14 inch,Acer,Laptop,91987.0,49,289,4.9,72372,168718
388,Asus Gaming Laptop 16 inch,Asus,Laptop,109946.0,23,525,4.5,40435,137233
389,Asus Gaming Laptop 16 inch,Asus,Laptop,52924.0,48,859,4.7,94698,246248
390,Lenovo Gaming Laptop 14 inch,Lenovo,Laptop,88589.0,14,759,4.0,6002,295024
391,Dell Gaming Laptop 13 inch,Dell,Laptop,74180.0,46,427,4.3,76560,303737
392,Lenovo Gaming Laptop 14 inch,Lenovo,Laptop,65715.0,15,511,4.0,49796,298833
393,Acer Gaming Laptop 15 inch,Acer,Laptop,73728.0,41,757,4.6,64054,379452
394,Asus Gaming Laptop 16 inch,Asus,Laptop,62050.0,8,737,4.6,46170,88843
395,Acer Gaming Laptop 16 inch,Acer,Laptop,64123.0,3,536,4.9,71068,336592
396,HP Gaming Laptop 13 inch,HP,Laptop,147216.0,8,862,4.5,846,216312
397,MSI Gaming Laptop 14 inch,MSI,Laptop,48908.0,32,466,4.6,1208,114772
398,Lenovo Gaming Laptop 13 inch,Lenovo,Laptop,120980.0,30,675,4.5,80818,478644
399,Asus Gaming Laptop 13 inch,Asus,Laptop,40866.0,1,542,4.3,53924,6313
400,MSI Gaming Laptop 15 inch,MSI,Laptop,110220.0,44,690,5.0,2256,263405
401,Asus Gaming Laptop 14 inch,Asus,Laptop,54026.0,15,196,4.9,68742,78165
402,Acer Gaming Laptop 17 inch,Acer,Laptop,73084.0,25,80,4.7,35048,416875
403,Lenovo Gaming Laptop 16 inch,Lenovo,Laptop,100161.0,19,700,4.3,91398,118514
404,HP Gaming Laptop 13 inch,HP,Laptop,52255.0,30,57,4.1,49446,289874
405,MSI Gaming Laptop 13 inch,MSI,Laptop,132123.0,27,660,3.8,65527,443296
406,Lenovo Gaming Laptop 17 inch,Lenovo,Laptop,52499.0,13,922,4.8,5587,120563
407,MSI Gaming Laptop 17 inch,MSI,Laptop,102324.0,17,920,3.9,9754,358937
408,Acer Gaming Laptop 17 inch,Acer,Laptop,126259.0,13,601,3.5,41230,8309
409,Dell Gaming Laptop 16 inch,Dell,Laptop,50084.0,36,854,3.9,73929,126176
410,Asus Gaming Laptop 17 inch,Asus,Laptop,83480.0,50,705,4.1,96969,73474
411,MSI Gaming Laptop 13 inch,MSI,Laptop,105639.0,6,447,4.6,45342,28252
412,Dell Gaming Laptop 13 inch,Dell,Laptop,84642.0,25,992,4.4,80470,312370
413,Lenovo Gaming Laptop 13 inch,Lenovo,Laptop,123115.0,14,364,3.9,59064,257317
414,Acer Gaming Laptop 16 inch,Acer,Laptop,96603.0,24,87,3.8,76801,346482
415,Acer Gaming Laptop 15 inch,Acer,Laptop,144602.0,17,157,3.9,9644,43111
416,Asus Gaming Laptop 14 inch,Asus,Laptop,136948.0,5,5,4.1,47287,55963
417,Lenovo Gaming Laptop 16 inch,Lenovo,Laptop,87175.0,5,191,4.6,13409,69571
418,Asus Gaming Laptop 16 inch,Asus,Laptop,113005.0,1,91,4.3,53493,54255
419,Lenovo Gaming Laptop 17 inch,Lenovo,Laptop,52198.0,24,12,4.4,42533,452937
420,Lenovo Gaming Laptop 16 inch,Lenovo,Laptop,90829.0,35,926,4.7,95016,472554
421,Dell Gaming Laptop 17 inch,Dell,Laptop,108302.0,8,275,3.8,49913,88967
422,Lenovo Gaming Laptop 15 inch,Lenovo,Laptop,104634.0,17,431,3.7,21926,227995
423,Lenovo Gaming Laptop 16 inch,Lenovo,Laptop,142585.0,15,738,3.6,33000,495144
424,MSI Gaming Laptop 16 inch,MSI,Laptop,117831.0,8,311,4.4,60022,56184
425,HP Gaming Laptop 16 inch,HP,Laptop,83544.0,21,450,4.8,49802,421667
426,Lenovo Gaming Laptop 16 inch,Lenovo,Laptop,146886.0,8,307,4.7,85342,311733
427,Lenovo Gaming Laptop 17 inch,Lenovo,Laptop,131133.0,25,991,3.8,41190,93233
428,Lenovo Gaming Laptop 15 inch,Lenovo,Laptop,136321.0,50,248,4.5,64367,302026
429,Lenovo Gaming Laptop 16 inch,Lenovo,Laptop,76739.0,7,954,4.7,51512,191473
430,Acer Gaming Laptop 14 inch,Acer,Laptop,117624.0,49,563,5.0,23593,357513
431,HP Gaming Laptop 16 inch,HP,Laptop,132847.0,44,70,3.8,38195,435931
432,Asus Gaming Laptop 16 inch,Asus,Laptop,58242.0,42,157,4.5,31732,132577
433,MSI Gaming Laptop 16 inch,MSI,Laptop,143425.0,30,596,4.1,58870,313589
434,Asus Gaming Laptop 17 inch,Asus,Laptop,106402.0,34,37,4.9,90673,219410
435,Lenovo Gaming Laptop 17 inch,Lenovo,Laptop,117833.0,49,254,4.5,11148,57441
436,MSI Gaming Laptop 15 inch,MSI,Laptop,61802.0,41,693,4.5,5816,295389
437,MSI Gaming Laptop 16 inch,MSI,Laptop,138655.0,0,100,4.0,56430,55645
438,Lenovo Gaming Laptop 14 inch,Lenovo,Laptop,106935.0,44,589,4.6,73147,304458
439,Dell Gaming Laptop 16 inch,Dell,Laptop,89036.0,44,512,4.1,89080,308690
440,Dell Gaming Laptop 15 inch,Dell,Laptop,43219.0,5,118,4.2,38732,218190
441,MSI Gaming Laptop 14 inch,MSI,Laptop,85656.0,13,533,4.0,59691,411283
442,Asus Gaming Laptop 15 inch,Asus,Laptop,102411.0,28,326,3.6,94643,365404
443,HP Gaming Laptop 15 inch,HP,Laptop,45856.0,21,663,4.7,15094,11941
444,HP Gaming Laptop 14 inch,HP,Laptop,137057.0,10,338,3.9,22875,289459
445,Acer Gaming Laptop 16 inch,Acer,Laptop,100562.0,11,190,3.8,53100,330275
446,MSI Gaming Laptop 16 inch,MSI,Laptop,91849.0,12,460,3.5,80502,463097
447,Acer Gaming Laptop 16 inch,Acer,Laptop,90965.0,17,770,3.5,28163,107990
448,MSI Gaming Laptop 13 inch,MSI,Laptop,115674.0,23,333,3.7,70381,98120
449,Dell Gaming Laptop 16 inch,Dell,Laptop,54936.0,40,320,3.9,64167,276774
450,Acer Gaming Laptop 16 inch,Acer,Laptop,120125.0,22,865,4.1,14982,182512
451,Asus Gaming Laptop 17 inch,Asus,Laptop,62613.0,19,940,4.7,92545,419851
452,Acer Gaming Laptop 17 inch,Acer,Laptop,51108.0,15,312,4.5,41059,61893
453,HP Gaming Laptop 14 inch,HP,Laptop,88929.0,26,610,4.5,66964,203766
454,Dell Gaming Laptop 17 inch,Dell,Laptop,90293.0,34,710,4.1,63798,333285
455,MSI Gaming Laptop 14 inch,MSI,Laptop,112733.0,11,322,3.8,37868,73655
456,Asus Gaming Laptop 17 inch,Asus,Laptop,47026.0,8,199,4.8,1266,254174
457,Asus Gaming Laptop 17 inch,Asus,Laptop,106248.0,31,425,4.5,53636,359078
458,MSI Gaming Laptop 16 inch,MSI,Laptop,104054.0,50,779,3.8,74117,16279
459,Dell Gaming Laptop 15 inch,Dell,Laptop,44285.0,10,799,3.9,70475,151446
460,Asus Gaming Laptop 17 inch,Asus,Laptop,137323.0,32,115,4.7,64931,288314
461,Acer Gaming Laptop 13 inch,Acer,Laptop,75112.0,48,42,4.7,48095,284286
462,MSI Gaming Laptop 16 inch,MSI,Laptop,111611.0,47,849,3.8,55735,53795
463,MSI Gaming Laptop 14 inch,MSI,Laptop,79021.0,16,356,4.8,4234,235889
464,HP Gaming Laptop 16 inch,HP,Laptop,55386.0,47,602,4.7,31066,110136
465,MSI Gaming Laptop 15 inch,MSI,Laptop,133159.0,39,142,4.4,56130,87122
466,Dell Gaming Laptop 14 inch,Dell,Laptop,145570.0,17,611,3.6,45992,279168
467,Acer Gaming Laptop 14 inch,Acer,Laptop,82421.0,36,273,5.0,38366,151793
468,Acer Gaming Laptop 13 inch,Acer,Laptop,57771.0,3,283,4.9,53958,481799
469,MSI Gaming Laptop 14 inch,MSI,Laptop,131937.0,45,329,4.8,32735,76773
470,Dell Gaming Laptop 16 inch,Dell,Laptop,104154.0,40,424,3.7,82900,140985
471,Asus Gaming Laptop 16 inch,Asus,Laptop,49898.0,32,767,4.5,12212,211309
472,Lenovo Gaming Laptop 15 inch,Lenovo,Laptop,99597.0,0,889,4.9,42908,305212
473,MSI Gaming Laptop 13 inch,MSI,Laptop,135804.0,44,366,5.0,83219,348302
474,HP Gaming Laptop 17 inch,HP,Laptop,92129.0,13,506,3.8,56324,432557
475,Lenovo Gaming Laptop 15 inch,Lenovo,Laptop,148572.0,8,579,3.9,71747,303103
476,Asus Gaming Laptop 15 inch,Asus,Laptop,129463.0,40,802,4.6,6031,52305
477,Asus Gaming Laptop 13 inch,Asus,Laptop,56284.0,29,0,4.9,20717,231460
478,Asus Gaming Laptop 14 inch,Asus,Laptop,130255.0,10,895,4.9,85206,158364
479,Lenovo Gaming Laptop 13 inch,Lenovo,Laptop,125798.0,42,925,4.0,10813,195053
480,MSI Gaming Laptop 14 inch,MSI,Laptop,46787.0,44,773,4.1,40053,380726
481,Dell Gaming Laptop 16 inch,Dell,Laptop,125915.0,13,488,3.6,12485,669
482,HP Gaming Laptop 14 inch,HP,Laptop,117814.0,0,8,3.8,89136,233443
483,MSI Gaming Laptop 15 inch,MSI,Laptop,147100.0,8,489,3.7,55363,363972
484,HP Gaming Laptop 14 inch,HP,Laptop,90209.0,20,376,3.6,13435,54207
485,Lenovo Gaming Laptop 14 inch,Lenovo,Laptop,90164.0,8,656,4.7,98727,458588
486,MSI Gaming Laptop 14 inch,MSI,Laptop,48966.0,41,168,4.3,1120,320083
487,Asus Gaming Laptop 15 inch,Asus,Laptop,134690.0,26,630,3.8,98087,79463
488,MSI Gaming Laptop 16 inch,MSI,Laptop,68474.0,48,126,3.6,13178,73507
489,Acer Gaming Laptop 16 inch,Acer,Laptop,86076.0,8,253,4.9,41232,414852
490,Lenovo Gaming Laptop 13 inch,Lenovo,Laptop,72527.0,38,291,4.3,78654,378205
491,MSI Gaming Laptop 13 inch,MSI,Laptop,126298.0,38,521,4.8,26938,271549
492,Dell Gaming Laptop 16 inch,Dell,Laptop,78737.0,24,115,4.5,31380,259563
493,Dell Gaming Laptop 16 inch,Dell,Laptop,123634.0,0,369,4.4,69253,466047
494,Lenovo Gaming Laptop 14 inch,Lenovo,Laptop,90703.0,23,559,4.8,74508,220753
495,MSI Gaming Laptop 14 inch,MSI,Laptop,139972.0,37,69,4.2,9577,8850
496,HP Gaming Laptop 15 inch,HP,Laptop,68277.0,50,407,3.6,7935,497481
497,Acer Gaming Laptop 15 inch,Acer,Laptop,122388.0,44,411,4.6,54461,222175
498,HP Gaming Laptop 17 inch,HP,Laptop,110471.0,19,80,4.4,36378,43928
499,Acer Gaming Laptop 14 inch,Acer,Laptop,145914.0,37,649,3.7,42837,204955
500,MSI Gaming Laptop 13 inch,MSI,Laptop,80654.0,15,59,4.5,95687,499970
501,Samsung Smartphone 108GB,Samsung,Mobile,64948.0,3,316,3.7,80264,319303
502,Samsung Smartphone 125GB,Samsung,Mobile,9660.0,10,508,4.6,91956,6050
503,OnePlus Smartphone 331GB,OnePlus,Mobile,75793.0,10,380,4.7,94482,136020
504,Samsung Smartphone 447GB,Samsung,Mobile,110383.0,7,789,4.8,96077,464836
505,Apple Smartphone 235GB,Apple,Mobile,113789.0,16,729,4.1,68672,33587
506,Google Smartphone 385GB,Google,Mobile,18101.0,3,511,4.2,66959,188908
507,Google Smartphone 149GB,Google,Mobile,56193.0,36,690,3.7,13497,468954
508,Apple Smartphone 180GB,Apple,Mobile,105095.0,0,250,4.3,5782,450300
509,Apple Smartphone 305GB,Apple,Mobile,55707.0,2,566,4.1,19681,93927
510,Xiaomi Smartphone 178GB,Xiaomi,Mobile,50179.0,17,845,3.9,94419,167838
511,Apple Smartphone 356GB,Apple,Mobile,56864.0,3,183,3.7,88264,472976
512,Samsung Smartphone 475GB,Samsung,Mobile,75603.0,29,886,5.0,52560,36237
513,OnePlus Smartphone 460GB,OnePlus,Mobile,118735.0,29,8,4.0,11332,290079
514,OnePlus Smartphone 166GB,OnePlus,Mobile,46219.0,39,248,4.3,39844,387850
515,Xiaomi Smartphone 252GB,Xiaomi,Mobile,85554.0,34,778,5.0,25624,384121
516,Samsung Smartphone 141GB,Samsung,Mobile,8835.0,34,354,4.9,3143,122257
517,Apple Smartphone 235GB,Apple,Mobile,8191.0,47,744,4.6,49329,445223
518,OnePlus Smartphone 117GB,OnePlus,Mobile,34895.0,31,984,4.3,31227,220204
519,Apple Smartphone 136GB,Apple,Mobile,101277.0,14,918,3.9,5764,483113
520,Google Smartphone 275GB,Google,Mobile,99861.0,5,594,4.8,60101,392214
521,Apple Smartphone 322GB,Apple,Mobile,25499.0,37,581,4.5,51698,39332
522,Apple Smartphone 286GB,Apple,Mobile,94827.0,16,871,4.9,31044,153022
523,OnePlus Smartphone 474GB,OnePlus,Mobile,59505.0,20,463,4.6,96394,171149
524,OnePlus Smartphone 183GB,OnePlus,Mobile,17789.0,49,598,4.9,17850,409011
525,Apple Smartphone 143GB,Apple,Mobile,21848.0,26,123,3.7,61096,164743
526,Google Smartphone 247GB,Google,Mobile,108969.0,16,872,3.8,40420,243027
527,Apple Smartphone 110GB,Apple,Mobile,28658.0,45,713,4.7,39884,433364
528,Google Smartphone 84GB,Google,Mobile,36183.0,5,728,4.8,42974,77864
529,Samsung Smartphone 246GB,Samsung,Mobile,59936.0,16,839,4.3,88769,156778
530,Samsung Smartphone 79GB,Samsung,Mobile,61004.0,35,255,4.8,72879,392308
531,Apple Smartphone 300GB,Apple,Mobile,21357.0,0,63,4.7,18332,63776
532,Samsung Smartphone 130GB,Samsung,Mobile,33969.0,40,960,4.7,48800,359911
533,Apple Smartphone 362GB,Apple,Mobile,84823.0,4,202,3.9,9838,11529
534,Xiaomi Smartphone 478GB,Xiaomi,Mobile,24880.0,2,964,3.6,43466,64339
535,Xiaomi Smartphone 89GB,Xiaomi,Mobile,30018.0,46,404,4.9,56784,430899
536,Xiaomi Smartphone 79GB,Xiaomi,Mobile,58165.0,13,930,4.5,22660,185668
537,Samsung Smartphone 204GB,Samsung,Mobile,44681.0,39,634,4.2,19491,18266
538,Google Smartphone 189GB,Google,Mobile,92840.0,35,490,3.9,54010,462930
539,Apple Smartphone 108GB,Apple,Mobile,44670.0,41,905,4.1,54959,104673
540,Google Smartphone 191GB,Google,Mobile,90674.0,1,391,5.0,71268,416828
541,OnePlus Smartphone 309GB,OnePlus,Mobile,79371.0,36,514,4.7,45103,478605
542,OnePlus Smartphone 262GB,OnePlus,Mobile,43446.0,14,30,3.8,41805,313160
543,OnePlus Smartphone 93GB,OnePlus,Mobile,113991.0,49,598,5.0,69403,187497
544,Samsung Smartphone 145GB,Samsung,Mobile,21124.0,34,835,3.9,31618,139836
545,Apple Smartphone 455GB,Apple,Mobile,36758.0,11,180,4.4,50921,186119
546,Samsung Smartphone 367GB,Samsung,Mobile,49681.0,37,28,4.7,91449,188205
547,OnePlus Smartphone 354GB,OnePlus,Mobile,81873.0,31,555,3.7,24682,438770
548,OnePlus Smartphone 153GB,OnePlus,Mobile,72282.0,38,224,3.6,7372,122061
549,Apple Smartphone 333GB,Apple,Mobile,70650.0,8,348,3.5,80505,105725
550,Samsung Smartphone 474GB,Samsung,Mobile,118662.0,9,600,4.8,7816,11588
551,Samsung Smartphone 460GB,Samsung,Mobile,22538.0,23,721,4.8,47836,38127
552,Xiaomi Smartphone 364GB,Xiaomi,Mobile,21242.0,10,749,4.0,42294,71639
553,Xiaomi Smartphone 469GB,Xiaomi,Mobile,91789.0,11,724,4.9,85099,166447
554,Google Smartphone 419GB,Google,Mobile,88440.0,37,834,4.7,29270,349030
555,Samsung Smartphone 257GB,Samsung,Mobile,48215.0,11,746,4.6,38612,66867
556,Apple Smartphone 423GB,Apple,Mobile,83082.0,11,616,4.1,74391,17077
557,OnePlus Smartphone 478GB,OnePlus,Mobile,88134.0,31,144,3.8,74137,54683
558,OnePlus Smartphone 445GB,OnePlus,Mobile,18198.0,40,906,3.9,41889,88121
559,Apple Smartphone 484GB,Apple,Mobile,100925.0,21,457,4.5,95598,464961
560,Apple Smartphone 199GB,Apple,Mobile,35483.0,16,805,3.9,8895,183853
561,Apple Smartphone 432GB,Apple,Mobile,8167.0,26,992,3.6,57448,384185
562,Samsung Smartphone 275GB,Samsung,Mobile,72629.0,24,103,4.8,46046,286373
563,Xiaomi Smartphone 467GB,Xiaomi,Mobile,83766.0,10,462,4.5,90077,118370
564,Apple Smartphone 473GB,Apple,Mobile,118855.0,16,974,3.6,2641,167199
565,Apple Smartphone 101GB,Apple,Mobile,52801.0,46,76,3.8,49222,84460
566,Google Smartphone 111GB,Google,Mobile,52295.0,30,721,4.4,80441,468407
567,Apple Smartphone 284GB,Apple,Mobile,93673.0,3,103,3.7,56921,82467
568,OnePlus Smartphone 169GB,OnePlus,Mobile,32901.0,46,553,4.1,72638,378655
569,OnePlus Smartphone 402GB,OnePlus,Mobile,44899.0,25,585,3.9,12581,26123
570,Google Smartphone 494GB,Google,Mobile,72349.0,27,89,3.7,47304,2100
571,OnePlus Smartphone 485GB,OnePlus,Mobile,94772.0,6,26,4.4,62967,104787
572,Samsung Smartphone 151GB,Samsung,Mobile,91648.0,7,315,3.9,10749,248387
573,Xiaomi Smartphone 305GB,Xiaomi,Mobile,72106.0,41,557,4.8,34744,47881
574,Xiaomi Smartphone 158GB,Xiaomi,Mobile,56630.0,28,45,4.8,48428,97923
575,OnePlus Smartphone 289GB,OnePlus,Mobile,68956.0,3,154,3.9,35210,295927
576,Apple Smartphone 107GB,Apple,Mobile,95574.0,48,603,4.0,70978,217148
577,Samsung Smartphone 347GB,Samsung,Mobile,15993.0,34,703,4.8,68505,219583
578,Xiaomi Smartphone 357GB,Xiaomi,Mobile,38886.0,45,35,4.2,10358,207091
579,Google Smartphone 356GB,Google,Mobile,75740.0,9,123,4.7,88815,325301
580,Xiaomi Smartphone 152GB,Xiaomi,Mobile,29910.0,2,433,5.0,25270,66257
581,Apple Smartphone 413GB,Apple,Mobile,65067.0,38,264,3.8,82221,77630
582,OnePlus Smartphone 436GB,OnePlus,Mobile,113820.0,25,565,3.6,50878,291795
583,OnePlus Smartphone 502GB,OnePlus,Mobile,44202.0,44,638,4.3,1630,412479
584,Google Smartphone 331GB,Google,Mobile,110457.0,9,580,4.1,54331,78555
585,Google Smartphone 362GB,Google,Mobile,107402.0,6,576,4.9,13143,485028
586,Apple Smartphone 466GB,Apple,Mobile,45498.0,26,270,4.8,45081,460369
587,Xiaomi Smartphone 399GB,Xiaomi,Mobile,71646.0,11,282,4.4,62013,19742
588,Xiaomi Smartphone 137GB,Xiaomi,Mobile,89034.0,2,405,4.4,90929,210716
589,OnePlus Smartphone 417GB,OnePlus,Mobile,39139.0,17,918,3.6,62297,482882
590,OnePlus Smartphone 74GB,OnePlus,Mobile,52284.0,17,863,4.7,39732,163126
591,Xiaomi Smartphone 503GB,Xiaomi,Mobile,99250.0,19,997,4.5,29888,70556
592,Xiaomi Smartphone 460GB,Xiaomi,Mobile,116242.0,38,661,4.0,95535,218608
593,Apple Smartphone 160GB,Apple,Mobile,65896.0,31,777,3.8,53378,388568
594,Google Smartphone 508GB,Google,Mobile,57009.0,10,67,4.7,67547,415068
595,OnePlus Smartphone 427GB,OnePlus,Mobile,74426.0,36,29,4.1,68729,461123
596,Samsung Smartphone 162GB,Samsung,Mobile,117173.0,2,467,3.8,7563,130904
597,Apple Smartphone 248GB,Apple,Mobile,100357.0,29,517,3.8,48290,431854
598,Xiaomi Smartphone 389GB,Xiaomi,Mobile,24236.0,31,608,4.5,31721,195379
599,Xiaomi Smartphone 154GB,Xiaomi,Mobile,70204.0,10,857,4.4,45853,180585
600,OnePlus Smartphone 447GB,OnePlus,Mobile,116903.0,24,50,4.5,37374,14491
601,Samsung Smartphone 501GB,Samsung,Mobile,83007.0,14,662,4.7,28101,449473
602,Samsung Smartphone 410GB,Samsung,Mobile,35096.0,1,885,3.9,53684,269207
603,Apple Smartphone 306GB,Apple,Mobile,25342.0,0,229,4.5,78802,419983
604,OnePlus Smartphone 375GB,OnePlus,Mobile,113524.0,41,281,4.9,93430,372013
605,Xiaomi Smartphone 256GB,Xiaomi,Mobile,119619.0,29,309,4.0,33039,114504
606,Google Smartphone 486GB,Google,Mobile,89737.0,32,678,4.1,13420,3952
607,OnePlus Smartphone 351GB,OnePlus,Mobile,92848.0,43,110,4.4,37061,156587
608,Xiaomi Smartphone 96GB,Xiaomi,Mobile,52077.0,17,267,5.0,83974,170565
609,OnePlus Smartphone 160GB,OnePlus,Mobile,27651.0,3,824,4.3,31506,471795
610,Google Smartphone 270GB,Google,Mobile,94577.0,1,671,4.0,18350,378260
611,Xiaomi Smartphone 215GB,Xiaomi,Mobile,42003.0,47,36,4.9,53041,203667
612,Google Smartphone 426GB,Google,Mobile,82978.0,45,227,4.7,44989,381021
613,Google Smartphone 390GB,Google,Mobile,110878.0,32,307,4.2,88073,188055
614,Samsung Smartphone 494GB,Samsung,Mobile,94194.0,6,482,4.8,23751,154127
615,Samsung Smartphone 443GB,Samsung,Mobile,41902.0,11,969,4.6,73283,400088
616,OnePlus Smartphone 399GB,OnePlus,Mobile,19704.0,19,430,3.8,29282,390280
617,OnePlus Smartphone 254GB,OnePlus,Mobile,42152.0,7,481,4.4,60796,446381
618,Apple Smartphone 507GB,Apple,Mobile,91151.0,30,910,4.4,81360,37437
619,Samsung Smartphone 320GB,Samsung,Mobile,23704.0,19,423,4.8,50036,277887
620,Apple Smartphone 509GB,Apple,Mobile,119966.0,26,583,3.7,26263,179757
621,Xiaomi Smartphone 137GB,Xiaomi,Mobile,49469.0,5,499,4.8,23649,408489
622,OnePlus Smartphone 387GB,OnePlus,Mobile,31176.0,28,280,4.0,7613,2571
623,Samsung Smartphone 453GB,Samsung,Mobile,109389.0,50,781,3.8,20776,256779
624,Apple Smartphone 130GB,Apple,Mobile,88541.0,27,988,4.2,56293,211594
625,Xiaomi Smartphone 260GB,Xiaomi,Mobile,8611.0,23,972,3.6,26147,383175
626,Apple Smartphone 228GB,Apple,Mobile,107201.0,43,4,4.7,24989,9493
627,Samsung Smartphone 179GB,Samsung,Mobile,98901.0,6,392,4.8,40916,67696
628,Google Smartphone 365GB,Google,Mobile,48123.0,18,466,3.8,6002,156443
629,Google Smartphone 369GB,Google,Mobile,76697.0,21,923,4.0,90027,70244
630,Xiaomi Smartphone 247GB,Xiaomi,Mobile,106319.0,14,229,3.8,52883,10126
631,Samsung Smartphone 172GB,Samsung,Mobile,104216.0,7,375,3.5,66153,88696
632,Apple Smartphone 256GB,Apple,Mobile,91928.0,3,608,3.9,70098,326802
633,Apple Smartphone 402GB,Apple,Mobile,22170.0,44,118,4.5,2597,25389
634,Xiaomi Smartphone 291GB,Xiaomi,Mobile,57840.0,44,156,3.7,33136,248820
635,Samsung Smartphone 419GB,Samsung,Mobile,97881.0,42,103,4.4,39477,220757
636,Google Smartphone 202GB,Google,Mobile,89631.0,6,523,4.4,17988,219685
637,Google Smartphone 124GB,Google,Mobile,45054.0,12,623,3.7,13938,261058
638,Samsung Smartphone 462GB,Samsung,Mobile,42471.0,45,419,4.7,26443,187754
639,OnePlus Smartphone 146GB,OnePlus,Mobile,13164.0,30,338,4.3,27232,360917
640,Samsung Smartphone 65GB,Samsung,Mobile,9671.0,36,685,4.5,14484,438002
641,Xiaomi Smartphone 140GB,Xiaomi,Mobile,19807.0,46,103,4.7,9846,379455
642,OnePlus Smartphone 393GB,OnePlus,Mobile,38298.0,29,51,4.2,38810,138577
643,Apple Smartphone 480GB,Apple,Mobile,30898.0,43,320,4.8,38095,188956
644,Xiaomi Smartphone 442GB,Xiaomi,Mobile,23191.0,2,9,3.6,99389,466869
645,Samsung Smartphone 403GB,Samsung,Mobile,92829.0,28,978,3.8,46871,469090
646,Google Smartphone 201GB,Google,Mobile,104084.0,7,410,3.6,44931,95976
647,Xiaomi Smartphone 297GB,Xiaomi,Mobile,43629.0,30,819,4.8,90436,446096
648,Xiaomi Smartphone 396GB,Xiaomi,Mobile,112452.0,46,60,3.8,17378,365093
649,Samsung Smartphone 117GB,Samsung,Mobile,62529.0,36,694,4.9,63275,420717
650,Xiaomi Smartphone 156GB,Xiaomi,Mobile,88127.0,1,883,4.1,47012,320627
651,Samsung Smartphone 311GB,Samsung,Mobile,71979.0,2,64,3.7,53917,231147
652,OnePlus Smartphone 399GB,OnePlus,Mobile,49187.0,49,761,3.5,88867,275255
653,Google Smartphone 434GB,Google,Mobile,82057.0,21,531,3.8,87807,457878
654,Google Smartphone 416GB,Google,Mobile,99826.0,46,254,4.4,56744,347028
655,Xiaomi Smartphone 241GB,Xiaomi,Mobile,94993.0,35,913,4.5,50456,78037
656,Google Smartphone 91GB,Google,Mobile,9526.0,30,872,4.5,20578,265163
657,Xiaomi Smartphone 509GB,Xiaomi,Mobile,29679.0,15,338,3.6,64451,168204
658,OnePlus Smartphone 89GB,OnePlus,Mobile,74444.0,25,836,3.8,84330,198615
659,Samsung Smartphone 104GB,Samsung,Mobile,68174.0,5,877,4.2,75118,235032
660,Xiaomi Smartphone 292GB,Xiaomi,Mobile,49426.0,41,18,3.7,65201,390819
661,Apple Smartphone 270GB,Apple,Mobile,62046.0,5,810,3.6,71981,188
662,Google Smartphone 380GB,Google,Mobile,91563.0,13,670,4.0,66638,294924
663,Xiaomi Smartphone 238GB,Xiaomi,Mobile,55624.0,29,339,4.7,29228,442765
664,Google Smartphone 456GB,Google,Mobile,89232.0,23,733,4.4,93943,344644
665,Xiaomi Smartphone 122GB,Xiaomi,Mobile,20771.0,21,363,4.6,29074,1251
666,OnePlus Smartphone 344GB,OnePlus,Mobile,76417.0,10,504,4.1,13945,24100
667,Samsung Smartphone 484GB,Samsung,Mobile,101959.0,16,625,4.6,53646,56178
668,Samsung Smartphone 160GB,Samsung,Mobile,23826.0,29,844,4.9,51507,113130
669,Samsung Smartphone 430GB,Samsung,Mobile,52293.0,40,857,3.7,54335,24479
670,Google Smartphone 127GB,Google,Mobile,109206.0,37,979,4.8,59960,345320
671,Google Smartphone 132GB,Google,Mobile,73382.0,35,957,3.5,96507,25565
672,Xiaomi Smartphone 493GB,Xiaomi,Mobile,84692.0,11,708,4.2,66638,409611
673,Google Smartphone 152GB,Google,Mobile,103747.0,42,614,4.7,13583,203212
674,Google Smartphone 228GB,Google,Mobile,74074.0,44,780,4.8,54885,319388
675,Samsung Smartphone 204GB,Samsung,Mobile,60149.0,8,141,4.9,38567,237521
676,Xiaomi Smartphone 372GB,Xiaomi,Mobile,99752.0,44,560,4.8,67157,156816
677,OnePlus Smartphone 428GB,OnePlus,Mobile,104576.0,12,214,4.9,82923,114050
678,Google Smartphone 429GB,Google,Mobile,46086.0,45,665,4.5,88139,69658
679,Samsung Smartphone 321GB,Samsung,Mobile,79105.0,7,779,4.5,42265,372529
680,OnePlus Smartphone 351GB,OnePlus,Mobile,70963.0,26,690,4.4,87455,372409
681,Google Smartphone 210GB,Google,Mobile,119057.0,6,25,4.1,1683,274161
682,Xiaomi Smartphone 138GB,Xiaomi,Mobile,14955.0,48,804,4.5,26211,140073
683,Samsung Smartphone 210GB,Samsung,Mobile,97573.0,50,302,3.9,8140,362170
684,Samsung Smartphone 449GB,Samsung,Mobile,78932.0,39,888,3.5,59332,53829
685,Google Smartphone 506GB,Google,Mobile,37400.0,15,523,4.6,73576,203988
686,OnePlus Smartphone 418GB,OnePlus,Mobile,95096.0,26,979,3.6,50024,203290
687,OnePlus Smartphone 346GB,OnePlus,Mobile,15051.0,39,889,3.5,32953,106576
688,Xiaomi Smartphone 488GB,Xiaomi,Mobile,37563.0,41,376,4.9,92367,372106
689,Google Smartphone 343GB,Google,Mobile,104790.0,18,459,4.4,95025,101548
690,Samsung Smartphone 413GB,Samsung,Mobile,17760.0,32,122,3.8,22789,385493
691,Xiaomi Smartphone 84GB,Xiaomi,Mobile,64165.0,10,598,3.9,34644,68292
692,OnePlus Smartphone 66GB,OnePlus,Mobile,51327.0,9,950,4.2,20300,21040
693,OnePlus Smartphone 369GB,OnePlus,Mobile,14665.0,42,308,4.7,81978,322856
694,Xiaomi Smartphone 468GB,Xiaomi,Mobile,83061.0,45,325,4.3,9562,411158
695,Google Smartphone 176GB,Google,Mobile,32100.0,26,556,4.3,66219,83656
696,Google Smartphone 270GB,Google,Mobile,20051.0,21,339,4.0,27974,347878
697,OnePlus Smartphone 214GB,OnePlus,Mobile,36632.0,30,574,4.9,81049,278234
698,Apple Smartphone 122GB,Apple,Mobile,95679.0,41,628,4.0,31512,474316
699,Google Smartphone 188GB,Google,Mobile,13226.0,50,967,4.5,42075,200049
700,Apple Smartphone 261GB,Apple,Mobile,41631.0,33,841,4.3,37080,13052
701,OnePlus Smartphone 327GB,OnePlus,Mobile,113226.0,18,919,4.3,63816,23090
702,Samsung Smartphone 228GB,Samsung,Mobile,75357.0,49,550,3.6,12587,87863
703,Google Smartphone 67GB,Google,Mobile,90173.0,49,218,3.6,87872,330146
704,Xiaomi Smartphone 491GB,Xiaomi,Mobile,21621.0,47,793,3.8,92119,460758
705,Xiaomi Smartphone 395GB,Xiaomi,Mobile,115053.0,9,24,4.9,97906,359784
706,Xiaomi Smartphone 431GB,Xiaomi,Mobile,51478.0,11,813,3.6,9610,28552
707,OnePlus Smartphone 349GB,OnePlus,Mobile,17232.0,16,417,4.4,29847,477719
708,Xiaomi Smartphone 294GB,Xiaomi,Mobile,90603.0,24,689,4.1,41481,8955
709,Apple Smartphone 337GB,Apple,Mobile,8773.0,48,763,4.5,81058,33254
710,Google Smartphone 87GB,Google,Mobile,99866.0,32,108,4.8,46894,486664
711,OnePlus Smartphone 466GB,OnePlus,Mobile,97899.0,48,948,4.0,11348,147696
712,Xiaomi Smartphone 259GB,Xiaomi,Mobile,59788.0,10,546,4.7,4049,248606
713,Samsung Smartphone 133GB,Samsung,Mobile,105878.0,40,147,4.1,71539,154753
714,OnePlus Smartphone 410GB,OnePlus,Mobile,112204.0,0,566,4.8,84936,195727
715,Google Smartphone 136GB,Google,Mobile,24152.0,25,550,3.6,75077,312918
716,Google Smartphone 107GB,Google,Mobile,47936.0,46,352,3.8,97190,473818
717,Samsung Smartphone 275GB,Samsung,Mobile,92663.0,11,226,4.8,18681,84486
718,Google Smartphone 491GB,Google,Mobile,41127.0,36,872,3.8,23780,351885
719,Apple Smartphone 499GB,Apple,Mobile,106440.0,41,562,4.9,71949,241935
720,Apple Smartphone 212GB,Apple,Mobile,96039.0,46,594,3.6,12881,103603
721,Xiaomi Smartphone 233GB,Xiaomi,Mobile,54810.0,6,291,3.7,85924,123062
722,Google Smartphone 99GB,Google,Mobile,33362.0,39,675,4.0,59077,172247
723,OnePlus Smartphone 419GB,OnePlus,Mobile,84568.0,20,981,3.7,74309,191199
724,Xiaomi Smartphone 150GB,Xiaomi,Mobile,8633.0,47,656,4.0,29045,373497
725,Xiaomi Smartphone 205GB,Xiaomi,Mobile,118114.0,21,898,4.0,89083,384388
726,Xiaomi Smartphone 300GB,Xiaomi,Mobile,66373.0,35,111,4.0,40048,255413
727,Samsung Smartphone 394GB,Samsung,Mobile,87511.0,8,912,3.6,36790,450313
728,Google Smartphone 164GB,Google,Mobile,42502.0,46,77,4.6,82142,40188
729,Apple Smartphone 498GB,Apple,Mobile,74476.0,25,787,4.4,76279,303610
730,Google Smartphone 172GB,Google,Mobile,12804.0,34,483,4.3,71243,468806
731,Samsung Smartphone 251GB,Samsung,Mobile,59445.0,18,137,3.8,77290,384522
732,Xiaomi Smartphone 320GB,Xiaomi,Mobile,74900.0,0,678,3.6,47702,263380
733,Samsung Smartphone 498GB,Samsung,Mobile,113714.0,48,526,5.0,89684,87049
734,Samsung Smartphone 292GB,Samsung,Mobile,28869.0,9,753,3.8,74172,345822
735,Xiaomi Smartphone 247GB,Xiaomi,Mobile,13297.0,4,270,3.8,63926,121603
736,OnePlus Smartphone 183GB,OnePlus,Mobile,13610.0,50,369,4.5,67890,476009
737,Xiaomi Smartphone 304GB,Xiaomi,Mobile,67591.0,20,105,4.8,5240,340113
738,Google Smartphone 388GB,Google,Mobile,116743.0,37,557,3.9,97253,138153
739,Google Smartphone 153GB,Google,Mobile,57369.0,41,919,4.5,47890,308212
740,Apple Smartphone 328GB,Apple,Mobile,40975.0,25,361,4.1,29225,270827
741,OnePlus Smartphone 313GB,OnePlus,Mobile,111895.0,32,903,4.2,79205,3559
742,Samsung Smartphone 289GB,Samsung,Mobile,29706.0,17,216,3.8,67451,337467
743,Samsung Smartphone 159GB,Samsung,Mobile,28625.0,7,676,4.0,94028,428419
744,Samsung Smartphone 276GB,Samsung,Mobile,114322.0,43,490,4.0,14865,252553
745,Xiaomi Smartphone 171GB,Xiaomi,Mobile,85436.0,15,44,3.7,53867,11868
746,Samsung Smartphone 357GB,Samsung,Mobile,85640.0,2,912,3.7,82525,268872
747,Google Smartphone 139GB,Google,Mobile,15328.0,25,613,3.7,23607,270968
748,Google Smartphone 390GB,Google,Mobile,10440.0,18,969,4.8,95427,347044
749,Apple Smartphone 174GB,Apple,Mobile,66877.0,30,174,4.4,61799,454816
750,Samsung Smartphone 489GB,Samsung,Mobile,61840.0,49,186,4.4,76378,430253
751,Google Smartphone 401GB,Google,Mobile,74952.0,21,944,3.9,94930,359547
752,Xiaomi Smartphone 369GB,Xiaomi,Mobile,85410.0,8,111,3.6,49582,202193
753,Apple Smartphone 167GB,Apple,Mobile,76512.0,26,846,4.8,66117,358905
754,Samsung Smartphone 374GB,Samsung,Mobile,20622.0,2,898,3.8,80586,314575
755,Google Smartphone 321GB,Google,Mobile,106616.0,8,923,3.7,63218,345811
756,Google Smartphone 340GB,Google,Mobile,116464.0,27,534,3.5,88950,340484
757,Xiaomi Smartphone 253GB,Xiaomi,Mobile,13693.0,30,808,4.5,56234,120416
758,Xiaomi Smartphone 243GB,Xiaomi,Mobile,85207.0,44,589,4.7,99826,439028
759,Apple Smartphone 281GB,Apple,Mobile,25548.0,5,290,3.9,30485,477246
760,Google Smartphone 512GB,Google,Mobile,79267.0,45,761,4.1,24785,2967
761,Apple Smartphone 359GB,Apple,Mobile,76490.0,41,210,3.7,952,196723
762,OnePlus Smartphone 273GB,OnePlus,Mobile,55483.0,37,259,3.7,55856,341713
763,OnePlus Smartphone 501GB,OnePlus,Mobile,78268.0,17,696,4.1,47935,320901
764,Xiaomi Smartphone 450GB,Xiaomi,Mobile,34698.0,11,379,4.1,73090,253052
765,Google Smartphone 348GB,Google,Mobile,71407.0,22,792,3.9,40203,302955
766,Xiaomi Smartphone 440GB,Xiaomi,Mobile,26096.0,47,235,4.8,86423,62535
767,Xiaomi Smartphone 464GB,Xiaomi,Mobile,99660.0,32,410,4.9,13153,112537
768,OnePlus Smartphone 474GB,OnePlus,Mobile,80165.0,3,164,4.4,89737,370661
769,Xiaomi Smartphone 389GB,Xiaomi,Mobile,8693.0,38,445,4.7,19058,247390
770,Apple Smartphone 96GB,Apple,Mobile,42483.0,2,741,3.8,10500,319406
771,Xiaomi Smartphone 269GB,Xiaomi,Mobile,88473.0,38,58,4.5,37558,373186
772,Samsung Smartphone 391GB,Samsung,Mobile,72797.0,42,953,4.2,26448,446042
773,Google Smartphone 210GB,Google,Mobile,33525.0,33,715,3.6,78589,267774
774,Samsung Smartphone 378GB,Samsung,Mobile,30214.0,41,0,4.5,47161,125539
775,Samsung Smartphone 108GB,Samsung,Mobile,44167.0,25,415,4.7,46295,351195
776,Google Smartphone 166GB,Google,Mobile,75861.0,5,562,3.5,92235,36075
777,OnePlus Smartphone 435GB,OnePlus,Mobile,116758.0,22,986,4.3,76416,182602
778,OnePlus Smartphone 179GB,OnePlus,Mobile,87477.0,25,588,4.9,59616,487537
779,Apple Smartphone 197GB,Apple,Mobile,30942.0,4,515,4.1,13964,292983
780,OnePlus Smartphone 238GB,OnePlus,Mobile,23336.0,34,832,4.7,33786,459435
781,Google Smartphone 192GB,Google,Mobile,98989.0,30,788,4.2,49434,295362
782,Samsung Smartphone 451GB,Samsung,Mobile,52520.0,29,918,4.9,60152,357451
783,Google Smartphone 505GB,Google,Mobile,11584.0,24,648,4.2,33802,35517
784,Samsung Smartphone 410GB,Samsung,Mobile,99904.0,22,528,3.8,41393,216329
785,Google Smartphone 68GB,Google,Mobile,99857.0,5,408,4.7,32549,150722
786,OnePlus Smartphone 102GB,OnePlus,Mobile,80686.0,22,223,4.9,62473,164659
787,Google Smartphone 201GB,Google,Mobile,31957.0,12,510,4.9,89546,487821
788,Samsung Smartphone 184GB,Samsung,Mobile,104394.0,14,207,3.9,34797,108511
789,Samsung Smartphone 492GB,Samsung,Mobile,89080.0,5,692,4.0,13993,62950
790,Xiaomi Smartphone 378GB,Xiaomi,Mobile,8868.0,30,380,4.6,70982,22258
791,Google Smartphone 225GB,Google,Mobile,72532.0,17,502,4.8,75313,455585
792,Samsung Smartphone 455GB,Samsung,Mobile,74995.0,36,131,3.9,29120,393404
793,Apple Smartphone 333GB,Apple,Mobile,112761.0,32,355,4.1,70889,17172
794,Xiaomi Smartphone 504GB,Xiaomi,Mobile,97959.0,44,530,4.7,59935,63207
795,Xiaomi Smartphone 225GB,Xiaomi,Mobile,98336.0,24,594,3.5,88366,110594
796,Apple Smartphone 230GB,Apple,Mobile,55395.0,35,269,4.4,34049,98221
797,Samsung Smartphone 201GB,Samsung,Mobile,69780.0,11,510,4.9,44980,191949
798,Xiaomi Smartphone 171GB,Xiaomi,Mobile,62931.0,25,286,4.6,48809,191506
799,Xiaomi Smartphone 156GB,Xiaomi,Mobile,82895.0,14,833,3.7,75493,359767
800,Apple Smartphone 433GB,Apple,Mobile,43382.0,24,200,4.7,72799,226707
801,Samsung Smartphone 473GB,Samsung,Mobile,104802.0,26,511,3.7,1286,92693
802,Samsung Smartphone 498GB,Samsung,Mobile,90660.0,50,498,4.3,94455,165632
803,OnePlus Smartphone 192GB,OnePlus,Mobile,81680.0,6,707,4.8,6263,208977
804,Samsung Smartphone 94GB,Samsung,Mobile,36241.0,40,98,4.7,62470,439962
805,Xiaomi Smartphone 445GB,Xiaomi,Mobile,51864.0,35,954,3.9,47236,293884
806,OnePlus Smartphone 240GB,OnePlus,Mobile,10599.0,43,986,4.1,46028,454850
807,Google Smartphone 165GB,Google,Mobile,83609.0,11,799,4.4,85092,282396
808,OnePlus Smartphone 245GB,OnePlus,Mobile,50610.0,47,457,4.5,63906,406289
809,Apple Smartphone 259GB,Apple,Mobile,88434.0,10,655,3.9,82809,76042
810,OnePlus Smartphone 279GB,OnePlus,Mobile,90742.0,4,81,4.4,53064,445168
811,Samsung Smartphone 239GB,Samsung,Mobile,37912.0,45,273,4.0,85601,152854
812,Google Smartphone 394GB,Google,Mobile,59833.0,23,765,3.9,58323,409555
813,Google Smartphone 330GB,Google,Mobile,67020.0,1,128,4.1,24112,447953
814,Samsung Smartphone 402GB,Samsung,Mobile,40983.0,5,215,4.9,91851,393179
815,Samsung Smartphone 267GB,Samsung,Mobile,21501.0,3,26,3.6,62031,287637
816,Xiaomi Smartphone 332GB,Xiaomi,Mobile,108269.0,39,159,5.0,13632,137700
817,Apple Smartphone 399GB,Apple,Mobile,59097.0,18,453,4.0,32436,386811
818,Samsung Smartphone 131GB,Samsung,Mobile,77041.0,42,365,4.8,3754,18531
819,OnePlus Smartphone 506GB,OnePlus,Mobile,70410.0,17,561,4.2,70865,490234
820,Xiaomi Smartphone 133GB,Xiaomi,Mobile,99438.0,29,646,4.3,77451,313406
821,Google Smartphone 286GB,Google,Mobile,76610.0,22,493,4.5,69974,162451
822,Google Smartphone 180GB,Google,Mobile,113474.0,26,266,3.6,40362,191875
823,Samsung Smartphone 219GB,Samsung,Mobile,9383.0,8,352,3.5,99401,444668
824,OnePlus Smartphone 304GB,OnePlus,Mobile,78136.0,48,488,3.5,64488,496578
825,OnePlus Smartphone 68GB,OnePlus,Mobile,108384.0,14,815,4.1,38403,313101
826,Apple Smartphone 344GB,Apple,Mobile,56974.0,25,255,3.8,73482,229269
827,Samsung Smartphone 430GB,Samsung,Mobile,104615.0,16,81,4.5,49602,115753
828,Xiaomi Smartphone 384GB,Xiaomi,Mobile,39399.0,44,701,4.3,80385,423501
829,OnePlus Smartphone 209GB,OnePlus,Mobile,92994.0,12,873,4.6,35245,216580
830,Apple Smartphone 157GB,Apple,Mobile,25907.0,39,463,3.9,83488,238830
831,OnePlus Smartphone 422GB,OnePlus,Mobile,89625.0,9,50,4.2,42037,10268
832,Google Smartphone 75GB,Google,Mobile,32371.0,8,732,5.0,36987,141235
833,Xiaomi Smartphone 436GB,Xiaomi,Mobile,9075.0,31,222,3.8,19760,7820
834,OnePlus Smartphone 279GB,OnePlus,Mobile,48838.0,29,713,4.7,65335,194819
835,Apple Smartphone 233GB,Apple,Mobile,18515.0,17,794,4.8,19158,29480
836,Xiaomi Smartphone 100GB,Xiaomi,Mobile,79197.0,16,836,4.2,25201,469704
837,Xiaomi Smartphone 488GB,Xiaomi,Mobile,9653.0,24,789,3.7,93684,130627
838,Xiaomi Smartphone 190GB,Xiaomi,Mobile,104681.0,47,789,5.0,26116,241710
839,Apple Smartphone 330GB,Apple,Mobile,95294.0,43,984,5.0,61984,204112
840,OnePlus Smartphone 229GB,OnePlus,Mobile,28789.0,35,533,4.4,5539,390550
841,Apple Smartphone 193GB,Apple,Mobile,71075.0,3,884,4.5,26057,189067
842,Samsung Smartphone 121GB,Samsung,Mobile,38928.0,10,813,4.4,42544,7999
843,OnePlus Smartphone 363GB,OnePlus,Mobile,23682.0,2,595,4.1,31872,4781
844,Xiaomi Smartphone 416GB,Xiaomi,Mobile,86146.0,10,511,3.7,11738,130502
845,Apple Smartphone 415GB,Apple,Mobile,89087.0,3,61,4.0,99567,327849
846,OnePlus Smartphone 394GB,OnePlus,Mobile,28174.0,31,238,4.6,14086,66069
847,OnePlus Smartphone 349GB,OnePlus,Mobile,111358.0,28,750,4.5,45533,422427
848,Samsung Smartphone 74GB,Samsung,Mobile,98341.0,16,920,4.1,94958,70738
849,Apple Smartphone 312GB,Apple,Mobile,100618.0,44,501,4.2,38638,284648
850,Samsung Smartphone 354GB,Samsung,Mobile,32461.0,29,281,4.3,42435,384089
851,Google Smartphone 504GB,Google,Mobile,80682.0,28,302,3.7,69627,81377
852,OnePlus Smartphone 341GB,OnePlus,Mobile,56118.0,24,751,4.2,83637,265367
853,Samsung Smartphone 73GB,Samsung,Mobile,89229.0,20,738,4.8,81300,125292
854,Apple Smartphone 401GB,Apple,Mobile,78642.0,43,509,4.7,24896,274863
855,Google Smartphone 142GB,Google,Mobile,88352.0,20,113,3.9,53723,336118
856,Apple Smartphone 331GB,Apple,Mobile,94362.0,2,206,3.6,17019,93758
857,Apple Smartphone 312GB,Apple,Mobile,33115.0,24,673,3.6,74853,336562
858,Xiaomi Smartphone 333GB,Xiaomi,Mobile,89785.0,23,226,4.6,33556,25835
859,Google Smartphone 431GB,Google,Mobile,17289.0,31,950,3.5,27369,343901
860,Apple Smartphone 303GB,Apple,Mobile,112991.0,47,960,4.5,47317,292663
861,Xiaomi Smartphone 484GB,Xiaomi,Mobile,56374.0,39,272,4.7,7651,431926
862,Google Smartphone 84GB,Google,Mobile,104246.0,13,983,3.6,39843,40960
863,Google Smartphone 113GB,Google,Mobile,21267.0,12,197,4.6,69695,202124
864,Google Smartphone 400GB,Google,Mobile,40605.0,47,571,4.4,23458,292874
865,Xiaomi Smartphone 446GB,Xiaomi,Mobile,21829.0,43,469,4.6,75581,187775
866,Xiaomi Smartphone 117GB,Xiaomi,Mobile,29864.0,32,345,4.7,72095,210631
867,Samsung Smartphone 337GB,Samsung,Mobile,86632.0,20,563,4.2,46189,473262
868,OnePlus Smartphone 496GB,OnePlus,Mobile,56722.0,46,331,4.1,83010,225852
869,Google Smartphone 187GB,Google,Mobile,81812.0,35,948,4.3,49170,401551
870,OnePlus Smartphone 248GB,OnePlus,Mobile,67297.0,46,35,4.2,52057,202
871,OnePlus Smartphone 369GB,OnePlus,Mobile,10136.0,19,227,4.3,39572,3543
872,Samsung Smartphone 502GB,Samsung,Mobile,49275.0,17,941,3.5,90412,431241
873,Google Smartphone 325GB,Google,Mobile,80918.0,6,38,4.4,74932,81215
874,Xiaomi Smartphone 246GB,Xiaomi,Mobile,28461.0,37,255,3.7,48124,466519
875,Samsung Smartphone 195GB,Samsung,Mobile,114309.0,36,939,4.0,74784,209709
876,Samsung Smartphone 439GB,Samsung,Mobile,18118.0,31,845,4.6,63256,90750
877,Google Smartphone 483GB,Google,Mobile,20499.0,46,827,4.4,39383,19693
878,Google Smartphone 259GB,Google,Mobile,18286.0,27,426,4.7,43839,182515
879,Apple Smartphone 509GB,Apple,Mobile,108976.0,38,950,3.8,85571,445471
880,Apple Smartphone 388GB,Apple,Mobile,109897.0,33,42,4.4,7104,159894
881,OnePlus Smartphone 340GB,OnePlus,Mobile,82044.0,14,156,3.7,65860,365931
882,Apple Smartphone 408GB,Apple,Mobile,103889.0,38,589,5.0,58417,394805
883,Google Smartphone 110GB,Google,Mobile,37109.0,8,344,4.1,51694,77701
884,Apple Smartphone 307GB,Apple,Mobile,82899.0,16,87,4.6,71857,209391
885,Xiaomi Smartphone 320GB,Xiaomi,Mobile,64949.0,8,492,4.7,17098,399624
886,Google Smartphone 165GB,Google,Mobile,71944.0,35,630,4.1,74895,102912
887,Google Smartphone 190GB,Google,Mobile,39760.0,43,946,3.6,56379,169660
888,Google Smartphone 109GB,Google,Mobile,22749.0,22,195,4.5,55524,191605
889,OnePlus Smartphone 240GB,OnePlus,Mobile,85840.0,22,631,4.5,39963,88838
890,Xiaomi Smartphone 383GB,Xiaomi,Mobile,27112.0,43,382,4.2,30613,104792
891,Samsung Smartphone 451GB,Samsung,Mobile,103484.0,3,248,4.8,14738,387853
892,Google Smartphone 139GB,Google,Mobile,117110.0,44,823,4.7,1810,180073
893,Apple Smartphone 220GB,Apple,Mobile,66990.0,47,550,4.2,43509,109681
894,Samsung Smartphone 168GB,Samsung,Mobile,79620.0,30,637,4.3,33912,287829
895,Samsung Smartphone 419GB,Samsung,Mobile,99587.0,42,539,4.5,49372,305762
896,Apple Smartphone 194GB,Apple,Mobile,30324.0,44,632,3.6,26315,413862
897,OnePlus Smartphone 91GB,OnePlus,Mobile,68943.0,24,676,4.5,1102,35016
898,OnePlus Smartphone 403GB,OnePlus,Mobile,119684.0,6,19,4.9,47224,453232
899,OnePlus Smartphone 508GB,OnePlus,Mobile,93119.0,45,101,4.1,49909,266721
900,OnePlus Smartphone 312GB,OnePlus,Mobile,86263.0,32,989,4.3,24444,104367
901,Xiaomi Smartphone 351GB,Xiaomi,Mobile,101384.0,33,312,3.5,32436,483635
902,OnePlus Smartphone 314GB,OnePlus,Mobile,59563.0,43,360,4.6,2418,181912
903,OnePlus Smartphone 384GB,OnePlus,Mobile,47626.0,3,640,3.9,65710,144739
904,OnePlus Smartphone 262GB,OnePlus,Mobile,114805.0,17,230,5.0,72747,497710
905,Samsung Smartphone 238GB,Samsung,Mobile,59491.0,24,533,4.5,11517,382772
906,Google Smartphone 510GB,Google,Mobile,89988.0,36,156,4.5,54710,126118
907,Xiaomi Smartphone 223GB,Xiaomi,Mobile,87346.0,13,668,4.0,71081,69186
908,Samsung Smartphone 361GB,Samsung,Mobile,78956.0,8,316,4.5,26527,452344
909,Google Smartphone 133GB,Google,Mobile,64369.0,36,939,5.0,19035,344154
910,Samsung Smartphone 226GB,Samsung,Mobile,16888.0,11,325,4.3,94308,62169
911,Samsung Smartphone 436GB,Samsung,Mobile,11864.0,19,453,4.6,54279,215714
912,OnePlus Smartphone 141GB,OnePlus,Mobile,110119.0,1,780,3.8,17251,96960
913,Google Smartphone 379GB,Google,Mobile,42978.0,38,237,4.4,80273,121164
914,Samsung Smartphone 415GB,Samsung,Mobile,11418.0,30,137,4.0,90206,408953
915,Google Smartphone 497GB,Google,Mobile,87260.0,11,872,4.2,85150,196162
916,Xiaomi Smartphone 315GB,Xiaomi,Mobile,70108.0,2,418,3.7,25340,118732
917,Apple Smartphone 202GB,Apple,Mobile,62138.0,48,209,3.8,88003,106443
918,Apple Smartphone 154GB,Apple,Mobile,65577.0,20,887,4.8,64227,360738
919,Xiaomi Smartphone 190GB,Xiaomi,Mobile,64040.0,47,844,4.1,5492,318830
920,Xiaomi Smartphone 432GB,Xiaomi,Mobile,49012.0,38,549,4.1,97326,299958
921,Google Smartphone 392GB,Google,Mobile,100289.0,28,467,4.7,68252,57413
922,Apple Smartphone 189GB,Apple,Mobile,75987.0,35,396,4.3,96370,20679
923,Google Smartphone 455GB,Google,Mobile,90660.0,28,407,4.9,24894,152761
924,OnePlus Smartphone 460GB,OnePlus,Mobile,116477.0,18,627,3.9,21831,221591
925,Apple Smartphone 417GB,Apple,Mobile,75760.0,41,462,4.9,60772,435203
926,Apple Smartphone 433GB,Apple,Mobile,73622.0,44,559,3.7,76745,491799
927,Samsung Smartphone 265GB,Samsung,Mobile,62206.0,29,604,4.0,3275,93883
928,Samsung Smartphone 296GB,Samsung,Mobile,19820.0,45,815,3.9,90674,340140
929,Samsung Smartphone 431GB,Samsung,Mobile,104110.0,28,649,3.7,14973,370366
930,OnePlus Smartphone 107GB,OnePlus,Mobile,76657.0,32,626,4.6,95282,414846
931,Samsung Smartphone 257GB,Samsung,Mobile,80134.0,21,579,4.1,22408,478383
932,Samsung Smartphone 147GB,Samsung,Mobile,26953.0,26,315,3.8,93339,27001
933,OnePlus Smartphone 437GB,OnePlus,Mobile,108745.0,11,120,4.9,37861,328541
934,Samsung Smartphone 167GB,Samsung,Mobile,8463.0,29,509,4.4,33185,6500
935,Xiaomi Smartphone 342GB,Xiaomi,Mobile,113834.0,13,602,3.5,64689,124816
936,Xiaomi Smartphone 296GB,Xiaomi,Mobile,61759.0,0,250,4.2,78812,314726
937,Google Smartphone 206GB,Google,Mobile,89233.0,11,151,4.4,27225,25747
938,Apple Smartphone 398GB,Apple,Mobile,53746.0,36,858,3.6,4260,349798
939,Google Smartphone 216GB,Google,Mobile,51399.0,26,182,4.9,6436,57188
940,Samsung Smartphone 408GB,Samsung,Mobile,45274.0,38,586,4.4,90648,367021
941,Google Smartphone 154GB,Google,Mobile,67682.0,2,95,4.6,47220,488463
942,OnePlus Smartphone 229GB,OnePlus,Mobile,56309.0,27,863,4.8,8879,397742
943,Google Smartphone 97GB,Google,Mobile,46382.0,17,337,4.2,16003,364280
944,Google Smartphone 275GB,Google,Mobile,76766.0,3,111,3.8,27410,320992
945,Google Smartphone 437GB,Google,Mobile,90441.0,46,705,4.3,11501,253678
946,Google Smartphone 467GB,Google,Mobile,100642.0,20,265,3.9,79812,444590
947,Google Smartphone 358GB,Google,Mobile,89689.0,36,508,4.0,17011,322164
948,Google Smartphone 437GB,Google,Mobile,90818.0,39,238,4.2,23590,463394
949,OnePlus Smartphone 163GB,OnePlus,Mobile,8207.0,50,120,3.7,60943,328021
950,Samsung Smartphone 473GB,Samsung,Mobile,88649.0,21,358,5.0,54279,23951
951,Google Smartphone 476GB,Google,Mobile,91558.0,44,288,3.8,83977,105580
952,OnePlus Smartphone 468GB,OnePlus,Mobile,16891.0,20,785,4.0,66422,288455
953,Apple Smartphone 122GB,Apple,Mobile,97893.0,36,630,4.0,51920,379892
954,Apple Smartphone 490GB,Apple,Mobile,31020.0,43,490,3.8,44304,483640
955,Xiaomi Smartphone 472GB,Xiaomi,Mobile,12660.0,40,471,4.5,63120,81567
956,Google Smartphone 235GB,Google,Mobile,68616.0,47,57,4.7,54267,486529
957,Google Smartphone 217GB,Google,Mobile,82048.0,34,19,4.6,41363,291172
958,Samsung Smartphone 359GB,Samsung,Mobile,97848.0,9,287,4.0,46356,34814
959,Apple Smartphone 237GB,Apple,Mobile,57183.0,38,398,4.4,21763,299458
960,Samsung Smartphone 368GB,Samsung,Mobile,23315.0,45,878,4.8,98515,161728
961,OnePlus Smartphone 427GB,OnePlus,Mobile,12145.0,15,380,3.9,11386,260699
962,Xiaomi Smartphone 488GB,Xiaomi,Mobile,47666.0,7,383,3.8,39635,91857
963,Apple Smartphone 462GB,Apple,Mobile,34489.0,1,818,4.9,58176,265386
964,Xiaomi Smartphone 320GB,Xiaomi,Mobile,28195.0,33,317,3.8,63379,384110
965,OnePlus Smartphone 137GB,OnePlus,Mobile,108857.0,8,210,4.8,67662,354894
966,Apple Smartphone 299GB,Apple,Mobile,58801.0,0,318,4.6,68474,60831
967,Apple Smartphone 415GB,Apple,Mobile,119165.0,29,910,4.4,11423,174839
968,Apple Smartphone 116GB,Apple,Mobile,76233.0,1,591,4.6,97731,163929
969,OnePlus Smartphone 391GB,OnePlus,Mobile,35504.0,17,545,4.0,25247,150343
970,OnePlus Smartphone 459GB,OnePlus,Mobile,65817.0,10,280,4.5,35747,78387
971,Apple Smartphone 71GB,Apple,Mobile,89650.0,34,358,4.3,13428,108406
972,Google Smartphone 227GB,Google,Mobile,43527.0,18,587,3.7,92331,421629
973,Samsung Smartphone 151GB,Samsung,Mobile,17337.0,28,51,4.0,44409,283518
974,Samsung Smartphone 78GB,Samsung,Mobile,69700.0,24,55,4.9,6623,55636
975,Apple Smartphone 282GB,Apple,Mobile,59369.0,37,644,3.8,78144,467385
976,Xiaomi Smartphone 379GB,Xiaomi,Mobile,54612.0,48,686,4.0,25981,373864
977,Google Smartphone 104GB,Google,Mobile,107056.0,5,832,4.6,74431,69198
978,Xiaomi Smartphone 113GB,Xiaomi,Mobile,67714.0,49,476,4.0,84475,372457
979,Xiaomi Smartphone 182GB,Xiaomi,Mobile,37333.0,23,401,3.7,80873,135393
980,Samsung Smartphone 422GB,Samsung,Mobile,95186.0,31,30,4.0,42577,237750
981,Apple Smartphone 307GB,Apple,Mobile,22796.0,10,289,4.0,60465,443525
982,OnePlus Smartphone 373GB,OnePlus,Mobile,83324.0,45,815,3.7,13501,212796
983,Apple Smartphone 230GB,Apple,Mobile,80895.0,29,410,4.5,39609,279412
984,Google Smartphone 275GB,Google,Mobile,39270.0,30,393,4.4,71830,83472
985,Apple Smartphone 238GB,Apple,Mobile,35294.0,50,445,4.7,77469,226145
986,Google Smartphone 467GB,Google,Mobile,52852.0,42,685,4.3,30963,90846
987,Apple Smartphone 442GB,Apple,Mobile,101311.0,37,610,4.4,63793,60038
988,Xiaomi Smartphone 230GB,Xiaomi,Mobile,80756.0,19,978,3.6,58365,92465
989,Xiaomi Smartphone 99GB,Xiaomi,Mobile,86415.0,24,335,3.7,78182,404506
990,Xiaomi Smartphone 394GB,Xiaomi,Mobile,94529.0,8,908,3.6,28532,428460
991,Google Smartphone 450GB,Google,Mobile,91379.0,42,152,4.7,99241,77026
992,Xiaomi Smartphone 336GB,Xiaomi,Mobile,46207.0,12,210,4.1,75760,234540
993,OnePlus Smartphone 217GB,OnePlus,Mobile,82747.0,27,735,4.7,89081,159771
994,OnePlus Smartphone 109GB,OnePlus,Mobile,84379.0,8,872,3.5,66912,212015
995,OnePlus Smartphone 95GB,OnePlus,Mobile,56394.0,45,573,4.9,6973,542
996,OnePlus Smartphone 120GB,OnePlus,Mobile,44989.0,44,604,4.8,30843,226443
997,Xiaomi Smartphone 384GB,Xiaomi,Mobile,49697.0,27,558,4.6,53229,200149
998,Samsung Smartphone 403GB,Samsung,Mobile,30729.0,24,863,4.2,24681,291300
999,OnePlus Smartphone 494GB,OnePlus,Mobile,62687.0,8,11,3.7,87836,65923
1000,Apple Smartphone 395GB,Apple,Mobile,10058.0,27,998,3.7,63802,345043
1001,Boat Wireless Headphones,Boat,Headphones,3774.0,29,915,3.7,54517,451067
1002,Apple Wireless Headphones,Apple,Headphones,14949.0,27,565,4.4,59568,267180
1003,Noise Wireless Headphones,Noise,Headphones,13606.0,38,7,4.0,24362,222802
1004,Apple Wireless Headphones,Apple,Headphones,17323.0,32,275,4.8,31041,373461
1005,Noise Wireless Headphones,Noise,Headphones,18896.0,36,494,4.4,4395,19952
1006,JBL Wireless Headphones,JBL,Headphones,4708.0,9,747,4.4,90514,42076
1007,Apple Wireless Headphones,Apple,Headphones,10156.0,39,90,4.2,10264,274489
1008,Boat Wireless Headphones,Boat,Headphones,16481.0,4,700,4.4,87007,350700
1009,Apple Wireless Headphones,Apple,Headphones,19993.0,21,547,4.0,6927,473838
1010,Sony Wireless Headphones,Sony,Headphones,16363.0,46,339,4.2,61513,301023
1011,Noise Wireless Headphones,Noise,Headphones,12564.0,10,36,4.9,38626,151728
1012,Apple Wireless Headphones,Apple,Headphones,10963.0,3,644,4.6,73896,136647
1013,Noise Wireless Headphones,Noise,Headphones,19944.0,18,828,3.8,6775,344200
1014,Apple Wireless Headphones,Apple,Headphones,1894.0,32,78,3.9,10824,66590
1015,JBL Wireless Headphones,JBL,Headphones,9259.0,16,14,3.7,36837,144393
1016,Sony Wireless Headphones,Sony,Headphones,6721.0,42,457,4.9,96867,79338
1017,JBL Wireless Headphones,JBL,Headphones,6747.0,31,185,3.9,91861,123934
1018,Apple Wireless Headphones,Apple,Headphones,2084.0,38,956,4.0,11072,76158
1019,Boat Wireless Headphones,Boat,Headphones,17251.0,24,243,4.6,54135,403994
1020,Noise Wireless Headphones,Noise,Headphones,6481.0,22,55,3.8,96264,441462
1021,JBL Wireless Headphones,JBL,Headphones,4800.0,30,308,3.6,60829,209157
1022,Noise Wireless Headphones,Noise,Headphones,18449.0,24,485,3.9,89599,370041
1023,JBL Wireless Headphones,JBL,Headphones,5756.0,18,949,4.3,56991,6319
1024,Noise Wireless Headphones,Noise,Headphones,13517.0,2,99,4.5,69511,358123
1025,Apple Wireless Headphones,Apple,Headphones,12594.0,41,878,4.9,56605,320170
1026,JBL Wireless Headphones,JBL,Headphones,11976.0,41,598,3.9,12891,133973
1027,Noise Wireless Headphones,Noise,Headphones,16109.0,46,688,4.7,98194,126871
1028,Apple Wireless Headphones,Apple,Headphones,7387.0,11,320,4.3,88839,362004
1029,Apple Wireless Headphones,Apple,Headphones,1346.0,26,100,4.5,8916,6371
1030,Apple Wireless Headphones,Apple,Headphones,4404.0,46,290,4.5,46083,115137
1031,JBL Wireless Headphones,JBL,Headphones,7326.0,3,961,3.6,81195,48303
1032,Apple Wireless Headphones,Apple,Headphones,8104.0,45,980,4.9,83644,63953
1033,Sony Wireless Headphones,Sony,Headphones,3830.0,42,782,4.8,17037,197210
1034,Apple Wireless Headphones,Apple,Headphones,7054.0,16,301,4.8,91190,96706
1035,Noise Wireless Headphones,Noise,Headphones,3481.0,27,708,4.5,36236,403465
1036,JBL Wireless Headphones,JBL,Headphones,9432.0,49,63,3.7,9708,145478
1037,Noise Wireless Headphones,Noise,Headphones,13733.0,16,182,4.0,7882,135491
1038,Noise Wireless Headphones,Noise,Headphones,3274.0,25,182,4.2,26312,320073
1039,Noise Wireless Headphones,Noise,Headphones,4553.0,39,658,3.7,56535,114597
1040,Sony Wireless Headphones,Sony,Headphones,15469.0,4,72,4.6,13548,18377
1041,Apple Wireless Headphones,Apple,Headphones,9211.0,31,152,4.7,2469,470130
1042,Sony Wireless Headphones,Sony,Headphones,2239.0,44,337,4.5,34932,79585
1043,Noise Wireless Headphones,Noise,Headphones,19829.0,49,502,3.5,92757,492884
1044,Noise Wireless Headphones,Noise,Headphones,15288.0,50,71,4.1,95399,409535
1045,Apple Wireless Headphones,Apple,Headphones,8400.0,49,493,3.5,90352,428955
1046,Sony Wireless Headphones,Sony,Headphones,19587.0,43,310,4.3,47054,174918
1047,Noise Wireless Headphones,Noise,Headphones,2808.0,23,547,4.4,84823,47635
1048,JBL Wireless Headphones,JBL,Headphones,3636.0,18,663,4.8,99684,401970
1049,Boat Wireless Headphones,Boat,Headphones,6787.0,12,306,4.3,50363,346514
1050,Noise Wireless Headphones,Noise,Headphones,4498.0,5,906,4.4,47099,255167
1051,Noise Wireless Headphones,Noise,Headphones,7208.0,46,607,3.7,25319,13398
1052,Boat Wireless Headphones,Boat,Headphones,17031.0,19,511,4.1,70861,337430
1053,Apple Wireless Headphones,Apple,Headphones,15722.0,21,57,4.9,2161,19521
1054,JBL Wireless Headphones,JBL,Headphones,2402.0,41,683,4.1,27755,423254
1055,Apple Wireless Headphones,Apple,Headphones,16019.0,47,593,4.9,70338,78194
1056,Boat Wireless Headphones,Boat,Headphones,3360.0,41,19,3.6,18568,256421
1057,Noise Wireless Headphones,Noise,Headphones,2500.0,0,176,3.9,85047,68539
1058,Sony Wireless Headphones,Sony,Headphones,11070.0,39,174,4.7,12762,239272
1059,Apple Wireless Headphones,Apple,Headphones,3095.0,31,609,4.7,13947,59963
1060,Apple Wireless Headphones,Apple,Headphones,8227.0,21,830,3.6,26570,223557
1061,Noise Wireless Headphones,Noise,Headphones,11624.0,34,140,3.7,89674,302072
1062,JBL Wireless Headphones,JBL,Headphones,7987.0,21,64,4.6,77746,91036
1063,Sony Wireless Headphones,Sony,Headphones,9974.0,44,378,3.7,54425,88207
1064,Apple Wireless Headphones,Apple,Headphones,6406.0,8,102,4.2,76292,21437
1065,Apple Wireless Headphones,Apple,Headphones,13325.0,31,82,4.7,2058,461277
1066,Sony Wireless Headphones,Sony,Headphones,1236.0,41,607,3.8,11693,370635
1067,JBL Wireless Headphones,JBL,Headphones,14638.0,8,211,4.5,62401,363095
1068,Boat Wireless Headphones,Boat,Headphones,9878.0,11,625,4.3,54015,125537
1069,Sony Wireless Headphones,Sony,Headphones,6898.0,5,642,4.6,80232,498329
1070,JBL Wireless Headphones,JBL,Headphones,12398.0,12,120,4.1,73110,123642
1071,Apple Wireless Headphones,Apple,Headphones,4135.0,32,224,4.4,99772,283070
1072,Noise Wireless Headphones,Noise,Headphones,7819.0,50,152,3.9,25401,59176
1073,Noise Wireless Headphones,Noise,Headphones,17302.0,2,55,3.8,87846,483846
1074,JBL Wireless Headphones,JBL,Headphones,10340.0,39,824,3.8,32959,175366
1075,Noise Wireless Headphones,Noise,Headphones,2419.0,34,180,3.7,6885,484993
1076,Boat Wireless Headphones,Boat,Headphones,1952.0,15,738,4.2,15222,37250
1077,Noise Wireless Headphones,Noise,Headphones,19997.0,43,919,4.0,26060,391788
1078,JBL Wireless Headphones,JBL,Headphones,8538.0,6,242,4.7,42756,119523
1079,Noise Wireless Headphones,Noise,Headphones,7552.0,30,599,4.1,28932,38650
1080,Noise Wireless Headphones,Noise,Headphones,2780.0,39,465,4.8,19007,113432
1081,Boat Wireless Headphones,Boat,Headphones,13692.0,12,647,4.1,60006,377493
1082,JBL Wireless Headphones,JBL,Headphones,9837.0,44,582,3.8,16683,16926
1083,Sony Wireless Headphones,Sony,Headphones,10194.0,26,175,3.7,61028,240527
1084,JBL Wireless Headphones,JBL,Headphones,8204.0,50,813,4.8,79129,82302
1085,Apple Wireless Headphones,Apple,Headphones,6568.0,14,88,4.4,72460,448368
1086,Noise Wireless Headphones,Noise,Headphones,18097.0,30,857,4.2,28379,310258
1087,Noise Wireless Headphones,Noise,Headphones,10147.0,15,253,3.5,56123,386069
1088,JBL Wireless Headphones,JBL,Headphones,15229.0,9,935,4.4,77574,496208
1089,Apple Wireless Headphones,Apple,Headphones,1166.0,30,751,4.1,5806,21102
1090,Apple Wireless Headphones,Apple,Headphones,2101.0,44,841,4.1,51694,251375
1091,Sony Wireless Headphones,Sony,Headphones,15825.0,48,12,4.2,10900,292908
1092,Noise Wireless Headphones,Noise,Headphones,8143.0,41,92,3.7,38779,125437
1093,Sony Wireless Headphones,Sony,Headphones,16721.0,29,878,4.5,21217,368834
1094,Apple Wireless Headphones,Apple,Headphones,1799.0,8,895,5.0,60796,404763
1095,Noise Wireless Headphones,Noise,Headphones,7060.0,29,720,4.7,48561,328729
1096,Sony Wireless Headphones,Sony,Headphones,3316.0,33,33,4.1,90548,174638
1097,JBL Wireless Headphones,JBL,Headphones,14955.0,39,555,4.6,91505,496126
1098,Apple Wireless Headphones,Apple,Headphones,7787.0,21,753,4.7,10621,325397
1099,Sony Wireless Headphones,Sony,Headphones,17866.0,3,113,4.9,88438,190935
1100,Noise Wireless Headphones,Noise,Headphones,12979.0,23,179,4.2,5367,191764
1101,Apple Wireless Headphones,Apple,Headphones,3195.0,21,244,4.3,26842,72664
1102,Apple Wireless Headphones,Apple,Headphones,4721.0,48,594,4.5,96659,492483
1103,Boat Wireless Headphones,Boat,Headphones,8387.0,43,433,4.0,35053,264113
1104,JBL Wireless Headphones,JBL,Headphones,2784.0,31,513,3.6,45259,237293
1105,Apple Wireless Headphones,Apple,Headphones,5020.0,34,921,4.2,69727,355728
1106,JBL Wireless Headphones,JBL,Headphones,15810.0,44,828,4.4,88261,495743
1107,Sony Wireless Headphones,Sony,Headphones,7171.0,5,400,4.8,60024,45874
1108,Boat Wireless Headphones,Boat,Headphones,10449.0,10,282,4.9,10095,57438
1109,Sony Wireless Headphones,Sony,Headphones,5848.0,40,23,4.2,26782,273090
1110,JBL Wireless Headphones,JBL,Headphones,14649.0,8,485,5.0,70976,488590
1111,JBL Wireless Headphones,JBL,Headphones,14766.0,18,193,4.2,84510,11362
1112,Sony Wireless Headphones,Sony,Headphones,1722.0,33,660,4.8,30461,437852
1113,JBL Wireless Headphones,JBL,Headphones,14490.0,50,334,4.4,85961,338816
1114,Noise Wireless Headphones,Noise,Headphones,18372.0,19,580,4.8,58370,240227
1115,Boat Wireless Headphones,Boat,Headphones,11043.0,30,380,3.8,34089,118999
1116,JBL Wireless Headphones,JBL,Headphones,2550.0,10,633,3.7,37284,239136
1117,Boat Wireless Headphones,Boat,Headphones,18541.0,45,709,3.9,22994,440151
1118,Boat Wireless Headphones,Boat,Headphones,6283.0,36,129,3.9,5403,166103
1119,Noise Wireless Headphones,Noise,Headphones,9533.0,45,35,4.1,26900,295005
1120,JBL Wireless Headphones,JBL,Headphones,12267.0,10,546,3.7,58786,283145
1121,JBL Wireless Headphones,JBL,Headphones,4980.0,31,786,4.9,53036,488248
1122,Boat Wireless Headphones,Boat,Headphones,16009.0,47,559,4.9,20464,2351
1123,Apple Wireless Headphones,Apple,Headphones,11855.0,18,992,4.5,38749,248565
1124,Apple Wireless Headphones,Apple,Headphones,5819.0,28,346,4.7,95501,475566
1125,Sony Wireless Headphones,Sony,Headphones,16695.0,35,119,4.9,18284,355571
1126,JBL Wireless Headphones,JBL,Headphones,1812.0,22,94,4.1,28893,233918
1127,JBL Wireless Headphones,JBL,Headphones,2803.0,33,227,4.4,25588,305986
1128,JBL Wireless Headphones,JBL,Headphones,7413.0,28,693,3.5,70580,445457
1129,Sony Wireless Headphones,Sony,Headphones,17770.0,38,619,4.1,64296,166696
1130,Apple Wireless Headphones,Apple,Headphones,2836.0,9,733,4.9,47335,208534
1131,Noise Wireless Headphones,Noise,Headphones,13112.0,22,359,4.1,1607,149338
1132,JBL Wireless Headphones,JBL,Headphones,15600.0,46,909,4.8,11491,113186
1133,Noise Wireless Headphones,Noise,Headphones,14618.0,46,993,4.7,37841,85973
1134,Noise Wireless Headphones,Noise,Headphones,14572.0,5,147,3.7,76972,313590
1135,Boat Wireless Headphones,Boat,Headphones,10936.0,4,955,4.2,68862,175954
1136,Apple Wireless Headphones,Apple,Headphones,13313.0,17,424,3.6,53678,335018
1137,Boat Wireless Headphones,Boat,Headphones,19212.0,8,204,4.2,74447,396065
1138,Boat Wireless Headphones,Boat,Headphones,13509.0,19,854,3.9,64312,22242
1139,Apple Wireless Headphones,Apple,Headphones,10958.0,14,27,4.2,96984,243082
1140,Sony Wireless Headphones,Sony,Headphones,6047.0,40,483,3.9,83968,437483
1141,Sony Wireless Headphones,Sony,Headphones,10426.0,44,660,4.1,64482,475520
1142,Boat Wireless Headphones,Boat,Headphones,1932.0,4,613,3.7,36345,258600
1143,JBL Wireless Headphones,JBL,Headphones,16744.0,43,487,4.3,33814,329350
1144,Sony Wireless Headphones,Sony,Headphones,13229.0,16,166,4.3,75410,9298
1145,Apple Wireless Headphones,Apple,Headphones,2917.0,44,138,3.7,60439,460591
1146,JBL Wireless Headphones,JBL,Headphones,6351.0,40,933,3.6,47348,220046
1147,JBL Wireless Headphones,JBL,Headphones,2596.0,4,526,3.9,69427,335091
1148,Boat Wireless Headphones,Boat,Headphones,7004.0,10,556,4.6,78490,394694
1149,JBL Wireless Headphones,JBL,Headphones,11361.0,19,277,4.7,89790,419466
1150,JBL Wireless Headphones,JBL,Headphones,4140.0,9,13,4.3,46098,431754
1151,Boat Wireless Headphones,Boat,Headphones,17979.0,21,943,3.9,63566,216103
1152,Boat Wireless Headphones,Boat,Headphones,4356.0,12,814,3.8,65989,116027
1153,Apple Wireless Headphones,Apple,Headphones,18224.0,44,774,4.8,93404,289041
1154,Sony Wireless Headphones,Sony,Headphones,14675.0,8,945,4.2,10023,61213
1155,Sony Wireless Headphones,Sony,Headphones,16712.0,8,836,4.0,90587,190190
1156,Noise Wireless Headphones,Noise,Headphones,18141.0,45,311,4.6,44842,90386
1157,Sony Wireless Headphones,Sony,Headphones,4886.0,44,232,3.8,91005,74737
1158,JBL Wireless Headphones,JBL,Headphones,5107.0,44,781,3.8,10312,222820
1159,Sony Wireless Headphones,Sony,Headphones,3547.0,27,43,3.5,63482,397161
1160,Boat Wireless Headphones,Boat,Headphones,4532.0,37,60,3.5,86489,269310
1161,Noise Wireless Headphones,Noise,Headphones,4896.0,19,683,4.9,5682,34832
1162,Sony Wireless Headphones,Sony,Headphones,4162.0,37,922,4.7,78888,107789
1163,Boat Wireless Headphones,Boat,Headphones,7054.0,9,866,4.5,3845,47694
1164,JBL Wireless Headphones,JBL,Headphones,19997.0,32,799,4.0,21054,448438
1165,Apple Wireless Headphones,Apple,Headphones,8924.0,37,781,4.3,8967,52059
1166,Sony Wireless Headphones,Sony,Headphones,18328.0,10,923,3.8,25116,147874
1167,Apple Wireless Headphones,Apple,Headphones,1141.0,13,942,5.0,12944,484663
1168,Apple Wireless Headphones,Apple,Headphones,16555.0,28,689,4.0,77261,97159
1169,Sony Wireless Headphones,Sony,Headphones,6926.0,13,526,4.8,49766,222446
1170,Boat Wireless Headphones,Boat,Headphones,14355.0,29,112,3.7,41203,64910
1171,Apple Wireless Headphones,Apple,Headphones,5453.0,18,570,4.2,47359,369581
1172,Sony Wireless Headphones,Sony,Headphones,3695.0,18,467,4.0,15177,201836
1173,Apple Wireless Headphones,Apple,Headphones,11223.0,35,417,4.5,58200,118522
1174,JBL Wireless Headphones,JBL,Headphones,15023.0,30,961,3.8,9133,469209
1175,JBL Wireless Headphones,JBL,Headphones,6875.0,43,107,3.5,88373,257865
1176,Noise Wireless Headphones,Noise,Headphones,15354.0,7,146,4.3,88682,44667
1177,Noise Wireless Headphones,Noise,Headphones,14127.0,10,66,4.5,13342,388823
1178,JBL Wireless Headphones,JBL,Headphones,7523.0,25,125,4.0,77992,442614
1179,Boat Wireless Headphones,Boat,Headphones,14916.0,45,784,4.6,36515,401084
1180,Apple Wireless Headphones,Apple,Headphones,9944.0,25,364,4.6,84398,494621
1181,Noise Wireless Headphones,Noise,Headphones,14252.0,9,786,5.0,67042,146319
1182,Noise Wireless Headphones,Noise,Headphones,4540.0,14,643,3.7,64148,260814
1183,Boat Wireless Headphones,Boat,Headphones,1973.0,4,510,3.6,6937,435422
1184,Sony Wireless Headphones,Sony,Headphones,6868.0,9,310,4.1,89034,171519
1185,Apple Wireless Headphones,Apple,Headphones,4156.0,33,785,4.6,86659,394159
1186,Noise Wireless Headphones,Noise,Headphones,16270.0,31,516,3.8,86791,261142
1187,JBL Wireless Headphones,JBL,Headphones,18774.0,1,975,4.0,70858,286686
1188,Sony Wireless Headphones,Sony,Headphones,15103.0,28,322,4.8,15625,201232
1189,Noise Wireless Headphones,Noise,Headphones,15501.0,35,675,4.2,4316,92830
1190,JBL Wireless Headphones,JBL,Headphones,6378.0,45,398,4.2,17637,163918
1191,Noise Wireless Headphones,Noise,Headphones,4584.0,35,701,4.4,64307,346171
1192,Apple Wireless Headphones,Apple,Headphones,19750.0,10,518,4.2,73705,448026
1193,Sony Wireless Headphones,Sony,Headphones,13824.0,39,692,3.9,77479,198174
1194,JBL Wireless Headphones,JBL,Headphones,10320.0,2,131,4.0,3699,309672
1195,JBL Wireless Headphones,JBL,Headphones,12431.0,48,912,4.7,76551,14203
1196,JBL Wireless Headphones,JBL,Headphones,13470.0,26,359,3.6,45248,187462
1197,Sony Wireless Headphones,Sony,Headphones,9002.0,37,86,3.9,84955,163730
1198,Sony Wireless Headphones,Sony,Headphones,10991.0,34,333,3.7,22263,10434
1199,Sony Wireless Headphones,Sony,Headphones,16103.0,32,923,4.5,55384,297921
1200,Noise Wireless Headphones,Noise,Headphones,9736.0,1,324,3.5,61574,308375
1201,Noise Wireless Headphones,Noise,Headphones,19689.0,31,102,4.1,75053,51336
1202,Boat Wireless Headphones,Boat,Headphones,12008.0,10,629,4.2,87485,178116
1203,JBL Wireless Headphones,JBL,Headphones,12905.0,40,867,5.0,26454,260645
1204,Sony Wireless Headphones,Sony,Headphones,18558.0,19,587,3.8,34764,25020
1205,Noise Wireless Headphones,Noise,Headphones,8401.0,37,97,4.4,12063,376385
1206,Apple Wireless Headphones,Apple,Headphones,12037.0,33,486,3.9,74252,420152
1207,Noise Wireless Headphones,Noise,Headphones,7872.0,19,516,4.0,10058,341692
1208,JBL Wireless Headphones,JBL,Headphones,15185.0,26,411,4.5,41081,104997
1209,JBL Wireless Headphones,JBL,Headphones,17887.0,1,642,4.2,71780,94786
1210,Apple Wireless Headphones,Apple,Headphones,7112.0,47,960,4.4,27922,346552
1211,Noise Wireless Headphones,Noise,Headphones,9779.0,39,873,4.9,69834,424214
1212,Noise Wireless Headphones,Noise,Headphones,19550.0,12,373,4.6,7858,273919
1213,Noise Wireless Headphones,Noise,Headphones,5841.0,48,307,3.9,97846,359398
1214,Noise Wireless Headphones,Noise,Headphones,14443.0,13,866,4.0,8454,332460
1215,Noise Wireless Headphones,Noise,Headphones,9746.0,16,703,4.7,84688,84292
1216,Apple Wireless Headphones,Apple,Headphones,8737.0,12,28,4.1,14894,78723
1217,Boat Wireless Headphones,Boat,Headphones,11175.0,27,662,4.2,73387,228759
1218,Sony Wireless Headphones,Sony,Headphones,7618.0,16,808,3.7,17892,15378
1219,JBL Wireless Headphones,JBL,Headphones,19045.0,31,801,3.8,5545,378884
1220,Sony Wireless Headphones,Sony,Headphones,2812.0,38,305,4.8,11010,164676
1221,Sony Wireless Headphones,Sony,Headphones,14336.0,5,406,4.8,88047,344782
1222,Boat Wireless Headphones,Boat,Headphones,8734.0,7,534,3.7,96279,262374
1223,Apple Wireless Headphones,Apple,Headphones,18211.0,38,125,3.9,11839,124920
1224,JBL Wireless Headphones,JBL,Headphones,11790.0,47,761,4.7,96641,204546
1225,Boat Wireless Headphones,Boat,Headphones,14856.0,13,993,3.8,14010,91931
1226,JBL Wireless Headphones,JBL,Headphones,15400.0,31,546,4.1,77274,29421
1227,JBL Wireless Headphones,JBL,Headphones,4701.0,43,252,4.0,55555,249060
1228,JBL Wireless Headphones,JBL,Headphones,5748.0,19,21,4.0,93814,192901
1229,Apple Wireless Headphones,Apple,Headphones,2140.0,3,707,4.8,86808,418975
1230,Boat Wireless Headphones,Boat,Headphones,9289.0,44,371,4.3,40546,335093
1231,Sony Wireless Headphones,Sony,Headphones,18527.0,0,931,4.8,57996,203770
1232,Noise Wireless Headphones,Noise,Headphones,9373.0,19,215,4.0,99187,123549
1233,Boat Wireless Headphones,Boat,Headphones,15380.0,50,34,4.4,84476,213112
1234,JBL Wireless Headphones,JBL,Headphones,3624.0,47,422,4.7,64457,247087
1235,JBL Wireless Headphones,JBL,Headphones,14840.0,10,715,4.8,13169,432323
1236,JBL Wireless Headphones,JBL,Headphones,17591.0,46,832,3.6,55174,315782
1237,Apple Wireless Headphones,Apple,Headphones,11707.0,3,656,4.2,3594,399594
1238,Boat Wireless Headphones,Boat,Headphones,15529.0,25,204,4.7,17847,1712
1239,JBL Wireless Headphones,JBL,Headphones,11280.0,15,528,4.4,14536,82844
1240,Boat Wireless Headphones,Boat,Headphones,14445.0,30,894,4.7,41874,236810
1241,Boat Wireless Headphones,Boat,Headphones,9541.0,20,818,3.8,77738,433564
1242,JBL Wireless Headphones,JBL,Headphones,7509.0,25,897,3.6,48192,95462
1243,Noise Wireless Headphones,Noise,Headphones,19690.0,35,662,3.8,3020,484076
1244,Apple Wireless Headphones,Apple,Headphones,8494.0,16,718,4.9,60620,104048
1245,Boat Wireless Headphones,Boat,Headphones,2631.0,16,152,4.1,56227,314878
1246,Sony Wireless Headphones,Sony,Headphones,13056.0,0,735,3.8,74359,61625
1247,Apple Wireless Headphones,Apple,Headphones,15259.0,43,506,4.7,59478,433821
1248,Sony Wireless Headphones,Sony,Headphones,8355.0,50,272,4.6,24985,496103
1249,JBL Wireless Headphones,JBL,Headphones,17192.0,13,614,4.1,56542,449067
1250,Boat Wireless Headphones,Boat,Headphones,10272.0,11,418,4.6,24830,219425
1251,Boat Wireless Headphones,Boat,Headphones,1942.0,39,461,3.9,34324,123562
1252,Boat Wireless Headphones,Boat,Headphones,13112.0,5,10,4.4,84844,240309
1253,Noise Wireless Headphones,Noise,Headphones,5364.0,43,217,4.8,90845,208533
1254,Noise Wireless Headphones,Noise,Headphones,14870.0,6,570,4.6,33594,38402
1255,Sony Wireless Headphones,Sony,Headphones,2707.0,22,620,4.0,30791,247004
1256,Apple Wireless Headphones,Apple,Headphones,2491.0,24,309,3.5,66141,324979
1257,Noise Wireless Headphones,Noise,Headphones,13153.0,37,183,3.7,73352,21661
1258,JBL Wireless Headphones,JBL,Headphones,6566.0,29,135,4.3,44466,460370
1259,Sony Wireless Headphones,Sony,Headphones,11397.0,16,119,4.6,56754,74441
1260,JBL Wireless Headphones,JBL,Headphones,2447.0,17,765,5.0,65442,457111
1261,JBL Wireless Headphones,JBL,Headphones,15093.0,48,948,3.9,34510,321452
1262,JBL Wireless Headphones,JBL,Headphones,17940.0,47,503,4.0,21634,165535
1263,Boat Wireless Headphones,Boat,Headphones,19208.0,28,54,4.8,86179,333889
1264,Boat Wireless Headphones,Boat,Headphones,5870.0,30,266,3.6,24014,18902
1265,Boat Wireless Headphones,Boat,Headphones,16307.0,28,365,4.2,64878,21486
1266,Apple Wireless Headphones,Apple,Headphones,16899.0,46,887,4.2,14754,443562
1267,Boat Wireless Headphones,Boat,Headphones,5051.0,18,184,4.0,26713,455272
1268,Boat Wireless Headphones,Boat,Headphones,17670.0,42,599,4.7,73835,467185
1269,Boat Wireless Headphones,Boat,Headphones,1135.0,26,942,4.3,74824,94770
1270,Sony Wireless Headphones,Sony,Headphones,9066.0,21,26,4.7,88733,49543
1271,JBL Wireless Headphones,JBL,Headphones,4997.0,6,857,4.1,77386,487241
1272,JBL Wireless Headphones,JBL,Headphones,6038.0,45,675,3.5,60333,435625
1273,Noise Wireless Headphones,Noise,Headphones,15878.0,42,5,4.4,35310,311634
1274,JBL Wireless Headphones,JBL,Headphones,2436.0,46,751,4.5,59398,170449
1275,Apple Wireless Headphones,Apple,Headphones,5237.0,41,289,3.8,6390,420347
1276,JBL Wireless Headphones,JBL,Headphones,2819.0,38,390,4.6,71726,499169
1277,Sony Wireless Headphones,Sony,Headphones,14069.0,25,91,3.9,31477,404261
1278,Sony Wireless Headphones,Sony,Headphones,7823.0,41,770,3.7,52752,149488
1279,Boat Wireless Headphones,Boat,Headphones,4951.0,19,925,3.9,56680,385917
1280,Apple Wireless Headphones,Apple,Headphones,5302.0,23,524,4.0,12607,436335
1281,Boat Wireless Headphones,Boat,Headphones,17043.0,17,576,4.2,50877,249891
1282,Apple Wireless Headphones,Apple,Headphones,14863.0,23,628,3.6,55392,425294
1283,Boat Wireless Headphones,Boat,Headphones,15224.0,32,349,4.4,12192,21301
1284,Noise Wireless Headphones,Noise,Headphones,8347.0,31,539,4.5,93547,81401
1285,Apple Wireless Headphones,Apple,Headphones,3751.0,30,307,3.9,57335,41614
1286,Boat Wireless Headphones,Boat,Headphones,5187.0,15,535,4.5,39385,441308
1287,Noise Wireless Headphones,Noise,Headphones,10682.0,2,525,4.4,72229,40225
1288,Sony Wireless Headphones,Sony,Headphones,17733.0,42,737,4.1,12394,243713
1289,Apple Wireless Headphones,Apple,Headphones,9302.0,49,515,4.0,76761,42970
1290,Sony Wireless Headphones,Sony,Headphones,4733.0,50,186,4.6,60680,94237
1291,Noise Wireless Headphones,Noise,Headphones,2483.0,20,601,3.6,92334,156153
1292,Noise Wireless Headphones,Noise,Headphones,15743.0,11,216,4.4,34753,179057
1293,Boat Wireless Headphones,Boat,Headphones,3563.0,43,108,4.6,79184,136057
1294,Noise Wireless Headphones,Noise,Headphones,18510.0,0,175,3.5,51774,61273
1295,Noise Wireless Headphones,Noise,Headphones,16078.0,38,743,4.5,86218,390299
1296,Noise Wireless Headphones,Noise,Headphones,10922.0,44,689,4.4,80847,189225
1297,Noise Wireless Headphones,Noise,Headphones,10917.0,12,114,3.6,17719,7374
1298,Sony Wireless Headphones,Sony,Headphones,7167.0,41,148,4.8,27434,252343
1299,Boat Wireless Headphones,Boat,Headphones,15279.0,5,308,4.8,70603,100194
1300,Noise Wireless Headphones,Noise,Headphones,5855.0,10,924,4.2,2869,61157
1301,Boat Wireless Headphones,Boat,Headphones,15590.0,28,599,4.9,61809,10390
1302,Boat Wireless Headphones,Boat,Headphones,7597.0,21,8,3.9,51355,26797
1303,Sony Wireless Headphones,Sony,Headphones,15148.0,37,610,5.0,64982,386541
1304,Apple Wireless Headphones,Apple,Headphones,10528.0,32,605,3.6,52396,254956
1305,Apple Wireless Headphones,Apple,Headphones,16987.0,1,432,3.8,7966,277085
1306,Apple Wireless Headphones,Apple,Headphones,11349.0,41,427,4.3,35117,468224
1307,Noise Wireless Headphones,Noise,Headphones,4831.0,28,714,4.2,84706,181904
1308,Noise Wireless Headphones,Noise,Headphones,1681.0,30,352,3.7,95195,100868
1309,Noise Wireless Headphones,Noise,Headphones,8605.0,43,347,4.3,77035,476714
1310,Apple Wireless Headphones,Apple,Headphones,16350.0,45,399,3.7,38465,379157
1311,Noise Wireless Headphones,Noise,Headphones,12804.0,13,289,4.7,21247,326124
1312,Sony Wireless Headphones,Sony,Headphones,16823.0,38,503,3.7,26156,82053
1313,Sony Wireless Headphones,Sony,Headphones,14630.0,15,214,4.9,64723,159301
1314,Apple Wireless Headphones,Apple,Headphones,2541.0,16,365,5.0,47036,461948
1315,Boat Wireless Headphones,Boat,Headphones,6725.0,4,345,4.7,66001,16861
1316,Noise Wireless Headphones,Noise,Headphones,4734.0,14,498,4.4,15828,294740
1317,JBL Wireless Headphones,JBL,Headphones,12151.0,35,273,4.7,6127,403851
1318,Boat Wireless Headphones,Boat,Headphones,17888.0,3,948,4.4,13660,370459
1319,Noise Wireless Headphones,Noise,Headphones,15979.0,6,800,4.9,99069,58259
1320,Apple Wireless Headphones,Apple,Headphones,4338.0,6,171,4.7,5511,266074
1321,Sony Wireless Headphones,Sony,Headphones,7730.0,18,725,4.9,20592,381964
1322,Noise Wireless Headphones,Noise,Headphones,17577.0,41,372,4.2,13024,80995
1323,JBL Wireless Headphones,JBL,Headphones,5514.0,26,787,3.7,26472,230319
1324,Sony Wireless Headphones,Sony,Headphones,9038.0,18,517,4.8,62094,179050
1325,Boat Wireless Headphones,Boat,Headphones,3792.0,26,369,3.9,93752,395856
1326,Boat Wireless Headphones,Boat,Headphones,5967.0,50,233,4.6,69432,221203
1327,Boat Wireless Headphones,Boat,Headphones,15051.0,29,974,4.1,53658,470944
1328,Apple Wireless Headphones,Apple,Headphones,12854.0,49,10,4.9,58019,76428
1329,Apple Wireless Headphones,Apple,Headphones,3280.0,49,168,3.6,41272,210680
1330,Noise Wireless Headphones,Noise,Headphones,3014.0,41,154,4.1,4871,346222
1331,Apple Wireless Headphones,Apple,Headphones,2894.0,42,896,5.0,93512,419043
1332,Apple Wireless Headphones,Apple,Headphones,10690.0,35,894,4.1,89253,367515
1333,JBL Wireless Headphones,JBL,Headphones,11279.0,17,921,4.9,1045,433688
1334,Apple Wireless Headphones,Apple,Headphones,5812.0,13,908,4.6,58492,337678
1335,Apple Wireless Headphones,Apple,Headphones,15488.0,49,202,4.5,85043,212177
1336,JBL Wireless Headphones,JBL,Headphones,3761.0,46,736,3.6,43852,204568
1337,Boat Wireless Headphones,Boat,Headphones,18054.0,5,523,5.0,37224,112158
1338,Apple Wireless Headphones,Apple,Headphones,11231.0,10,23,4.3,99237,333382
1339,Sony Wireless Headphones,Sony,Headphones,18692.0,49,311,4.4,31642,436427
1340,Noise Wireless Headphones,Noise,Headphones,17556.0,23,265,3.7,7867,441332
1341,Apple Wireless Headphones,Apple,Headphones,12615.0,7,459,3.7,99173,341391
1342,JBL Wireless Headphones,JBL,Headphones,19757.0,15,824,4.6,59404,177823
1343,Apple Wireless Headphones,Apple,Headphones,19533.0,34,864,4.6,82289,349024
1344,Apple Wireless Headphones,Apple,Headphones,8662.0,50,834,4.0,37304,349759
1345,Apple Wireless Headphones,Apple,Headphones,5586.0,15,107,4.6,68123,386768
1346,JBL Wireless Headphones,JBL,Headphones,17923.0,6,150,4.4,47362,238289
1347,Noise Wireless Headphones,Noise,Headphones,14502.0,8,487,3.6,8161,222863
1348,Boat Wireless Headphones,Boat,Headphones,15619.0,25,602,3.6,88722,276009
1349,Apple Wireless Headphones,Apple,Headphones,18004.0,31,651,4.7,34572,306443
1350,Noise Wireless Headphones,Noise,Headphones,15420.0,26,843,4.5,64175,383730
1351,Boat Wireless Headphones,Boat,Headphones,5729.0,29,132,4.3,63549,372947
1352,Apple Wireless Headphones,Apple,Headphones,18338.0,30,33,3.7,27881,238877
1353,Boat Wireless Headphones,Boat,Headphones,19318.0,26,112,4.1,15576,315511
1354,Sony Wireless Headphones,Sony,Headphones,13110.0,9,120,4.4,5289,274185
1355,JBL Wireless Headphones,JBL,Headphones,10991.0,31,28,5.0,39758,154230
1356,Boat Wireless Headphones,Boat,Headphones,5657.0,19,910,4.7,55290,25607
1357,JBL Wireless Headphones,JBL,Headphones,8064.0,0,125,3.8,96958,256368
1358,Apple Wireless Headphones,Apple,Headphones,12424.0,30,586,3.6,5866,219029
1359,JBL Wireless Headphones,JBL,Headphones,19538.0,24,486,4.2,44289,409752
1360,Apple Wireless Headphones,Apple,Headphones,5351.0,29,779,4.6,66170,333788
1361,Noise Wireless Headphones,Noise,Headphones,15715.0,5,819,3.7,95412,170606
1362,Apple Wireless Headphones,Apple,Headphones,14422.0,34,46,4.1,51835,177832
1363,Noise Wireless Headphones,Noise,Headphones,10089.0,1,585,4.5,21717,370880
1364,JBL Wireless Headphones,JBL,Headphones,19384.0,5,197,4.5,84409,293361
1365,Apple Wireless Headphones,Apple,Headphones,18754.0,33,193,4.4,6940,299072
1366,Noise Wireless Headphones,Noise,Headphones,17470.0,34,184,4.8,15775,345214
1367,Sony Wireless Headphones,Sony,Headphones,10009.0,45,859,4.7,32160,435096
1368,Apple Wireless Headphones,Apple,Headphones,15556.0,20,411,3.6,69942,318266
1369,Apple Wireless Headphones,Apple,Headphones,2474.0,27,184,4.2,3059,178335
1370,Noise Wireless Headphones,Noise,Headphones,1788.0,16,93,4.8,41609,200383
1371,Sony Wireless Headphones,Sony,Headphones,4254.0,11,261,4.3,37411,75615
1372,Sony Wireless Headphones,Sony,Headphones,6053.0,10,60,4.0,53392,355886
1373,Apple Wireless Headphones,Apple,Headphones,11659.0,19,399,3.8,93503,30771
1374,Sony Wireless Headphones,Sony,Headphones,11487.0,24,964,3.7,42505,135331
1375,Sony Wireless Headphones,Sony,Headphones,2699.0,37,242,3.8,98593,313102
1376,Noise Wireless Headphones,Noise,Headphones,17666.0,7,275,4.6,50479,497836
1377,Sony Wireless Headphones,Sony,Headphones,11431.0,30,29,4.2,53366,34418
1378,Noise Wireless Headphones,Noise,Headphones,8659.0,35,986,4.9,2450,141217
1379,Apple Wireless Headphones,Apple,Headphones,4326.0,50,128,3.9,72716,341700
1380,JBL Wireless Headphones,JBL,Headphones,19620.0,40,512,4.1,11008,443793
1381,Boat Wireless Headphones,Boat,Headphones,5665.0,15,550,4.1,22054,410105
1382,Noise Wireless Headphones,Noise,Headphones,19191.0,29,984,4.2,141,426159
1383,Apple Wireless Headphones,Apple,Headphones,10478.0,3,955,4.5,21949,384
1384,Noise Wireless Headphones,Noise,Headphones,9955.0,22,862,4.4,89138,199409
1385,Boat Wireless Headphones,Boat,Headphones,17722.0,34,576,3.9,21167,387644
1386,Sony Wireless Headphones,Sony,Headphones,10851.0,8,742,3.6,91554,64575
1387,Apple Wireless Headphones,Apple,Headphones,10157.0,32,980,4.8,27646,320149
1388,JBL Wireless Headphones,JBL,Headphones,12227.0,28,279,4.5,98667,371166
1389,Boat Wireless Headphones,Boat,Headphones,11539.0,21,16,4.0,60276,314417
1390,Boat Wireless Headphones,Boat,Headphones,1067.0,0,688,4.4,570,472716
1391,Boat Wireless Headphones,Boat,Headphones,14538.0,31,780,4.3,91300,368831
1392,Noise Wireless Headphones,Noise,Headphones,18633.0,4,551,3.6,85088,341551
1393,Sony Wireless Headphones,Sony,Headphones,15587.0,24,847,4.5,46277,426231
1394,Apple Wireless Headphones,Apple,Headphones,12729.0,7,473,4.1,91371,4520
1395,JBL Wireless Headphones,JBL,Headphones,7323.0,1,776,4.2,29045,389721
1396,JBL Wireless Headphones,JBL,Headphones,12725.0,19,827,3.8,80415,327904
1397,Boat Wireless Headphones,Boat,Headphones,8676.0,17,504,5.0,47589,19391
1398,Apple Wireless Headphones,Apple,Headphones,7851.0,7,890,3.5,83691,207763
1399,JBL Wireless Headphones,JBL,Headphones,19648.0,12,675,4.3,22354,289394
1400,Apple Wireless Headphones,Apple,Headphones,19518.0,47,66,3.8,77101,67338
1401,Boat Wireless Headphones,Boat,Headphones,9507.0,33,746,4.9,29889,461999
1402,JBL Wireless Headphones,JBL,Headphones,7286.0,43,545,4.8,3040,363424
1403,Apple Wireless Headphones,Apple,Headphones,9287.0,27,656,4.5,59507,1124
1404,Sony Wireless Headphones,Sony,Headphones,11584.0,7,696,4.1,53340,143773
1405,Apple Wireless Headphones,Apple,Headphones,16289.0,2,905,4.2,67807,398045
1406,Boat Wireless Headphones,Boat,Headphones,2538.0,28,323,3.9,55068,279236
1407,Sony Wireless Headphones,Sony,Headphones,13840.0,36,827,3.8,10732,461525
1408,Sony Wireless Headphones,Sony,Headphones,8393.0,15,201,5.0,55560,39128
1409,Boat Wireless Headphones,Boat,Headphones,11788.0,6,28,4.0,82060,327934
1410,Noise Wireless Headphones,Noise,Headphones,15154.0,40,957,4.7,77674,418073
1411,JBL Wireless Headphones,JBL,Headphones,9205.0,21,852,3.9,62082,125068
1412,Sony Wireless Headphones,Sony,Headphones,11931.0,4,794,4.3,31040,494790
1413,Apple Wireless Headphones,Apple,Headphones,15369.0,37,127,4.6,81975,234171
1414,Sony Wireless Headphones,Sony,Headphones,2988.0,44,66,4.9,49475,164348
1415,Boat Wireless Headphones,Boat,Headphones,3031.0,19,625,4.9,57933,28825
1416,Noise Wireless Headphones,Noise,Headphones,3155.0,3,301,3.7,7322,293312
1417,Noise Wireless Headphones,Noise,Headphones,14162.0,14,885,3.6,98571,215638
1418,Apple Wireless Headphones,Apple,Headphones,1347.0,27,901,4.2,60854,416995
1419,Apple Wireless Headphones,Apple,Headphones,4318.0,1,464,4.0,88585,410580
1420,Apple Wireless Headphones,Apple,Headphones,11754.0,0,609,4.4,14166,53938
1421,Sony Wireless Headphones,Sony,Headphones,7344.0,32,262,4.9,16522,334262
1422,JBL Wireless Headphones,JBL,Headphones,14795.0,11,248,4.2,81386,233211
1423,Boat Wireless Headphones,Boat,Headphones,2444.0,27,525,3.6,40860,306558
1424,JBL Wireless Headphones,JBL,Headphones,11197.0,9,150,4.4,70938,406683
1425,Noise Wireless Headphones,Noise,Headphones,11114.0,0,530,4.4,38160,193473
1426,Apple Wireless Headphones,Apple,Headphones,5738.0,35,879,3.6,66477,429588
1427,Sony Wireless Headphones,Sony,Headphones,14830.0,12,804,4.0,26273,335935
1428,Sony Wireless Headphones,Sony,Headphones,12191.0,44,478,3.8,62364,364365
1429,Apple Wireless Headphones,Apple,Headphones,11850.0,39,306,4.8,74209,176082
1430,Noise Wireless Headphones,Noise,Headphones,11768.0,50,932,3.7,59556,459431
1431,Sony Wireless Headphones,Sony,Headphones,17250.0,14,709,3.8,494,334997
1432,Boat Wireless Headphones,Boat,Headphones,16287.0,47,786,4.4,31338,252149
1433,JBL Wireless Headphones,JBL,Headphones,13317.0,0,371,3.8,24159,433206
1434,Sony Wireless Headphones,Sony,Headphones,3416.0,9,297,4.0,72714,60492
1435,Noise Wireless Headphones,Noise,Headphones,7370.0,1,203,4.4,47184,23118
1436,Boat Wireless Headphones,Boat,Headphones,10309.0,11,347,3.8,34350,376977
1437,Apple Wireless Headphones,Apple,Headphones,9059.0,16,932,3.8,2827,92415
1438,Sony Wireless Headphones,Sony,Headphones,1687.0,41,806,4.7,17998,198764
1439,Sony Wireless Headphones,Sony,Headphones,12088.0,15,378,4.9,39996,239282
1440,JBL Wireless Headphones,JBL,Headphones,6615.0,27,899,4.9,81694,462345
1441,Sony Wireless Headphones,Sony,Headphones,4882.0,12,196,3.7,17153,416855
1442,Apple Wireless Headphones,Apple,Headphones,13392.0,27,1000,4.5,41684,314436
1443,Boat Wireless Headphones,Boat,Headphones,2513.0,34,301,4.6,76991,99243
1444,Boat Wireless Headphones,Boat,Headphones,11737.0,17,893,3.9,82514,417229
1445,Boat Wireless Headphones,Boat,Headphones,17654.0,46,83,5.0,64102,109800
1446,Noise Wireless Headphones,Noise,Headphones,3125.0,41,769,3.8,50881,394001
1447,Apple Wireless Headphones,Apple,Headphones,13263.0,20,729,4.2,60862,93946
1448,JBL Wireless Headphones,JBL,Headphones,18218.0,30,274,4.5,93811,259513
1449,Apple Wireless Headphones,Apple,Headphones,14138.0,2,212,4.5,76553,340749
1450,Boat Wireless Headphones,Boat,Headphones,7651.0,13,313,4.2,30731,207665
1451,Noise Wireless Headphones,Noise,Headphones,13356.0,35,86,4.4,49044,133546
1452,Boat Wireless Headphones,Boat,Headphones,3753.0,14,597,3.9,68012,184426
1453,Sony Wireless Headphones,Sony,Headphones,16245.0,28,478,4.3,44099,223500
1454,Noise Wireless Headphones,Noise,Headphones,14400.0,17,391,4.1,65223,166310
1455,Sony Wireless Headphones,Sony,Headphones,6884.0,4,367,4.2,34825,338451
1456,Sony Wireless Headphones,Sony,Headphones,10650.0,41,80,4.8,67222,286703
1457,JBL Wireless Headphones,JBL,Headphones,8462.0,2,559,3.6,9361,188967
1458,Boat Wireless Headphones,Boat,Headphones,11936.0,19,763,3.8,43164,131184
1459,JBL Wireless Headphones,JBL,Headphones,7246.0,48,733,4.6,18080,448365
1460,Apple Wireless Headphones,Apple,Headphones,9556.0,22,801,3.5,39262,147868
1461,Noise Wireless Headphones,Noise,Headphones,14295.0,0,483,4.7,99337,343670
1462,Apple Wireless Headphones,Apple,Headphones,5891.0,46,767,4.8,29839,119074
1463,Boat Wireless Headphones,Boat,Headphones,16546.0,35,775,3.9,76949,412177
1464,Noise Wireless Headphones,Noise,Headphones,16119.0,12,439,4.0,11265,164241
1465,Noise Wireless Headphones,Noise,Headphones,7867.0,23,142,4.2,73206,15883
1466,Apple Wireless Headphones,Apple,Headphones,5205.0,31,829,4.0,96715,5175
1467,JBL Wireless Headphones,JBL,Headphones,12135.0,48,413,3.8,55809,359637
1468,Apple Wireless Headphones,Apple,Headphones,10818.0,50,32,4.0,3056,297674
1469,Boat Wireless Headphones,Boat,Headphones,6036.0,40,818,5.0,43296,297995
1470,Apple Wireless Headphones,Apple,Headphones,19804.0,25,65,4.8,49990,107162
1471,Apple Wireless Headphones,Apple,Headphones,13662.0,36,985,3.8,14249,172507
1472,Noise Wireless Headphones,Noise,Headphones,10982.0,35,181,3.6,13682,353934
1473,Sony Wireless Headphones,Sony,Headphones,17010.0,24,290,3.5,26093,36533
1474,Boat Wireless Headphones,Boat,Headphones,8636.0,29,58,3.9,68743,36789
1475,JBL Wireless Headphones,JBL,Headphones,17991.0,26,400,3.5,42840,450834
1476,Boat Wireless Headphones,Boat,Headphones,4628.0,47,70,3.7,54852,250841
1477,Noise Wireless Headphones,Noise,Headphones,7765.0,27,837,3.7,26968,162501
1478,Noise Wireless Headphones,Noise,Headphones,6202.0,12,514,4.4,40683,308114
1479,Noise Wireless Headphones,Noise,Headphones,10025.0,4,844,3.8,18712,233791
1480,Noise Wireless Headphones,Noise,Headphones,9088.0,31,471,4.3,74619,461074
1481,Noise Wireless Headphones,Noise,Headphones,19878.0,41,902,3.6,11951,151048
1482,Noise Wireless Headphones,Noise,Headphones,12363.0,19,400,4.6,93287,415517
1483,Apple Wireless Headphones,Apple,Headphones,6738.0,39,750,4.1,23547,471940
1484,Noise Wireless Headphones,Noise,Headphones,16002.0,44,582,4.1,86396,96277
1485,Sony Wireless Headphones,Sony,Headphones,13895.0,10,280,4.5,5733,125769
1486,Apple Wireless Headphones,Apple,Headphones,10564.0,46,739,4.5,8758,366076
1487,Boat Wireless Headphones,Boat,Headphones,17170.0,7,377,4.1,99868,289938
1488,Sony Wireless Headphones,Sony,Headphones,4447.0,28,168,4.3,42741,215108
1489,JBL Wireless Headphones,JBL,Headphones,7795.0,4,654,4.3,60587,14107
1490,Noise Wireless Headphones,Noise,Headphones,13489.0,12,406,4.0,52352,448771
1491,Sony Wireless Headphones,Sony,Headphones,1351.0,8,334,3.9,92953,480943
1492,Noise Wireless Headphones,Noise,Headphones,16884.0,42,248,4.2,10829,287634
1493,Noise Wireless Headphones,Noise,Headphones,5595.0,10,174,4.2,36597,441321
1494,Sony Wireless Headphones,Sony,Headphones,4293.0,47,400,3.8,16282,280412
1495,Boat Wireless Headphones,Boat,Headphones,3542.0,17,157,4.5,1479,355243
1496,Noise Wireless Headphones,Noise,Headphones,12733.0,43,545,3.8,93649,18159
1497,Boat Wireless Headphones,Boat,Headphones,15485.0,33,656,4.5,83213,425565
1498,Sony Wireless Headphones,Sony,Headphones,13799.0,38,4,4.5,58204,27580
1499,Sony Wireless Headphones,Sony,Headphones,13366.0,15,204,4.7,32738,196521
1500,Sony Wireless Headphones,Sony,Headphones,1525.0,12,696,4.1,1918,176846
1501,Logitech Mechanical Keyboard,Logitech,Keyboard,2306.0,42,171,4.9,12671,417917
1502,Redragon Mechanical Keyboard,Redragon,Keyboard,860.0,20,330,4.1,14124,427722
1503,Redragon Mechanical Keyboard,Redragon,Keyboard,5617.0,27,123,3.8,71012,207227
1504,Redragon Mechanical Keyboard,Redragon,Keyboard,2251.0,0,411,3.7,42394,91127
1505,HP Mechanical Keyboard,HP,Keyboard,598.0,4,673,4.1,60142,115493
1506,HP Mechanical Keyboard,HP,Keyboard,5824.0,13,420,4.4,5769,35400
1507,HP Mechanical Keyboard,HP,Keyboard,6787.0,34,810,4.4,13354,373671
1508,Redragon Mechanical Keyboard,Redragon,Keyboard,2563.0,40,713,4.9,78635,170155
1509,Dell Mechanical Keyboard,Dell,Keyboard,6053.0,21,179,4.9,90937,69794
1510,HP Mechanical Keyboard,HP,Keyboard,7475.0,1,623,4.5,8859,175791
1511,Dell Mechanical Keyboard,Dell,Keyboard,3632.0,32,601,4.3,97241,121957
1512,Logitech Mechanical Keyboard,Logitech,Keyboard,2405.0,7,316,3.5,99485,470270
1513,Redragon Mechanical Keyboard,Redragon,Keyboard,6544.0,5,61,4.1,31932,325035
1514,Redragon Mechanical Keyboard,Redragon,Keyboard,3568.0,24,209,4.2,26488,79619
1515,Logitech Mechanical Keyboard,Logitech,Keyboard,2450.0,28,756,4.9,78400,496011
1516,HP Mechanical Keyboard,HP,Keyboard,1599.0,48,40,3.9,84368,412699
1517,Dell Mechanical Keyboard,Dell,Keyboard,5808.0,14,867,4.7,98386,12522
1518,HP Mechanical Keyboard,HP,Keyboard,3307.0,42,254,3.9,70698,28450
1519,Redragon Mechanical Keyboard,Redragon,Keyboard,5481.0,11,452,4.8,68360,168730
1520,Logitech Mechanical Keyboard,Logitech,Keyboard,1029.0,3,649,4.8,9183,101007
1521,Redragon Mechanical Keyboard,Redragon,Keyboard,2172.0,35,851,3.7,22774,310809
1522,Redragon Mechanical Keyboard,Redragon,Keyboard,2435.0,29,318,4.3,55878,380203
1523,Redragon Mechanical Keyboard,Redragon,Keyboard,6411.0,38,254,3.8,55586,92603
1524,HP Mechanical Keyboard,HP,Keyboard,2837.0,17,883,4.4,83319,105692
1525,Dell Mechanical Keyboard,Dell,Keyboard,1155.0,24,171,4.9,47141,208894
1526,Dell Mechanical Keyboard,Dell,Keyboard,4115.0,27,778,4.1,79884,385413
1527,Redragon Mechanical Keyboard,Redragon,Keyboard,7214.0,48,390,4.9,63186,10486
1528,Dell Mechanical Keyboard,Dell,Keyboard,7496.0,34,156,3.6,39361,312147
1529,Redragon Mechanical Keyboard,Redragon,Keyboard,2607.0,18,384,4.1,40098,237918
1530,Dell Mechanical Keyboard,Dell,Keyboard,1089.0,12,158,4.0,93708,246126
1531,Redragon Mechanical Keyboard,Redragon,Keyboard,534.0,46,383,3.5,65637,383023
1532,Dell Mechanical Keyboard,Dell,Keyboard,3814.0,23,393,4.9,51737,389223
1533,Dell Mechanical Keyboard,Dell,Keyboard,3021.0,26,906,4.5,77120,37447
1534,Logitech Mechanical Keyboard,Logitech,Keyboard,1519.0,12,781,4.1,74145,85224
1535,Dell Mechanical Keyboard,Dell,Keyboard,2591.0,22,521,4.7,98520,378764
1536,Dell Mechanical Keyboard,Dell,Keyboard,5701.0,41,394,4.5,91295,30353
1537,Dell Mechanical Keyboard,Dell,Keyboard,6526.0,23,646,3.9,62626,18191
1538,Logitech Mechanical Keyboard,Logitech,Keyboard,6213.0,38,466,4.5,19393,137112
1539,Redragon Mechanical Keyboard,Redragon,Keyboard,2583.0,42,861,3.9,75814,499105
1540,Redragon Mechanical Keyboard,Redragon,Keyboard,601.0,45,938,3.7,12108,337949
1541,Dell Mechanical Keyboard,Dell,Keyboard,3757.0,12,897,4.6,10541,271962
1542,Dell Mechanical Keyboard,Dell,Keyboard,1858.0,19,512,4.7,33154,362821
1543,Dell Mechanical Keyboard,Dell,Keyboard,5301.0,46,890,4.0,53960,394606
1544,Logitech Mechanical Keyboard,Logitech,Keyboard,1395.0,9,275,4.5,45150,426989
1545,Redragon Mechanical Keyboard,Redragon,Keyboard,6629.0,10,835,4.1,40393,3466
1546,Dell Mechanical Keyboard,Dell,Keyboard,512.0,33,426,3.6,91277,219168
1547,HP Mechanical Keyboard,HP,Keyboard,6505.0,11,720,4.1,23131,196525
1548,Redragon Mechanical Keyboard,Redragon,Keyboard,2122.0,7,461,4.2,65888,497378
1549,Redragon Mechanical Keyboard,Redragon,Keyboard,2020.0,48,196,3.8,98302,95902
1550,HP Mechanical Keyboard,HP,Keyboard,7891.0,39,111,4.8,57777,328743
1551,Redragon Mechanical Keyboard,Redragon,Keyboard,1153.0,17,65,3.9,49519,65469
1552,HP Mechanical Keyboard,HP,Keyboard,743.0,43,778,4.4,62648,254481
1553,Logitech Mechanical Keyboard,Logitech,Keyboard,577.0,42,596,3.6,98549,3888
1554,Logitech Mechanical Keyboard,Logitech,Keyboard,1293.0,38,532,3.8,961,197057
1555,HP Mechanical Keyboard,HP,Keyboard,4480.0,27,344,4.2,44185,316964
1556,HP Mechanical Keyboard,HP,Keyboard,6085.0,15,963,4.8,41327,428363
1557,HP Mechanical Keyboard,HP,Keyboard,5948.0,22,894,4.1,80069,30111
1558,HP Mechanical Keyboard,HP,Keyboard,7104.0,44,411,3.7,59899,456514
1559,Redragon Mechanical Keyboard,Redragon,Keyboard,710.0,44,769,4.4,69560,146621
1560,Redragon Mechanical Keyboard,Redragon,Keyboard,3518.0,30,527,4.2,89949,345540
1561,Dell Mechanical Keyboard,Dell,Keyboard,5908.0,20,17,3.8,83643,493946
1562,HP Mechanical Keyboard,HP,Keyboard,7655.0,43,454,3.6,96454,170768
1563,Redragon Mechanical Keyboard,Redragon,Keyboard,5470.0,50,83,4.2,96899,321274
1564,HP Mechanical Keyboard,HP,Keyboard,4005.0,44,926,4.9,62416,345259
1565,Logitech Mechanical Keyboard,Logitech,Keyboard,6515.0,45,146,4.1,79593,102376
1566,Logitech Mechanical Keyboard,Logitech,Keyboard,1547.0,43,561,4.2,11425,158093
1567,Dell Mechanical Keyboard,Dell,Keyboard,1876.0,42,553,4.8,15172,252895
1568,Redragon Mechanical Keyboard,Redragon,Keyboard,2493.0,42,716,3.8,98740,495137
1569,Logitech Mechanical Keyboard,Logitech,Keyboard,1364.0,10,951,4.2,93826,15420
1570,HP Mechanical Keyboard,HP,Keyboard,7894.0,46,263,4.1,36757,115640
1571,Dell Mechanical Keyboard,Dell,Keyboard,7852.0,34,648,4.5,87235,71275
1572,Dell Mechanical Keyboard,Dell,Keyboard,1240.0,14,954,4.7,43630,457247
1573,Logitech Mechanical Keyboard,Logitech,Keyboard,5775.0,47,742,4.0,94046,389629
1574,Dell Mechanical Keyboard,Dell,Keyboard,5856.0,27,827,4.5,73659,448964
1575,Redragon Mechanical Keyboard,Redragon,Keyboard,2331.0,7,91,3.9,38148,46069
1576,HP Mechanical Keyboard,HP,Keyboard,6566.0,7,586,4.4,24672,390494
1577,HP Mechanical Keyboard,HP,Keyboard,1543.0,47,1,4.8,49842,302570
1578,HP Mechanical Keyboard,HP,Keyboard,1006.0,24,433,4.4,24895,444234
1579,HP Mechanical Keyboard,HP,Keyboard,6818.0,50,129,4.0,89047,489745
1580,Redragon Mechanical Keyboard,Redragon,Keyboard,1373.0,29,323,4.1,70565,446983
1581,Redragon Mechanical Keyboard,Redragon,Keyboard,7185.0,43,466,4.9,28702,262156
1582,Redragon Mechanical Keyboard,Redragon,Keyboard,5427.0,44,35,3.9,97928,348935
1583,HP Mechanical Keyboard,HP,Keyboard,3030.0,17,868,4.3,90266,64830
1584,Dell Mechanical Keyboard,Dell,Keyboard,5669.0,45,989,4.7,64893,152927
1585,Dell Mechanical Keyboard,Dell,Keyboard,981.0,45,215,5.0,43675,80159
1586,Redragon Mechanical Keyboard,Redragon,Keyboard,6237.0,31,744,4.6,23474,449298
1587,Dell Mechanical Keyboard,Dell,Keyboard,2950.0,10,22,5.0,86419,478447
1588,Dell Mechanical Keyboard,Dell,Keyboard,3264.0,48,400,4.1,62062,182713
1589,Dell Mechanical Keyboard,Dell,Keyboard,1088.0,44,945,4.3,37108,148140
1590,Redragon Mechanical Keyboard,Redragon,Keyboard,6243.0,8,331,4.8,51622,51123
1591,Logitech Mechanical Keyboard,Logitech,Keyboard,7461.0,41,167,4.9,39865,239978
1592,Redragon Mechanical Keyboard,Redragon,Keyboard,4119.0,9,214,4.5,38162,470500
1593,Redragon Mechanical Keyboard,Redragon,Keyboard,7089.0,0,370,4.6,96389,341536
1594,Logitech Mechanical Keyboard,Logitech,Keyboard,6056.0,27,695,4.7,19356,197523
1595,Redragon Mechanical Keyboard,Redragon,Keyboard,961.0,3,120,3.6,62121,94279
1596,HP Mechanical Keyboard,HP,Keyboard,5361.0,46,413,4.2,19483,328814
1597,Redragon Mechanical Keyboard,Redragon,Keyboard,778.0,19,704,3.7,51999,256280
1598,Redragon Mechanical Keyboard,Redragon,Keyboard,5847.0,42,674,4.6,90684,417079
1599,Logitech Mechanical Keyboard,Logitech,Keyboard,6871.0,17,647,4.2,85247,200430
1600,Dell Mechanical Keyboard,Dell,Keyboard,3509.0,7,500,3.5,15296,43425
1601,Redragon Mechanical Keyboard,Redragon,Keyboard,688.0,17,710,4.4,75065,251495
1602,Logitech Mechanical Keyboard,Logitech,Keyboard,7007.0,41,719,4.4,50336,253955
1603,Dell Mechanical Keyboard,Dell,Keyboard,2944.0,4,730,4.4,13043,170613
1604,Redragon Mechanical Keyboard,Redragon,Keyboard,3820.0,35,837,4.7,2598,206562
1605,Dell Mechanical Keyboard,Dell,Keyboard,1023.0,45,838,4.3,76650,282681
1606,Logitech Mechanical Keyboard,Logitech,Keyboard,6672.0,7,185,4.6,86331,470702
1607,Redragon Mechanical Keyboard,Redragon,Keyboard,543.0,2,131,4.3,41205,64611
1608,Redragon Mechanical Keyboard,Redragon,Keyboard,5846.0,48,35,3.7,73737,134716
1609,Logitech Mechanical Keyboard,Logitech,Keyboard,1521.0,10,433,4.3,47662,285536
1610,Logitech Mechanical Keyboard,Logitech,Keyboard,2534.0,50,300,4.0,68094,474381
1611,Dell Mechanical Keyboard,Dell,Keyboard,1645.0,33,932,4.4,91118,164168
1612,HP Mechanical Keyboard,HP,Keyboard,5465.0,6,678,4.3,27514,360773
1613,Logitech Mechanical Keyboard,Logitech,Keyboard,2442.0,13,980,3.6,18578,157233
1614,Redragon Mechanical Keyboard,Redragon,Keyboard,5432.0,17,131,4.3,77576,188353
1615,Dell Mechanical Keyboard,Dell,Keyboard,1109.0,41,925,4.3,34177,200263
1616,Redragon Mechanical Keyboard,Redragon,Keyboard,3777.0,27,962,4.2,33325,354794
1617,Redragon Mechanical Keyboard,Redragon,Keyboard,4890.0,17,648,3.8,82528,384232
1618,Redragon Mechanical Keyboard,Redragon,Keyboard,6352.0,32,619,4.1,86165,339718
1619,Redragon Mechanical Keyboard,Redragon,Keyboard,3938.0,27,388,4.7,41475,413125
1620,Logitech Mechanical Keyboard,Logitech,Keyboard,5444.0,34,112,3.9,35415,65437
1621,Dell Mechanical Keyboard,Dell,Keyboard,1040.0,21,796,4.0,11672,190321
1622,HP Mechanical Keyboard,HP,Keyboard,1698.0,0,100,4.8,29601,143569
1623,Dell Mechanical Keyboard,Dell,Keyboard,2320.0,7,179,4.1,13772,410477
1624,HP Mechanical Keyboard,HP,Keyboard,5323.0,33,357,4.7,64185,50190
1625,HP Mechanical Keyboard,HP,Keyboard,5018.0,3,174,3.9,12994,470161
1626,HP Mechanical Keyboard,HP,Keyboard,6659.0,47,694,4.1,45252,422720
1627,Dell Mechanical Keyboard,Dell,Keyboard,4406.0,43,525,4.4,33965,5079
1628,Redragon Mechanical Keyboard,Redragon,Keyboard,5886.0,47,273,3.7,49660,297665
1629,Logitech Mechanical Keyboard,Logitech,Keyboard,6442.0,49,255,4.5,48526,371035
1630,Dell Mechanical Keyboard,Dell,Keyboard,6289.0,29,514,4.2,57545,185698
1631,HP Mechanical Keyboard,HP,Keyboard,2759.0,45,902,4.9,68245,493809
1632,Redragon Mechanical Keyboard,Redragon,Keyboard,3000.0,19,416,4.5,11405,496839
1633,HP Mechanical Keyboard,HP,Keyboard,7424.0,46,245,3.6,10426,40309
1634,Logitech Mechanical Keyboard,Logitech,Keyboard,1852.0,18,567,4.4,11096,389860
1635,Dell Mechanical Keyboard,Dell,Keyboard,7121.0,32,954,4.8,55582,355060
1636,Redragon Mechanical Keyboard,Redragon,Keyboard,4429.0,34,714,4.2,89810,354924
1637,Logitech Mechanical Keyboard,Logitech,Keyboard,3821.0,47,7,3.5,24937,477666
1638,Dell Mechanical Keyboard,Dell,Keyboard,6255.0,47,677,4.3,45237,128144
1639,Logitech Mechanical Keyboard,Logitech,Keyboard,5475.0,48,536,4.2,22099,353743
1640,Redragon Mechanical Keyboard,Redragon,Keyboard,1932.0,22,975,3.6,17484,269418
1641,Logitech Mechanical Keyboard,Logitech,Keyboard,3962.0,7,346,4.2,22355,195808
1642,Redragon Mechanical Keyboard,Redragon,Keyboard,7313.0,19,494,4.3,15458,152177
1643,HP Mechanical Keyboard,HP,Keyboard,2668.0,36,403,3.8,96744,331018
1644,Redragon Mechanical Keyboard,Redragon,Keyboard,2997.0,2,957,4.9,84285,270385
1645,Dell Mechanical Keyboard,Dell,Keyboard,7811.0,22,6,4.4,64008,30244
1646,Dell Mechanical Keyboard,Dell,Keyboard,3191.0,22,911,3.9,14056,2802
1647,Redragon Mechanical Keyboard,Redragon,Keyboard,3793.0,31,202,4.0,13292,225965
1648,Logitech Mechanical Keyboard,Logitech,Keyboard,4834.0,7,935,4.3,20157,215435
1649,Dell Mechanical Keyboard,Dell,Keyboard,556.0,14,481,3.7,86076,131242
1650,Dell Mechanical Keyboard,Dell,Keyboard,3566.0,11,549,3.9,56153,467866
1651,HP Mechanical Keyboard,HP,Keyboard,1390.0,28,165,5.0,86029,440165
1652,Redragon Mechanical Keyboard,Redragon,Keyboard,3397.0,45,203,4.6,771,188443
1653,Logitech Mechanical Keyboard,Logitech,Keyboard,2052.0,26,761,3.9,17531,206955
1654,HP Mechanical Keyboard,HP,Keyboard,7880.0,30,982,3.5,87330,104429
1655,HP Mechanical Keyboard,HP,Keyboard,1473.0,43,731,4.1,72115,259920
1656,Redragon Mechanical Keyboard,Redragon,Keyboard,3161.0,46,945,4.6,52422,263218
1657,Dell Mechanical Keyboard,Dell,Keyboard,1576.0,1,129,3.7,14149,415709
1658,Redragon Mechanical Keyboard,Redragon,Keyboard,3319.0,3,694,4.3,89720,124096
1659,HP Mechanical Keyboard,HP,Keyboard,4019.0,27,491,5.0,96666,4309
1660,HP Mechanical Keyboard,HP,Keyboard,2811.0,15,632,4.2,99742,224994
1661,Redragon Mechanical Keyboard,Redragon,Keyboard,6474.0,49,117,4.3,32708,147497
1662,HP Mechanical Keyboard,HP,Keyboard,6242.0,30,723,3.9,56260,104125
1663,Logitech Mechanical Keyboard,Logitech,Keyboard,6243.0,12,875,4.6,80108,95094
1664,Redragon Mechanical Keyboard,Redragon,Keyboard,2379.0,17,196,3.7,52606,20215
1665,Redragon Mechanical Keyboard,Redragon,Keyboard,3992.0,3,389,3.5,26177,47776
1666,Dell Mechanical Keyboard,Dell,Keyboard,4800.0,14,344,4.0,83019,121434
1667,Dell Mechanical Keyboard,Dell,Keyboard,4425.0,3,311,3.6,55987,337674
1668,Logitech Mechanical Keyboard,Logitech,Keyboard,2705.0,26,252,4.0,46019,373175
1669,HP Mechanical Keyboard,HP,Keyboard,7832.0,3,676,3.6,5369,380
1670,HP Mechanical Keyboard,HP,Keyboard,2236.0,38,103,3.9,36731,476406
1671,Dell Mechanical Keyboard,Dell,Keyboard,2014.0,21,311,3.9,64403,190721
1672,Logitech Mechanical Keyboard,Logitech,Keyboard,1293.0,49,882,4.5,89527,289385
1673,Redragon Mechanical Keyboard,Redragon,Keyboard,3213.0,49,603,4.0,47377,389610
1674,HP Mechanical Keyboard,HP,Keyboard,2451.0,24,89,4.5,27539,306455
1675,Logitech Mechanical Keyboard,Logitech,Keyboard,1568.0,2,600,4.4,78893,63200
1676,Redragon Mechanical Keyboard,Redragon,Keyboard,2080.0,34,633,4.6,12938,39358
1677,HP Mechanical Keyboard,HP,Keyboard,2969.0,34,738,4.6,99754,106005
1678,Redragon Mechanical Keyboard,Redragon,Keyboard,858.0,45,258,3.7,54825,288718
1679,HP Mechanical Keyboard,HP,Keyboard,7831.0,7,932,4.0,82567,376185
1680,Dell Mechanical Keyboard,Dell,Keyboard,1054.0,32,809,4.2,68660,488386
1681,Logitech Mechanical Keyboard,Logitech,Keyboard,1867.0,18,46,4.4,91328,67698
1682,Logitech Mechanical Keyboard,Logitech,Keyboard,7007.0,25,506,5.0,24938,388448
1683,Logitech Mechanical Keyboard,Logitech,Keyboard,1855.0,35,798,4.2,66762,201505
1684,Dell Mechanical Keyboard,Dell,Keyboard,3783.0,0,163,4.4,27132,96603
1685,Redragon Mechanical Keyboard,Redragon,Keyboard,5350.0,32,724,4.5,67223,238882
1686,HP Mechanical Keyboard,HP,Keyboard,2985.0,17,565,4.8,38854,371429
1687,Logitech Mechanical Keyboard,Logitech,Keyboard,1901.0,18,40,3.8,69945,124994
1688,Redragon Mechanical Keyboard,Redragon,Keyboard,7738.0,50,52,3.9,17438,141885
1689,Redragon Mechanical Keyboard,Redragon,Keyboard,7245.0,41,355,3.8,15238,833
1690,HP Mechanical Keyboard,HP,Keyboard,3158.0,35,270,3.6,92476,463563
1691,Redragon Mechanical Keyboard,Redragon,Keyboard,3845.0,3,640,4.8,38662,170302
1692,Logitech Mechanical Keyboard,Logitech,Keyboard,7249.0,11,262,4.0,95755,146738
1693,Logitech Mechanical Keyboard,Logitech,Keyboard,4902.0,46,763,4.5,76459,55906
1694,Dell Mechanical Keyboard,Dell,Keyboard,5856.0,38,564,3.9,82091,332658
1695,Redragon Mechanical Keyboard,Redragon,Keyboard,7191.0,13,595,4.2,42511,141025
1696,Dell Mechanical Keyboard,Dell,Keyboard,1775.0,27,377,4.2,95667,380883
1697,Redragon Mechanical Keyboard,Redragon,Keyboard,7890.0,29,189,4.2,65016,95265
1698,Redragon Mechanical Keyboard,Redragon,Keyboard,2047.0,41,288,4.4,95624,94685
1699,Logitech Mechanical Keyboard,Logitech,Keyboard,3040.0,25,703,3.7,23305,428705
1700,Redragon Mechanical Keyboard,Redragon,Keyboard,1068.0,29,930,3.7,55898,128683
1701,Dell Mechanical Keyboard,Dell,Keyboard,1321.0,48,827,4.6,18005,381133
1702,Logitech Mechanical Keyboard,Logitech,Keyboard,5442.0,7,846,3.6,50340,10961
1703,Logitech Mechanical Keyboard,Logitech,Keyboard,6754.0,15,788,4.7,5743,69399
1704,Logitech Mechanical Keyboard,Logitech,Keyboard,2692.0,0,811,3.7,82242,314482
1705,Logitech Mechanical Keyboard,Logitech,Keyboard,6985.0,21,873,3.7,96496,429101
1706,Logitech Mechanical Keyboard,Logitech,Keyboard,2157.0,28,835,3.7,99581,295196
1707,Redragon Mechanical Keyboard,Redragon,Keyboard,3018.0,3,556,4.0,20262,127926
1708,HP Mechanical Keyboard,HP,Keyboard,5640.0,2,105,4.3,2789,432598
1709,HP Mechanical Keyboard,HP,Keyboard,1340.0,0,934,4.3,54442,74462
1710,Redragon Mechanical Keyboard,Redragon,Keyboard,696.0,22,671,3.8,50522,77367
1711,HP Mechanical Keyboard,HP,Keyboard,2350.0,43,905,4.9,89717,201816
1712,Logitech Mechanical Keyboard,Logitech,Keyboard,4528.0,6,979,3.8,14445,117814
1713,HP Mechanical Keyboard,HP,Keyboard,3427.0,23,945,3.6,43751,62149
1714,Logitech Mechanical Keyboard,Logitech,Keyboard,7836.0,27,543,3.6,19815,93458
1715,HP Mechanical Keyboard,HP,Keyboard,5412.0,42,703,3.8,55747,78858
1716,HP Mechanical Keyboard,HP,Keyboard,5618.0,6,277,4.7,45673,459062
1717,Dell Mechanical Keyboard,Dell,Keyboard,5920.0,45,817,4.1,34796,425150
1718,Logitech Mechanical Keyboard,Logitech,Keyboard,6962.0,41,150,3.5,19492,407882
1719,HP Mechanical Keyboard,HP,Keyboard,1710.0,50,999,4.1,94557,417879
1720,Dell Mechanical Keyboard,Dell,Keyboard,7173.0,46,285,3.6,75749,224208
1721,Redragon Mechanical Keyboard,Redragon,Keyboard,1240.0,49,394,4.0,16726,95453
1722,HP Mechanical Keyboard,HP,Keyboard,3115.0,26,616,4.2,63093,363652
1723,HP Mechanical Keyboard,HP,Keyboard,1632.0,15,392,4.7,85725,483286
1724,Dell Mechanical Keyboard,Dell,Keyboard,5000.0,34,549,4.2,69972,258365
1725,Redragon Mechanical Keyboard,Redragon,Keyboard,3650.0,33,591,3.6,93716,221266
1726,Redragon Mechanical Keyboard,Redragon,Keyboard,6259.0,13,871,3.6,47419,1602
1727,Logitech Mechanical Keyboard,Logitech,Keyboard,3468.0,7,61,4.3,17520,482918
1728,HP Mechanical Keyboard,HP,Keyboard,3456.0,29,147,4.8,18274,154606
1729,Dell Mechanical Keyboard,Dell,Keyboard,2486.0,47,141,3.8,29447,29389
1730,Logitech Mechanical Keyboard,Logitech,Keyboard,6199.0,1,712,4.6,49484,384445
1731,Dell Mechanical Keyboard,Dell,Keyboard,3544.0,37,75,3.6,13904,347570
1732,Dell Mechanical Keyboard,Dell,Keyboard,7360.0,9,374,4.4,20742,15926
1733,Redragon Mechanical Keyboard,Redragon,Keyboard,1147.0,26,153,3.9,1645,298515
1734,Redragon Mechanical Keyboard,Redragon,Keyboard,4348.0,44,971,4.6,98065,276635
1735,HP Mechanical Keyboard,HP,Keyboard,4351.0,50,660,4.1,44225,232870
1736,Logitech Mechanical Keyboard,Logitech,Keyboard,2849.0,41,32,3.7,7874,462080
1737,Redragon Mechanical Keyboard,Redragon,Keyboard,4622.0,27,696,3.7,51965,436664
1738,Dell Mechanical Keyboard,Dell,Keyboard,5039.0,36,513,4.6,33833,481999
1739,HP Mechanical Keyboard,HP,Keyboard,6311.0,5,534,3.8,20562,142615
1740,Dell Mechanical Keyboard,Dell,Keyboard,1525.0,3,224,4.6,52491,324657
1741,Dell Mechanical Keyboard,Dell,Keyboard,2004.0,4,836,4.7,73317,317337
1742,Dell Mechanical Keyboard,Dell,Keyboard,4410.0,24,168,4.0,84143,212489
1743,Logitech Mechanical Keyboard,Logitech,Keyboard,7080.0,17,111,4.1,55613,102194
1744,Logitech Mechanical Keyboard,Logitech,Keyboard,1137.0,15,288,4.0,43980,14805
1745,Redragon Mechanical Keyboard,Redragon,Keyboard,4936.0,0,774,3.7,27785,313158
1746,HP Mechanical Keyboard,HP,Keyboard,2037.0,2,246,4.3,83684,487269
1747,HP Mechanical Keyboard,HP,Keyboard,1196.0,36,809,5.0,74039,23627
1748,Dell Mechanical Keyboard,Dell,Keyboard,874.0,19,8,3.6,12227,494770
1749,HP Mechanical Keyboard,HP,Keyboard,6657.0,12,322,3.9,52194,262357
1750,Dell Mechanical Keyboard,Dell,Keyboard,6444.0,43,99,4.0,16986,368494
1751,HP Mechanical Keyboard,HP,Keyboard,3836.0,32,826,4.8,66015,53054
1752,Redragon Mechanical Keyboard,Redragon,Keyboard,694.0,37,889,4.4,50094,250160
1753,Logitech Mechanical Keyboard,Logitech,Keyboard,2876.0,5,906,3.7,89450,242901
1754,Logitech Mechanical Keyboard,Logitech,Keyboard,6385.0,43,669,3.8,28275,423449
1755,Redragon Mechanical Keyboard,Redragon,Keyboard,6798.0,46,623,4.6,65758,270790
1756,HP Mechanical Keyboard,HP,Keyboard,4165.0,23,638,4.7,44446,152584
1757,Dell Mechanical Keyboard,Dell,Keyboard,827.0,15,213,4.8,89515,203331
1758,Logitech Mechanical Keyboard,Logitech,Keyboard,1748.0,0,146,4.4,65221,51168
1759,HP Mechanical Keyboard,HP,Keyboard,4982.0,6,465,4.8,11435,261673
1760,HP Mechanical Keyboard,HP,Keyboard,1890.0,17,590,4.9,21174,35836
1761,HP Mechanical Keyboard,HP,Keyboard,3394.0,49,471,3.6,23496,372687
1762,HP Mechanical Keyboard,HP,Keyboard,4376.0,8,962,5.0,57949,341040
1763,Logitech Mechanical Keyboard,Logitech,Keyboard,5159.0,18,410,4.2,47651,450465
1764,Dell Mechanical Keyboard,Dell,Keyboard,7520.0,28,375,4.4,89215,67724
1765,HP Mechanical Keyboard,HP,Keyboard,3561.0,28,269,3.6,54168,265359
1766,Logitech Mechanical Keyboard,Logitech,Keyboard,5584.0,50,250,5.0,7488,388619
1767,Logitech Mechanical Keyboard,Logitech,Keyboard,1766.0,10,583,4.8,38107,197138
1768,Dell Mechanical Keyboard,Dell,Keyboard,7494.0,29,685,3.6,50895,458411
1769,Logitech Mechanical Keyboard,Logitech,Keyboard,3358.0,29,111,4.2,84221,280654
1770,Logitech Mechanical Keyboard,Logitech,Keyboard,1976.0,27,204,4.6,52038,402866
1771,Dell Mechanical Keyboard,Dell,Keyboard,3192.0,31,217,3.6,44892,316963
1772,Dell Mechanical Keyboard,Dell,Keyboard,1436.0,9,971,3.9,5027,285879
1773,Dell Mechanical Keyboard,Dell,Keyboard,1692.0,2,615,4.5,41977,298003
1774,Dell Mechanical Keyboard,Dell,Keyboard,1011.0,27,484,4.9,47391,414056
1775,Redragon Mechanical Keyboard,Redragon,Keyboard,943.0,48,700,3.8,3017,499560
1776,Dell Mechanical Keyboard,Dell,Keyboard,2710.0,9,70,3.9,23092,43925
1777,HP Mechanical Keyboard,HP,Keyboard,3818.0,26,537,3.6,93360,236774
1778,Redragon Mechanical Keyboard,Redragon,Keyboard,5985.0,3,94,4.8,24137,435546
1779,Dell Mechanical Keyboard,Dell,Keyboard,3301.0,12,357,4.9,38925,86362
1780,Dell Mechanical Keyboard,Dell,Keyboard,4445.0,10,988,4.2,90296,411067
1781,Dell Mechanical Keyboard,Dell,Keyboard,3405.0,0,574,4.9,74762,204120
1782,Redragon Mechanical Keyboard,Redragon,Keyboard,1137.0,9,331,4.6,75833,323330
1783,HP Mechanical Keyboard,HP,Keyboard,616.0,9,511,3.7,60127,489690
1784,HP Mechanical Keyboard,HP,Keyboard,1430.0,16,533,4.7,88345,213163
1785,Logitech Mechanical Keyboard,Logitech,Keyboard,4190.0,28,654,4.9,16488,332652
1786,Logitech Mechanical Keyboard,Logitech,Keyboard,798.0,44,559,3.8,24606,220393
1787,Redragon Mechanical Keyboard,Redragon,Keyboard,5422.0,12,995,4.1,45634,110076
1788,Logitech Mechanical Keyboard,Logitech,Keyboard,3533.0,19,514,4.7,2132,158405
1789,Logitech Mechanical Keyboard,Logitech,Keyboard,6228.0,26,360,4.2,59778,217183
1790,HP Mechanical Keyboard,HP,Keyboard,7284.0,21,116,4.3,68582,401222
1791,Redragon Mechanical Keyboard,Redragon,Keyboard,4258.0,38,166,4.1,23196,289902
1792,Dell Mechanical Keyboard,Dell,Keyboard,3625.0,43,447,3.9,86465,361098
1793,HP Mechanical Keyboard,HP,Keyboard,6251.0,6,91,4.4,13015,46038
1794,Logitech Mechanical Keyboard,Logitech,Keyboard,5548.0,47,769,4.9,13598,260359
1795,Logitech Mechanical Keyboard,Logitech,Keyboard,5689.0,2,683,4.2,76193,422608
1796,HP Mechanical Keyboard,HP,Keyboard,7477.0,29,564,4.1,29223,407408
1797,Dell Mechanical Keyboard,Dell,Keyboard,1437.0,7,359,3.8,61558,498462
1798,Dell Mechanical Keyboard,Dell,Keyboard,3882.0,50,758,4.9,84533,369112
1799,Dell Mechanical Keyboard,Dell,Keyboard,562.0,18,274,4.9,29361,266208
1800,HP Mechanical Keyboard,HP,Keyboard,3018.0,15,4,4.8,54367,353103
1801,Dell Mechanical Keyboard,Dell,Keyboard,767.0,23,860,3.5,20113,414554
1802,HP Mechanical Keyboard,HP,Keyboard,3245.0,15,569,3.8,75007,225554
1803,Dell Mechanical Keyboard,Dell,Keyboard,2078.0,3,820,4.4,51562,434498
1804,Dell Mechanical Keyboard,Dell,Keyboard,1555.0,11,412,4.9,51182,381840
1805,HP Mechanical Keyboard,HP,Keyboard,4737.0,45,820,3.7,30283,52307
1806,Redragon Mechanical Keyboard,Redragon,Keyboard,4630.0,25,863,3.7,75629,411289
1807,HP Mechanical Keyboard,HP,Keyboard,7359.0,5,95,4.3,42268,106930
1808,Logitech Mechanical Keyboard,Logitech,Keyboard,4083.0,1,632,3.5,77773,80341
1809,Logitech Mechanical Keyboard,Logitech,Keyboard,5184.0,8,464,4.1,97309,385016
1810,HP Mechanical Keyboard,HP,Keyboard,2028.0,12,548,3.9,29075,155772
1811,Redragon Mechanical Keyboard,Redragon,Keyboard,6449.0,16,675,4.7,49569,404007
1812,Logitech Mechanical Keyboard,Logitech,Keyboard,2752.0,1,653,3.6,18854,329058
1813,Logitech Mechanical Keyboard,Logitech,Keyboard,1408.0,6,145,4.2,78115,64421
1814,HP Mechanical Keyboard,HP,Keyboard,2646.0,31,864,4.8,12170,40670
1815,HP Mechanical Keyboard,HP,Keyboard,7976.0,31,814,4.8,51232,52880
1816,Logitech Mechanical Keyboard,Logitech,Keyboard,3889.0,13,703,3.6,82019,40109
1817,Dell Mechanical Keyboard,Dell,Keyboard,3574.0,28,827,4.8,83050,476312
1818,Redragon Mechanical Keyboard,Redragon,Keyboard,1972.0,36,646,3.9,23429,345955
1819,Logitech Mechanical Keyboard,Logitech,Keyboard,1460.0,39,614,5.0,45463,253808
1820,Logitech Mechanical Keyboard,Logitech,Keyboard,1797.0,7,197,4.3,33367,485896
1821,Logitech Mechanical Keyboard,Logitech,Keyboard,4890.0,9,221,3.5,67085,399062
1822,HP Mechanical Keyboard,HP,Keyboard,1440.0,8,225,4.8,3876,171825
1823,Logitech Mechanical Keyboard,Logitech,Keyboard,6461.0,17,493,4.5,16601,140394
1824,Redragon Mechanical Keyboard,Redragon,Keyboard,1253.0,18,478,4.0,72295,341896
1825,Dell Mechanical Keyboard,Dell,Keyboard,4072.0,12,256,4.3,52431,483676
1826,Redragon Mechanical Keyboard,Redragon,Keyboard,2121.0,25,105,4.5,94040,147468
1827,HP Mechanical Keyboard,HP,Keyboard,1857.0,27,904,4.7,94651,255864
1828,Dell Mechanical Keyboard,Dell,Keyboard,3971.0,20,637,4.4,35618,427862
1829,Logitech Mechanical Keyboard,Logitech,Keyboard,5474.0,22,382,4.1,26187,297445
1830,Logitech Mechanical Keyboard,Logitech,Keyboard,4181.0,16,600,3.8,4434,268198
1831,Dell Mechanical Keyboard,Dell,Keyboard,2904.0,33,360,4.4,84564,498371
1832,Dell Mechanical Keyboard,Dell,Keyboard,745.0,50,190,3.7,42304,225222
1833,HP Mechanical Keyboard,HP,Keyboard,2509.0,23,148,3.6,86118,194957
1834,HP Mechanical Keyboard,HP,Keyboard,1501.0,45,336,3.5,90225,5815
1835,Redragon Mechanical Keyboard,Redragon,Keyboard,4312.0,14,575,4.4,42157,471300
1836,Logitech Mechanical Keyboard,Logitech,Keyboard,3658.0,13,105,3.9,27820,276537
1837,HP Mechanical Keyboard,HP,Keyboard,6367.0,36,914,4.4,88004,39329
1838,Dell Mechanical Keyboard,Dell,Keyboard,6088.0,20,202,4.6,41662,426552
1839,Redragon Mechanical Keyboard,Redragon,Keyboard,906.0,17,431,4.7,65369,24632
1840,Logitech Mechanical Keyboard,Logitech,Keyboard,1516.0,37,392,4.2,78840,171476
1841,Redragon Mechanical Keyboard,Redragon,Keyboard,5221.0,50,876,3.5,2347,337566
1842,Logitech Mechanical Keyboard,Logitech,Keyboard,7968.0,25,37,4.2,17188,441363
1843,Logitech Mechanical Keyboard,Logitech,Keyboard,3263.0,6,849,4.5,9113,246459
1844,Dell Mechanical Keyboard,Dell,Keyboard,6424.0,22,409,4.0,41584,395251
1845,Logitech Mechanical Keyboard,Logitech,Keyboard,5058.0,3,402,4.7,64735,321132
1846,HP Mechanical Keyboard,HP,Keyboard,6205.0,41,990,5.0,64672,445048
1847,Logitech Mechanical Keyboard,Logitech,Keyboard,7406.0,1,229,4.1,81009,53967
1848,Logitech Mechanical Keyboard,Logitech,Keyboard,7262.0,44,741,3.5,13790,169371
1849,Dell Mechanical Keyboard,Dell,Keyboard,2354.0,23,835,3.8,25065,379741
1850,Logitech Mechanical Keyboard,Logitech,Keyboard,6138.0,50,44,4.8,34047,463213
1851,Logitech Mechanical Keyboard,Logitech,Keyboard,893.0,21,704,4.9,9845,138368
1852,Dell Mechanical Keyboard,Dell,Keyboard,2711.0,29,122,4.5,18066,305997
1853,Redragon Mechanical Keyboard,Redragon,Keyboard,3115.0,26,652,4.8,98711,306352
1854,Dell Mechanical Keyboard,Dell,Keyboard,5974.0,36,489,3.7,69162,126203
1855,Dell Mechanical Keyboard,Dell,Keyboard,2798.0,14,94,4.0,95805,253177
1856,HP Mechanical Keyboard,HP,Keyboard,6776.0,35,855,3.9,10862,185178
1857,Redragon Mechanical Keyboard,Redragon,Keyboard,5902.0,4,76,4.5,26996,364461
1858,Dell Mechanical Keyboard,Dell,Keyboard,993.0,29,838,3.8,87893,113417
1859,Dell Mechanical Keyboard,Dell,Keyboard,2039.0,37,779,4.2,44633,109498
1860,HP Mechanical Keyboard,HP,Keyboard,6729.0,41,157,4.9,92876,238138
1861,Logitech Mechanical Keyboard,Logitech,Keyboard,7988.0,28,888,3.7,47673,202252
1862,Redragon Mechanical Keyboard,Redragon,Keyboard,6889.0,27,168,4.1,9006,145767
1863,HP Mechanical Keyboard,HP,Keyboard,7625.0,29,897,4.4,13387,77322
1864,Logitech Mechanical Keyboard,Logitech,Keyboard,6603.0,29,191,3.7,2184,468864
1865,HP Mechanical Keyboard,HP,Keyboard,734.0,22,271,4.2,69594,237414
1866,Logitech Mechanical Keyboard,Logitech,Keyboard,5008.0,9,406,3.6,56564,111283
1867,Dell Mechanical Keyboard,Dell,Keyboard,4660.0,23,100,4.0,57857,143015
1868,Logitech Mechanical Keyboard,Logitech,Keyboard,5813.0,18,193,4.1,55399,101776
1869,Dell Mechanical Keyboard,Dell,Keyboard,1947.0,31,531,4.4,69420,318577
1870,Dell Mechanical Keyboard,Dell,Keyboard,1394.0,7,224,4.5,84727,130618
1871,Logitech Mechanical Keyboard,Logitech,Keyboard,935.0,15,67,4.8,75406,139654
1872,Logitech Mechanical Keyboard,Logitech,Keyboard,2756.0,45,414,3.8,81303,366845
1873,Dell Mechanical Keyboard,Dell,Keyboard,3718.0,44,274,3.7,96206,432149
1874,Dell Mechanical Keyboard,Dell,Keyboard,2185.0,40,294,3.8,26693,182359
1875,HP Mechanical Keyboard,HP,Keyboard,6511.0,44,637,3.5,24268,263942
1876,Dell Mechanical Keyboard,Dell,Keyboard,6554.0,10,322,4.0,90179,125205
1877,Logitech Mechanical Keyboard,Logitech,Keyboard,1865.0,0,682,3.8,59676,74461
1878,Dell Mechanical Keyboard,Dell,Keyboard,4005.0,4,174,4.0,23277,138424
1879,Logitech Mechanical Keyboard,Logitech,Keyboard,5366.0,0,500,4.0,62115,305843
1880,Redragon Mechanical Keyboard,Redragon,Keyboard,4371.0,43,297,3.7,2289,297511
1881,Redragon Mechanical Keyboard,Redragon,Keyboard,4803.0,49,96,4.3,98968,76951
1882,Logitech Mechanical Keyboard,Logitech,Keyboard,2995.0,31,752,4.7,44007,237401
1883,HP Mechanical Keyboard,HP,Keyboard,4970.0,23,469,3.9,63775,133026
1884,Logitech Mechanical Keyboard,Logitech,Keyboard,7280.0,33,793,4.0,93091,175075
1885,Dell Mechanical Keyboard,Dell,Keyboard,1423.0,40,21,3.9,68076,381894
1886,Redragon Mechanical Keyboard,Redragon,Keyboard,3861.0,22,509,4.8,86434,74356
1887,Logitech Mechanical Keyboard,Logitech,Keyboard,2501.0,23,211,4.4,91210,225921
1888,Logitech Mechanical Keyboard,Logitech,Keyboard,2087.0,6,988,4.9,49526,334980
1889,HP Mechanical Keyboard,HP,Keyboard,7685.0,28,981,4.4,71433,471550
1890,Redragon Mechanical Keyboard,Redragon,Keyboard,2673.0,21,400,4.9,45733,465665
1891,Dell Mechanical Keyboard,Dell,Keyboard,2763.0,33,718,4.0,5397,303933
1892,HP Mechanical Keyboard,HP,Keyboard,7333.0,29,580,4.4,56824,417083
1893,HP Mechanical Keyboard,HP,Keyboard,2862.0,43,150,3.7,1102,261681
1894,Dell Mechanical Keyboard,Dell,Keyboard,6078.0,35,680,3.7,37992,327148
1895,Redragon Mechanical Keyboard,Redragon,Keyboard,2987.0,18,15,4.2,8479,419417
1896,Dell Mechanical Keyboard,Dell,Keyboard,835.0,3,500,3.8,77745,64815
1897,HP Mechanical Keyboard,HP,Keyboard,541.0,0,51,4.1,86550,437413
1898,HP Mechanical Keyboard,HP,Keyboard,1628.0,32,681,4.0,37138,411804
1899,Redragon Mechanical Keyboard,Redragon,Keyboard,1204.0,12,442,4.6,18706,384430
1900,Logitech Mechanical Keyboard,Logitech,Keyboard,2882.0,22,254,3.8,62030,489226
1901,Dell Mechanical Keyboard,Dell,Keyboard,3961.0,16,942,4.1,12873,468306
1902,HP Mechanical Keyboard,HP,Keyboard,5390.0,43,896,4.0,73922,228593
1903,HP Mechanical Keyboard,HP,Keyboard,7089.0,12,256,4.4,89574,402575
1904,Redragon Mechanical Keyboard,Redragon,Keyboard,3910.0,5,304,4.3,39470,160005
1905,Dell Mechanical Keyboard,Dell,Keyboard,4971.0,8,539,3.8,57274,50453
1906,Dell Mechanical Keyboard,Dell,Keyboard,6186.0,22,479,4.0,89815,373706
1907,HP Mechanical Keyboard,HP,Keyboard,4003.0,1,934,4.2,53783,241945
1908,Logitech Mechanical Keyboard,Logitech,Keyboard,6781.0,39,928,4.1,99081,73807
1909,HP Mechanical Keyboard,HP,Keyboard,6944.0,8,635,3.9,67145,195717
1910,HP Mechanical Keyboard,HP,Keyboard,938.0,25,686,4.6,51476,66126
1911,Logitech Mechanical Keyboard,Logitech,Keyboard,4291.0,3,86,4.7,67906,241388
1912,Logitech Mechanical Keyboard,Logitech,Keyboard,2713.0,21,608,4.7,85191,56224
1913,Logitech Mechanical Keyboard,Logitech,Keyboard,7233.0,21,885,3.9,63116,362169
1914,Logitech Mechanical Keyboard,Logitech,Keyboard,1494.0,47,734,4.6,88406,267917
1915,Logitech Mechanical Keyboard,Logitech,Keyboard,6247.0,47,990,3.8,18904,294775
1916,Dell Mechanical Keyboard,Dell,Keyboard,1617.0,9,308,3.8,88572,335470
1917,HP Mechanical Keyboard,HP,Keyboard,6391.0,31,638,5.0,855,422475
1918,Redragon Mechanical Keyboard,Redragon,Keyboard,1439.0,7,532,3.6,20066,316660
1919,Logitech Mechanical Keyboard,Logitech,Keyboard,2525.0,32,454,3.8,62104,13027
1920,Dell Mechanical Keyboard,Dell,Keyboard,955.0,30,188,4.9,39321,212204
1921,Redragon Mechanical Keyboard,Redragon,Keyboard,7395.0,39,697,4.8,34124,430900
1922,Dell Mechanical Keyboard,Dell,Keyboard,7539.0,9,651,4.5,16157,226777
1923,Logitech Mechanical Keyboard,Logitech,Keyboard,2013.0,15,174,3.7,97606,344801
1924,Redragon Mechanical Keyboard,Redragon,Keyboard,4400.0,6,982,4.2,37948,350080
1925,Dell Mechanical Keyboard,Dell,Keyboard,3509.0,44,819,4.5,51283,202381
1926,Logitech Mechanical Keyboard,Logitech,Keyboard,4300.0,1,290,4.1,55693,77781
1927,Dell Mechanical Keyboard,Dell,Keyboard,1484.0,19,34,4.3,1454,304469
1928,Dell Mechanical Keyboard,Dell,Keyboard,849.0,29,903,4.9,46504,73135
1929,Dell Mechanical Keyboard,Dell,Keyboard,2768.0,32,876,3.5,20760,187662
1930,Redragon Mechanical Keyboard,Redragon,Keyboard,3357.0,32,64,4.9,68830,204899
1931,Redragon Mechanical Keyboard,Redragon,Keyboard,5873.0,36,347,3.7,85984,377172
1932,Dell Mechanical Keyboard,Dell,Keyboard,6358.0,50,780,4.8,18365,146030
1933,HP Mechanical Keyboard,HP,Keyboard,3727.0,24,985,3.6,84569,253721
1934,Dell Mechanical Keyboard,Dell,Keyboard,5463.0,32,794,4.5,75512,371558
1935,HP Mechanical Keyboard,HP,Keyboard,1560.0,22,598,4.5,77192,304567
1936,Dell Mechanical Keyboard,Dell,Keyboard,1053.0,14,98,3.6,96069,83555
1937,Logitech Mechanical Keyboard,Logitech,Keyboard,4591.0,48,237,4.9,62454,169790
1938,Redragon Mechanical Keyboard,Redragon,Keyboard,1363.0,24,773,4.8,22816,381867
1939,Dell Mechanical Keyboard,Dell,Keyboard,1027.0,2,867,3.6,32841,60117
1940,Logitech Mechanical Keyboard,Logitech,Keyboard,4117.0,1,945,4.6,79509,331079
1941,Redragon Mechanical Keyboard,Redragon,Keyboard,3130.0,8,652,3.7,58928,198086
1942,Redragon Mechanical Keyboard,Redragon,Keyboard,2103.0,18,230,3.9,57355,356012
1943,Redragon Mechanical Keyboard,Redragon,Keyboard,6579.0,50,196,3.7,69285,424077
1944,Logitech Mechanical Keyboard,Logitech,Keyboard,5268.0,13,34,3.5,87652,50539
1945,Redragon Mechanical Keyboard,Redragon,Keyboard,7817.0,34,885,3.5,53490,298050
1946,Logitech Mechanical Keyboard,Logitech,Keyboard,3291.0,46,657,3.8,95689,477720
1947,Dell Mechanical Keyboard,Dell,Keyboard,2057.0,30,512,4.7,74769,433988
1948,HP Mechanical Keyboard,HP,Keyboard,3420.0,8,820,4.4,73239,447538
1949,Logitech Mechanical Keyboard,Logitech,Keyboard,4095.0,4,582,4.1,49308,458315
1950,Logitech Mechanical Keyboard,Logitech,Keyboard,1541.0,7,510,4.7,39099,53007
1951,Redragon Mechanical Keyboard,Redragon,Keyboard,921.0,14,841,4.4,43384,11918
1952,HP Mechanical Keyboard,HP,Keyboard,7284.0,4,893,3.9,92189,187745
1953,Redragon Mechanical Keyboard,Redragon,Keyboard,2859.0,33,954,3.6,75423,126662
1954,HP Mechanical Keyboard,HP,Keyboard,3770.0,7,596,4.4,71567,365800
1955,Dell Mechanical Keyboard,Dell,Keyboard,2654.0,26,267,4.5,4240,177333
1956,Redragon Mechanical Keyboard,Redragon,Keyboard,3240.0,13,560,4.8,7794,73127
1957,HP Mechanical Keyboard,HP,Keyboard,6704.0,31,74,4.5,8179,123631
1958,Logitech Mechanical Keyboard,Logitech,Keyboard,3333.0,47,627,5.0,54567,313701
1959,Logitech Mechanical Keyboard,Logitech,Keyboard,7770.0,46,42,4.3,16979,141924
1960,Logitech Mechanical Keyboard,Logitech,Keyboard,791.0,22,441,4.2,29533,341063
1961,Dell Mechanical Keyboard,Dell,Keyboard,2985.0,3,26,4.7,29862,11342
1962,Redragon Mechanical Keyboard,Redragon,Keyboard,4876.0,43,755,4.4,49737,357633
1963,Logitech Mechanical Keyboard,Logitech,Keyboard,5026.0,24,712,4.2,50751,401537
1964,Redragon Mechanical Keyboard,Redragon,Keyboard,4020.0,7,448,4.6,72039,72331
1965,Logitech Mechanical Keyboard,Logitech,Keyboard,7849.0,12,351,4.4,48206,184538
1966,Dell Mechanical Keyboard,Dell,Keyboard,974.0,0,232,3.9,12067,308705
1967,Dell Mechanical Keyboard,Dell,Keyboard,6623.0,2,821,4.6,70293,297921
1968,Logitech Mechanical Keyboard,Logitech,Keyboard,7653.0,3,129,4.6,7465,40266
1969,Dell Mechanical Keyboard,Dell,Keyboard,1979.0,38,670,3.9,41183,183426
1970,Redragon Mechanical Keyboard,Redragon,Keyboard,2895.0,42,125,3.7,52152,251077
1971,Logitech Mechanical Keyboard,Logitech,Keyboard,1125.0,31,722,3.9,71266,108030
1972,HP Mechanical Keyboard,HP,Keyboard,7853.0,45,309,4.9,28883,232643
1973,HP Mechanical Keyboard,HP,Keyboard,6891.0,33,914,4.3,85684,128134
1974,HP Mechanical Keyboard,HP,Keyboard,3112.0,3,354,4.5,65997,54824
1975,Dell Mechanical Keyboard,Dell,Keyboard,6279.0,5,208,4.9,63738,146787
1976,Redragon Mechanical Keyboard,Redragon,Keyboard,7392.0,47,566,5.0,30226,159975
1977,Redragon Mechanical Keyboard,Redragon,Keyboard,1505.0,15,715,4.1,18617,18904
1978,Dell Mechanical Keyboard,Dell,Keyboard,5824.0,31,856,4.6,14983,11261
1979,Logitech Mechanical Keyboard,Logitech,Keyboard,2714.0,5,61,3.9,50364,157602
1980,HP Mechanical Keyboard,HP,Keyboard,7500.0,24,393,4.4,64937,9982
1981,Dell Mechanical Keyboard,Dell,Keyboard,863.0,42,441,3.8,49729,96792
1982,Logitech Mechanical Keyboard,Logitech,Keyboard,5910.0,22,959,4.0,70991,400129
1983,Logitech Mechanical Keyboard,Logitech,Keyboard,7955.0,16,829,4.4,44078,483859
1984,Redragon Mechanical Keyboard,Redragon,Keyboard,6703.0,39,444,3.5,95140,434860
1985,Dell Mechanical Keyboard,Dell,Keyboard,6911.0,3,826,4.6,96402,394574
1986,Logitech Mechanical Keyboard,Logitech,Keyboard,5032.0,43,294,4.1,94551,488984
1987,Dell Mechanical Keyboard,Dell,Keyboard,3972.0,33,266,4.4,74498,403283
1988,Redragon Mechanical Keyboard,Redragon,Keyboard,3623.0,0,287,4.2,31234,69239
1989,HP Mechanical Keyboard,HP,Keyboard,1200.0,21,584,5.0,71156,155197
1990,Dell Mechanical Keyboard,Dell,Keyboard,816.0,42,256,4.4,47418,141001
1991,Logitech Mechanical Keyboard,Logitech,Keyboard,1518.0,16,867,4.0,86619,168390
1992,Redragon Mechanical Keyboard,Redragon,Keyboard,4135.0,29,37,4.2,57669,4750
1993,HP Mechanical Keyboard,HP,Keyboard,4433.0,26,59,4.5,72965,114312
1994,Logitech Mechanical Keyboard,Logitech,Keyboard,2764.0,4,451,4.8,72289,164740
1995,Redragon Mechanical Keyboard,Redragon,Keyboard,2613.0,31,130,4.6,36204,136174
1996,Redragon Mechanical Keyboard,Redragon,Keyboard,5663.0,3,238,3.8,81005,344021
1997,Logitech Mechanical Keyboard,Logitech,Keyboard,5862.0,28,593,3.6,89721,265766
1998,HP Mechanical Keyboard,HP,Keyboard,843.0,45,265,4.3,29888,31983
1999,HP Mechanical Keyboard,HP,Keyboard,632.0,45,45,4.5,46322,283446
2000,Redragon Mechanical Keyboard,Redragon,Keyboard,3364.0,7,523,3.7,66455,232785
2001,Logitech Wireless Mouse,Logitech,Mouse,2241.0,43,425,3.8,74768,194799
2002,Logitech Wireless Mouse,Logitech,Mouse,3793.0,20,621,4.8,18763,13047
2003,Dell Wireless Mouse,Dell,Mouse,3044.0,30,965,5.0,85466,196558
2004,Dell Wireless Mouse,Dell,Mouse,555.0,9,933,3.7,5857,152601
2005,Logitech Wireless Mouse,Logitech,Mouse,1170.0,45,799,4.4,41049,267904
2006,Dell Wireless Mouse,Dell,Mouse,2060.0,42,743,4.1,76383,17191
2007,HP Wireless Mouse,HP,Mouse,3421.0,4,981,4.6,85103,41227
2008,HP Wireless Mouse,HP,Mouse,4931.0,35,751,4.3,75302,330571
2009,Razer Wireless Mouse,Razer,Mouse,4715.0,3,621,4.6,69184,418589
2010,Razer Wireless Mouse,Razer,Mouse,4596.0,12,856,4.3,41551,141229
2011,Dell Wireless Mouse,Dell,Mouse,2299.0,29,322,4.0,47453,121153
2012,Logitech Wireless Mouse,Logitech,Mouse,2274.0,5,360,4.2,53739,189829
2013,Logitech Wireless Mouse,Logitech,Mouse,3267.0,28,805,4.5,79337,120869
2014,Razer Wireless Mouse,Razer,Mouse,2182.0,34,250,4.4,16430,485442
2015,Razer Wireless Mouse,Razer,Mouse,1431.0,20,120,4.4,37612,179181
2016,Logitech Wireless Mouse,Logitech,Mouse,3646.0,31,647,4.1,19460,302096
2017,HP Wireless Mouse,HP,Mouse,1773.0,7,428,4.8,2043,87536
2018,Dell Wireless Mouse,Dell,Mouse,4843.0,6,129,4.6,61595,389569
2019,Logitech Wireless Mouse,Logitech,Mouse,3834.0,8,527,3.5,21890,38380
2020,Razer Wireless Mouse,Razer,Mouse,3759.0,35,247,4.0,52742,365491
2021,Dell Wireless Mouse,Dell,Mouse,1275.0,38,631,4.0,44134,310204
2022,Logitech Wireless Mouse,Logitech,Mouse,670.0,28,932,3.6,46535,498131
2023,Razer Wireless Mouse,Razer,Mouse,3984.0,48,488,4.6,57116,151771
2024,HP Wireless Mouse,HP,Mouse,1802.0,32,85,4.6,77284,480527
2025,HP Wireless Mouse,HP,Mouse,363.0,41,464,4.4,48490,353421
2026,Razer Wireless Mouse,Razer,Mouse,2925.0,37,286,4.2,66682,378915
2027,Logitech Wireless Mouse,Logitech,Mouse,2202.0,36,530,3.9,44720,25416
2028,Razer Wireless Mouse,Razer,Mouse,2636.0,11,976,4.0,41766,397143
2029,HP Wireless Mouse,HP,Mouse,643.0,46,215,4.7,96298,462723
2030,Razer Wireless Mouse,Razer,Mouse,4552.0,6,355,3.9,80681,164919
2031,Dell Wireless Mouse,Dell,Mouse,1656.0,28,229,3.7,35903,255237
2032,HP Wireless Mouse,HP,Mouse,2663.0,48,108,4.9,34013,317907
2033,HP Wireless Mouse,HP,Mouse,2582.0,32,772,3.7,27121,289592
2034,HP Wireless Mouse,HP,Mouse,524.0,34,550,4.4,5219,467054
2035,HP Wireless Mouse,HP,Mouse,354.0,13,288,4.2,3388,193845
2036,Razer Wireless Mouse,Razer,Mouse,3944.0,7,733,4.3,59496,154734
2037,Logitech Wireless Mouse,Logitech,Mouse,3940.0,5,885,4.8,64661,138017
2038,HP Wireless Mouse,HP,Mouse,2581.0,5,762,4.6,15274,185551
2039,HP Wireless Mouse,HP,Mouse,909.0,17,464,4.0,66471,175913
2040,Logitech Wireless Mouse,Logitech,Mouse,2878.0,6,954,4.8,5037,227314
2041,Dell Wireless Mouse,Dell,Mouse,1859.0,40,36,4.8,86665,439261
2042,Logitech Wireless Mouse,Logitech,Mouse,2314.0,14,689,3.7,49320,457339
2043,HP Wireless Mouse,HP,Mouse,2473.0,11,751,4.2,63515,426801
2044,Razer Wireless Mouse,Razer,Mouse,2615.0,5,973,3.7,83210,459304
2045,HP Wireless Mouse,HP,Mouse,326.0,39,213,4.2,64325,292514
2046,HP Wireless Mouse,HP,Mouse,617.0,24,646,4.1,34491,321686
2047,HP Wireless Mouse,HP,Mouse,3156.0,19,860,4.2,86116,94505
2048,HP Wireless Mouse,HP,Mouse,2693.0,40,401,4.5,64264,417824
2049,Dell Wireless Mouse,Dell,Mouse,4751.0,7,986,4.2,12662,114882
2050,Dell Wireless Mouse,Dell,Mouse,3737.0,42,435,5.0,42660,129806
2051,Logitech Wireless Mouse,Logitech,Mouse,1743.0,7,355,4.2,41809,346451
2052,Razer Wireless Mouse,Razer,Mouse,1349.0,31,615,4.7,63414,440565
2053,Razer Wireless Mouse,Razer,Mouse,2223.0,13,911,3.5,35127,266169
2054,Razer Wireless Mouse,Razer,Mouse,798.0,43,325,4.3,42371,137256
2055,Razer Wireless Mouse,Razer,Mouse,3506.0,16,934,4.7,55741,209122
2056,Logitech Wireless Mouse,Logitech,Mouse,2498.0,40,838,4.2,28707,178274
2057,Logitech Wireless Mouse,Logitech,Mouse,2827.0,10,548,4.2,29017,300257
2058,HP Wireless Mouse,HP,Mouse,1203.0,21,132,4.9,80396,320309
2059,Logitech Wireless Mouse,Logitech,Mouse,472.0,45,341,4.7,11839,409271
2060,Dell Wireless Mouse,Dell,Mouse,4829.0,13,370,3.6,6460,272021
2061,HP Wireless Mouse,HP,Mouse,1586.0,45,234,4.8,51852,450842
2062,Dell Wireless Mouse,Dell,Mouse,1622.0,13,566,4.9,43460,216838
2063,HP Wireless Mouse,HP,Mouse,411.0,33,104,3.6,2635,396001
2064,Razer Wireless Mouse,Razer,Mouse,4272.0,1,235,3.6,37115,158155
2065,HP Wireless Mouse,HP,Mouse,576.0,50,386,3.9,16216,426343
2066,Razer Wireless Mouse,Razer,Mouse,1374.0,5,78,4.7,35399,452027
2067,Logitech Wireless Mouse,Logitech,Mouse,4432.0,26,20,4.6,99937,384213
2068,Logitech Wireless Mouse,Logitech,Mouse,4737.0,47,602,4.4,19912,50199
2069,Razer Wireless Mouse,Razer,Mouse,1891.0,20,435,4.7,40929,411546
2070,Logitech Wireless Mouse,Logitech,Mouse,2775.0,16,992,3.9,26573,52360
2071,Razer Wireless Mouse,Razer,Mouse,3384.0,26,574,3.9,12207,116624
2072,Dell Wireless Mouse,Dell,Mouse,4259.0,32,250,3.9,92137,279652
2073,Razer Wireless Mouse,Razer,Mouse,441.0,23,781,5.0,95372,206483
2074,Logitech Wireless Mouse,Logitech,Mouse,4004.0,49,237,3.8,3272,208425
2075,Razer Wireless Mouse,Razer,Mouse,3329.0,19,340,4.2,14290,337122
2076,HP Wireless Mouse,HP,Mouse,985.0,31,607,3.6,22194,108985
2077,HP Wireless Mouse,HP,Mouse,987.0,30,535,3.7,80814,439490
2078,HP Wireless Mouse,HP,Mouse,782.0,19,758,4.7,33043,216032
2079,Dell Wireless Mouse,Dell,Mouse,1533.0,38,416,3.6,90318,296486
2080,Logitech Wireless Mouse,Logitech,Mouse,2496.0,50,500,4.5,98974,294964
2081,Razer Wireless Mouse,Razer,Mouse,2864.0,29,725,4.9,30908,168835
2082,Razer Wireless Mouse,Razer,Mouse,4514.0,5,943,4.3,96961,384439
2083,Logitech Wireless Mouse,Logitech,Mouse,3787.0,48,13,4.5,49251,66832
2084,HP Wireless Mouse,HP,Mouse,4559.0,28,890,4.6,21793,103577
2085,Logitech Wireless Mouse,Logitech,Mouse,619.0,40,822,4.8,64914,89607
2086,Razer Wireless Mouse,Razer,Mouse,1445.0,25,9,4.6,71717,219329
2087,Dell Wireless Mouse,Dell,Mouse,1263.0,43,277,4.2,38574,377557
2088,Dell Wireless Mouse,Dell,Mouse,3344.0,18,535,4.3,21760,74295
2089,HP Wireless Mouse,HP,Mouse,3341.0,29,215,4.3,32940,247621
2090,Dell Wireless Mouse,Dell,Mouse,1408.0,30,10,3.7,93737,434948
2091,Dell Wireless Mouse,Dell,Mouse,3710.0,0,319,3.8,61678,35252
2092,HP Wireless Mouse,HP,Mouse,1932.0,21,96,4.5,70491,240535
2093,Logitech Wireless Mouse,Logitech,Mouse,4139.0,40,572,4.4,8761,183838
2094,HP Wireless Mouse,HP,Mouse,3125.0,18,840,4.4,25259,144059
2095,Razer Wireless Mouse,Razer,Mouse,2804.0,16,574,4.1,52867,489946
2096,HP Wireless Mouse,HP,Mouse,934.0,13,286,4.4,13507,383175
2097,HP Wireless Mouse,HP,Mouse,2453.0,33,601,4.3,16617,417896
2098,Razer Wireless Mouse,Razer,Mouse,3004.0,17,989,4.4,77626,317176
2099,Razer Wireless Mouse,Razer,Mouse,2014.0,5,951,3.8,30396,113578
2100,HP Wireless Mouse,HP,Mouse,1474.0,4,917,3.7,42,169622
2101,Logitech Wireless Mouse,Logitech,Mouse,1422.0,42,483,4.3,57640,223135
2102,Dell Wireless Mouse,Dell,Mouse,2778.0,35,402,4.3,15384,126334
2103,Razer Wireless Mouse,Razer,Mouse,3458.0,33,324,4.6,46539,163552
2104,Logitech Wireless Mouse,Logitech,Mouse,2052.0,17,728,4.9,83079,437149
2105,HP Wireless Mouse,HP,Mouse,3881.0,50,256,4.3,64247,364532
2106,Logitech Wireless Mouse,Logitech,Mouse,4870.0,11,25,4.8,85481,182646
2107,Dell Wireless Mouse,Dell,Mouse,4118.0,27,218,4.7,45359,382039
2108,HP Wireless Mouse,HP,Mouse,3433.0,12,452,4.1,98003,5695
2109,Dell Wireless Mouse,Dell,Mouse,4609.0,21,96,3.8,76842,162834
2110,Dell Wireless Mouse,Dell,Mouse,2378.0,17,34,4.3,1713,318224
2111,Dell Wireless Mouse,Dell,Mouse,4221.0,16,280,4.1,91170,369337
2112,Logitech Wireless Mouse,Logitech,Mouse,4987.0,30,622,4.7,94123,486416
2113,Razer Wireless Mouse,Razer,Mouse,4316.0,41,768,3.8,98305,458818
2114,Logitech Wireless Mouse,Logitech,Mouse,612.0,45,156,4.1,80346,468952
2115,HP Wireless Mouse,HP,Mouse,1378.0,28,652,3.6,15663,29485
2116,Logitech Wireless Mouse,Logitech,Mouse,2874.0,12,670,3.6,71324,145578
2117,Logitech Wireless Mouse,Logitech,Mouse,3025.0,45,173,4.8,41491,470772
2118,Dell Wireless Mouse,Dell,Mouse,4529.0,26,857,3.5,87106,211478
2119,Logitech Wireless Mouse,Logitech,Mouse,832.0,9,746,3.8,99794,263043
2120,Dell Wireless Mouse,Dell,Mouse,987.0,38,203,3.8,5843,144554
2121,Razer Wireless Mouse,Razer,Mouse,1716.0,17,574,4.5,432,163239
2122,Dell Wireless Mouse,Dell,Mouse,1264.0,44,88,4.0,74481,438460
2123,Razer Wireless Mouse,Razer,Mouse,1022.0,46,88,3.7,11880,95783
2124,HP Wireless Mouse,HP,Mouse,2900.0,10,807,4.4,2645,402083
2125,Logitech Wireless Mouse,Logitech,Mouse,2081.0,46,965,4.5,60348,42711
2126,HP Wireless Mouse,HP,Mouse,2821.0,12,765,4.8,84199,494323
2127,HP Wireless Mouse,HP,Mouse,2843.0,11,285,3.6,92535,150610
2128,HP Wireless Mouse,HP,Mouse,4928.0,12,279,4.0,29627,438024
2129,HP Wireless Mouse,HP,Mouse,1750.0,28,270,5.0,34004,365821
2130,Logitech Wireless Mouse,Logitech,Mouse,4313.0,49,657,4.0,47669,183002
2131,Razer Wireless Mouse,Razer,Mouse,1696.0,9,550,3.6,76716,202307
2132,HP Wireless Mouse,HP,Mouse,3854.0,18,212,4.0,89403,417575
2133,Dell Wireless Mouse,Dell,Mouse,4426.0,17,92,4.3,97413,416539
2134,HP Wireless Mouse,HP,Mouse,2415.0,7,529,3.8,34199,16587
2135,HP Wireless Mouse,HP,Mouse,4192.0,23,577,3.7,76925,169440
2136,Razer Wireless Mouse,Razer,Mouse,577.0,22,890,4.0,13721,330124
2137,Logitech Wireless Mouse,Logitech,Mouse,1600.0,41,924,4.1,43881,176613
2138,Logitech Wireless Mouse,Logitech,Mouse,1832.0,29,559,4.9,40154,85425
2139,HP Wireless Mouse,HP,Mouse,478.0,37,589,4.2,80830,239408
2140,Razer Wireless Mouse,Razer,Mouse,3571.0,46,382,4.2,31937,132521
2141,Dell Wireless Mouse,Dell,Mouse,4253.0,14,781,4.5,39354,21139
2142,Logitech Wireless Mouse,Logitech,Mouse,3748.0,25,607,4.1,35315,302870
2143,Logitech Wireless Mouse,Logitech,Mouse,1643.0,38,988,4.3,39407,464931
2144,HP Wireless Mouse,HP,Mouse,4952.0,21,807,4.6,17035,347916
2145,Logitech Wireless Mouse,Logitech,Mouse,1040.0,22,469,4.0,18551,420311
2146,Razer Wireless Mouse,Razer,Mouse,1654.0,12,904,4.2,86335,77427
2147,HP Wireless Mouse,HP,Mouse,2768.0,13,447,4.0,24205,123928
2148,Logitech Wireless Mouse,Logitech,Mouse,2304.0,49,383,3.7,72800,443473
2149,Logitech Wireless Mouse,Logitech,Mouse,4210.0,35,703,3.7,13105,246935
2150,Razer Wireless Mouse,Razer,Mouse,2040.0,29,723,4.9,87623,197385
2151,HP Wireless Mouse,HP,Mouse,1084.0,8,409,4.1,41737,400154
2152,Dell Wireless Mouse,Dell,Mouse,2619.0,27,611,4.7,95741,457637
2153,Razer Wireless Mouse,Razer,Mouse,4675.0,47,993,3.6,64013,351308
2154,Logitech Wireless Mouse,Logitech,Mouse,2116.0,15,377,4.8,23361,402671
2155,Dell Wireless Mouse,Dell,Mouse,3084.0,38,769,4.3,218,320212
2156,Razer Wireless Mouse,Razer,Mouse,932.0,12,45,4.5,18108,262217
2157,HP Wireless Mouse,HP,Mouse,2773.0,41,184,4.2,44520,201461
2158,Razer Wireless Mouse,Razer,Mouse,1534.0,30,35,3.9,50710,354137
2159,Dell Wireless Mouse,Dell,Mouse,3754.0,33,854,3.8,52204,357842
2160,Logitech Wireless Mouse,Logitech,Mouse,4108.0,46,103,4.7,45398,359795
2161,Razer Wireless Mouse,Razer,Mouse,400.0,32,393,3.7,16884,301398
2162,Razer Wireless Mouse,Razer,Mouse,394.0,27,789,4.2,87853,210708
2163,Logitech Wireless Mouse,Logitech,Mouse,2781.0,7,618,4.1,97273,332560
2164,Razer Wireless Mouse,Razer,Mouse,4412.0,21,864,4.1,62078,373405
2165,Dell Wireless Mouse,Dell,Mouse,1214.0,48,392,4.7,55593,278870
2166,Logitech Wireless Mouse,Logitech,Mouse,1531.0,16,202,3.5,92751,309510
2167,Razer Wireless Mouse,Razer,Mouse,3862.0,7,888,3.6,36934,20989
2168,Razer Wireless Mouse,Razer,Mouse,4070.0,23,258,4.1,78565,359964
2169,Razer Wireless Mouse,Razer,Mouse,3064.0,17,183,4.5,3094,284656
2170,Dell Wireless Mouse,Dell,Mouse,3223.0,19,651,4.1,58569,170300
2171,Logitech Wireless Mouse,Logitech,Mouse,1214.0,47,405,4.0,4808,278637
2172,HP Wireless Mouse,HP,Mouse,1735.0,46,148,3.6,12405,66188
2173,Razer Wireless Mouse,Razer,Mouse,3831.0,44,632,4.8,45280,240240
2174,HP Wireless Mouse,HP,Mouse,4588.0,20,381,4.4,5336,40226
2175,Logitech Wireless Mouse,Logitech,Mouse,1502.0,6,391,4.4,94881,334498
2176,Logitech Wireless Mouse,Logitech,Mouse,3067.0,27,410,4.9,98217,158427
2177,Logitech Wireless Mouse,Logitech,Mouse,1806.0,41,760,4.9,33676,378423
2178,Logitech Wireless Mouse,Logitech,Mouse,3850.0,16,310,4.9,25129,299413
2179,HP Wireless Mouse,HP,Mouse,700.0,48,957,4.1,61996,112931
2180,Razer Wireless Mouse,Razer,Mouse,2551.0,32,687,4.6,24351,145251
2181,Logitech Wireless Mouse,Logitech,Mouse,3565.0,17,5,4.9,88904,149476
2182,Razer Wireless Mouse,Razer,Mouse,1996.0,8,281,3.5,54316,344668
2183,Dell Wireless Mouse,Dell,Mouse,4088.0,6,226,4.4,83221,166907
2184,HP Wireless Mouse,HP,Mouse,448.0,39,294,4.6,28984,33508
2185,Razer Wireless Mouse,Razer,Mouse,3746.0,24,487,4.5,43100,283979
2186,Logitech Wireless Mouse,Logitech,Mouse,3109.0,28,155,4.0,45408,431394
2187,Razer Wireless Mouse,Razer,Mouse,4387.0,43,399,3.8,91462,89235
2188,Dell Wireless Mouse,Dell,Mouse,3600.0,40,498,3.5,74893,41313
2189,Dell Wireless Mouse,Dell,Mouse,980.0,19,298,3.8,69424,193662
2190,Dell Wireless Mouse,Dell,Mouse,3998.0,39,598,4.5,3885,81836
2191,HP Wireless Mouse,HP,Mouse,3180.0,1,769,4.3,54456,401148
2192,Dell Wireless Mouse,Dell,Mouse,4858.0,34,134,4.6,30775,196857
2193,Razer Wireless Mouse,Razer,Mouse,1311.0,7,584,3.6,28623,110884
2194,Dell Wireless Mouse,Dell,Mouse,1763.0,35,418,4.8,96277,210400
2195,Dell Wireless Mouse,Dell,Mouse,2083.0,20,788,4.1,78554,146313
2196,Dell Wireless Mouse,Dell,Mouse,1165.0,48,651,4.5,90036,332038
2197,Dell Wireless Mouse,Dell,Mouse,4414.0,25,506,4.3,51412,118116
2198,Razer Wireless Mouse,Razer,Mouse,2645.0,11,409,4.7,58921,82396
2199,Dell Wireless Mouse,Dell,Mouse,327.0,29,671,4.3,43795,400097
2200,HP Wireless Mouse,HP,Mouse,1105.0,26,420,4.1,85613,219304
2201,HP Wireless Mouse,HP,Mouse,537.0,39,515,4.4,18172,319761
2202,Logitech Wireless Mouse,Logitech,Mouse,4974.0,39,255,4.6,3002,170504
2203,HP Wireless Mouse,HP,Mouse,4963.0,23,23,4.4,89710,47792
2204,Razer Wireless Mouse,Razer,Mouse,4822.0,10,468,4.3,25311,445906
2205,Dell Wireless Mouse,Dell,Mouse,2260.0,12,330,3.8,93437,483171
2206,HP Wireless Mouse,HP,Mouse,2700.0,36,472,3.6,4058,108631
2207,Razer Wireless Mouse,Razer,Mouse,2307.0,50,181,4.5,58160,126916
2208,Razer Wireless Mouse,Razer,Mouse,4397.0,21,893,4.5,79178,439388
2209,HP Wireless Mouse,HP,Mouse,2305.0,47,33,4.2,9164,3708
2210,Razer Wireless Mouse,Razer,Mouse,4557.0,50,427,5.0,50514,36991
2211,Dell Wireless Mouse,Dell,Mouse,4701.0,34,731,3.7,79567,339361
2212,Logitech Wireless Mouse,Logitech,Mouse,3892.0,18,831,4.2,95172,31445
2213,Razer Wireless Mouse,Razer,Mouse,626.0,32,644,4.0,93939,486319
2214,Razer Wireless Mouse,Razer,Mouse,3810.0,16,776,4.7,13592,76637
2215,Logitech Wireless Mouse,Logitech,Mouse,1684.0,9,934,4.0,86063,178271
2216,HP Wireless Mouse,HP,Mouse,4253.0,41,710,3.8,12740,173128
2217,Logitech Wireless Mouse,Logitech,Mouse,4053.0,15,775,4.8,64441,394628
2218,Dell Wireless Mouse,Dell,Mouse,3105.0,50,461,3.9,58294,173461
2219,Dell Wireless Mouse,Dell,Mouse,4954.0,8,151,3.9,4695,399252
2220,Dell Wireless Mouse,Dell,Mouse,512.0,23,730,3.8,48618,295556
2221,Dell Wireless Mouse,Dell,Mouse,2812.0,40,312,4.9,20759,297706
2222,Razer Wireless Mouse,Razer,Mouse,3903.0,44,131,4.5,20252,390030
2223,HP Wireless Mouse,HP,Mouse,2694.0,14,28,4.8,33735,333946
2224,HP Wireless Mouse,HP,Mouse,2781.0,23,738,3.7,1591,136111
2225,Razer Wireless Mouse,Razer,Mouse,4207.0,41,159,4.4,22345,180567
2226,Dell Wireless Mouse,Dell,Mouse,4587.0,10,891,4.1,63612,340036
2227,Razer Wireless Mouse,Razer,Mouse,1736.0,42,969,4.2,49800,7561
2228,Logitech Wireless Mouse,Logitech,Mouse,3104.0,9,284,3.8,27067,117703
2229,Logitech Wireless Mouse,Logitech,Mouse,1913.0,40,928,4.0,60214,298633
2230,Logitech Wireless Mouse,Logitech,Mouse,4593.0,23,680,4.8,97183,106284
2231,Logitech Wireless Mouse,Logitech,Mouse,3564.0,4,277,4.4,43200,266132
2232,Logitech Wireless Mouse,Logitech,Mouse,758.0,15,262,4.2,68553,130108
2233,HP Wireless Mouse,HP,Mouse,2307.0,11,41,3.8,94038,239209
2234,Dell Wireless Mouse,Dell,Mouse,4821.0,46,850,3.9,97410,99722
2235,Logitech Wireless Mouse,Logitech,Mouse,1385.0,14,249,4.3,7987,109011
2236,Razer Wireless Mouse,Razer,Mouse,4103.0,50,649,3.6,6705,167273
2237,Logitech Wireless Mouse,Logitech,Mouse,1909.0,30,202,4.2,57930,43818
2238,Logitech Wireless Mouse,Logitech,Mouse,4743.0,19,582,4.4,78429,255549
2239,Logitech Wireless Mouse,Logitech,Mouse,3820.0,28,796,4.8,14627,377577
2240,HP Wireless Mouse,HP,Mouse,4037.0,26,615,5.0,33007,395706
2241,Dell Wireless Mouse,Dell,Mouse,4335.0,30,526,4.4,43085,266067
2242,Dell Wireless Mouse,Dell,Mouse,2754.0,21,281,3.9,69765,130659
2243,Dell Wireless Mouse,Dell,Mouse,3904.0,11,499,3.7,99180,495917
2244,Logitech Wireless Mouse,Logitech,Mouse,2914.0,31,167,4.8,66797,246780
2245,HP Wireless Mouse,HP,Mouse,837.0,6,947,4.6,88218,159819
2246,Razer Wireless Mouse,Razer,Mouse,3105.0,11,198,4.5,70604,431357
2247,Logitech Wireless Mouse,Logitech,Mouse,2198.0,20,784,3.8,65779,160209
2248,Razer Wireless Mouse,Razer,Mouse,1143.0,36,688,4.5,79901,110353
2249,HP Wireless Mouse,HP,Mouse,2952.0,10,872,3.7,51945,412091
2250,HP Wireless Mouse,HP,Mouse,1587.0,41,609,4.0,67704,248494
2251,Razer Wireless Mouse,Razer,Mouse,2506.0,19,379,3.8,34462,247554
2252,HP Wireless Mouse,HP,Mouse,2808.0,47,322,4.0,46400,434856
2253,Razer Wireless Mouse,Razer,Mouse,2823.0,26,5,4.1,51592,399971
2254,Razer Wireless Mouse,Razer,Mouse,753.0,8,998,5.0,46358,338681
2255,Razer Wireless Mouse,Razer,Mouse,2546.0,13,677,3.5,92329,106117
2256,Dell Wireless Mouse,Dell,Mouse,2714.0,27,809,4.7,3113,168839
2257,Razer Wireless Mouse,Razer,Mouse,2968.0,13,632,4.3,96874,104670
2258,Razer Wireless Mouse,Razer,Mouse,2544.0,20,740,3.7,31878,84205
2259,Razer Wireless Mouse,Razer,Mouse,4149.0,42,399,4.9,6039,409688
2260,Razer Wireless Mouse,Razer,Mouse,2346.0,24,60,3.9,79532,307392
2261,Logitech Wireless Mouse,Logitech,Mouse,759.0,23,448,4.5,36191,282112
2262,Dell Wireless Mouse,Dell,Mouse,1209.0,20,1000,4.2,98291,38891
2263,Razer Wireless Mouse,Razer,Mouse,1543.0,36,204,4.8,77317,156786
2264,Logitech Wireless Mouse,Logitech,Mouse,3890.0,48,676,3.9,75079,286668
2265,Dell Wireless Mouse,Dell,Mouse,4860.0,1,143,4.3,38206,361633
2266,Logitech Wireless Mouse,Logitech,Mouse,2871.0,49,456,4.9,47357,474634
2267,HP Wireless Mouse,HP,Mouse,1808.0,23,341,4.0,29852,241693
2268,HP Wireless Mouse,HP,Mouse,2421.0,1,143,3.9,98006,489093
2269,Logitech Wireless Mouse,Logitech,Mouse,3665.0,3,851,4.1,63757,418532
2270,Logitech Wireless Mouse,Logitech,Mouse,4496.0,2,982,4.1,74159,229322
2271,Dell Wireless Mouse,Dell,Mouse,4713.0,40,68,4.2,75352,175082
2272,Logitech Wireless Mouse,Logitech,Mouse,4930.0,7,544,3.6,73186,409353
2273,HP Wireless Mouse,HP,Mouse,4506.0,29,624,4.8,11508,301002
2274,HP Wireless Mouse,HP,Mouse,898.0,17,476,4.7,56495,428839
2275,Razer Wireless Mouse,Razer,Mouse,1546.0,41,589,4.5,9581,95349
2276,Dell Wireless Mouse,Dell,Mouse,4019.0,27,910,4.3,90788,387789
2277,Logitech Wireless Mouse,Logitech,Mouse,3588.0,24,19,4.4,842,327093
2278,Logitech Wireless Mouse,Logitech,Mouse,2145.0,14,598,4.0,19735,135813
2279,Dell Wireless Mouse,Dell,Mouse,4661.0,49,841,4.2,87225,105131
2280,Dell Wireless Mouse,Dell,Mouse,1550.0,19,185,3.8,19445,108178
2281,Logitech Wireless Mouse,Logitech,Mouse,514.0,8,553,4.3,5181,408763
2282,Dell Wireless Mouse,Dell,Mouse,867.0,14,673,4.0,41341,486883
2283,HP Wireless Mouse,HP,Mouse,1952.0,14,958,4.0,55621,142222
2284,HP Wireless Mouse,HP,Mouse,3210.0,24,26,3.5,57634,64645
2285,Razer Wireless Mouse,Razer,Mouse,2008.0,25,203,4.1,58574,230024
2286,HP Wireless Mouse,HP,Mouse,3417.0,11,518,4.4,16348,48781
2287,Logitech Wireless Mouse,Logitech,Mouse,1634.0,31,758,4.6,15785,493295
2288,Dell Wireless Mouse,Dell,Mouse,2895.0,32,368,4.1,27578,47700
2289,Razer Wireless Mouse,Razer,Mouse,2391.0,0,389,4.3,59903,8564
2290,Razer Wireless Mouse,Razer,Mouse,3579.0,23,968,4.9,13125,186055
2291,Dell Wireless Mouse,Dell,Mouse,834.0,14,718,4.2,85469,157750
2292,Logitech Wireless Mouse,Logitech,Mouse,3492.0,17,747,4.8,2087,498859
2293,Dell Wireless Mouse,Dell,Mouse,671.0,36,9,3.7,32646,93086
2294,HP Wireless Mouse,HP,Mouse,4548.0,48,39,3.7,91114,246417
2295,Logitech Wireless Mouse,Logitech,Mouse,2018.0,23,632,4.8,86642,153760
2296,Razer Wireless Mouse,Razer,Mouse,1590.0,33,988,4.1,22900,490986
2297,HP Wireless Mouse,HP,Mouse,1787.0,10,30,4.0,14348,412482
2298,Razer Wireless Mouse,Razer,Mouse,1971.0,16,636,4.0,81970,195755
2299,Dell Wireless Mouse,Dell,Mouse,533.0,30,35,4.7,43471,15040
2300,HP Wireless Mouse,HP,Mouse,3639.0,38,739,3.6,49428,399870
2301,HP Wireless Mouse,HP,Mouse,1595.0,14,94,3.7,45710,470485
2302,Razer Wireless Mouse,Razer,Mouse,843.0,26,876,3.7,62359,243596
2303,Razer Wireless Mouse,Razer,Mouse,1401.0,19,487,4.8,83483,478
2304,Razer Wireless Mouse,Razer,Mouse,2404.0,23,979,3.7,86042,283208
2305,Logitech Wireless Mouse,Logitech,Mouse,4214.0,8,224,4.2,74883,103010
2306,HP Wireless Mouse,HP,Mouse,1468.0,6,734,3.8,10782,389743
2307,Razer Wireless Mouse,Razer,Mouse,2612.0,14,256,4.8,13802,131056
2308,HP Wireless Mouse,HP,Mouse,2766.0,37,532,4.0,60584,350511
2309,Dell Wireless Mouse,Dell,Mouse,1378.0,9,593,4.0,49131,346760
2310,Logitech Wireless Mouse,Logitech,Mouse,3454.0,0,146,4.4,25948,95610
2311,Logitech Wireless Mouse,Logitech,Mouse,2248.0,36,492,3.7,42284,6240
2312,Razer Wireless Mouse,Razer,Mouse,3117.0,28,219,3.8,75664,212781
2313,Razer Wireless Mouse,Razer,Mouse,2452.0,17,671,4.3,15452,390673
2314,Dell Wireless Mouse,Dell,Mouse,3062.0,21,826,5.0,24431,133942
2315,Razer Wireless Mouse,Razer,Mouse,4796.0,21,781,4.2,12658,350331
2316,Dell Wireless Mouse,Dell,Mouse,817.0,1,987,4.7,55914,336846
2317,HP Wireless Mouse,HP,Mouse,1074.0,7,123,3.8,59966,435299
2318,Dell Wireless Mouse,Dell,Mouse,1334.0,27,566,4.8,40253,237374
2319,Logitech Wireless Mouse,Logitech,Mouse,4434.0,9,860,3.8,66975,102272
2320,HP Wireless Mouse,HP,Mouse,436.0,33,615,3.8,97605,185664
2321,HP Wireless Mouse,HP,Mouse,4911.0,34,371,4.8,68828,24739
2322,HP Wireless Mouse,HP,Mouse,4648.0,43,169,3.8,20817,52601
2323,HP Wireless Mouse,HP,Mouse,1545.0,12,285,4.3,79920,222406
2324,Logitech Wireless Mouse,Logitech,Mouse,3583.0,30,479,3.9,68396,220963
2325,Dell Wireless Mouse,Dell,Mouse,1415.0,4,257,4.6,39330,285
2326,Dell Wireless Mouse,Dell,Mouse,2010.0,4,60,4.9,80372,311519
2327,Razer Wireless Mouse,Razer,Mouse,1449.0,15,400,3.7,21014,400966
2328,HP Wireless Mouse,HP,Mouse,3732.0,22,72,4.1,25355,130423
2329,HP Wireless Mouse,HP,Mouse,2562.0,46,757,3.7,52627,64834
2330,HP Wireless Mouse,HP,Mouse,1986.0,48,335,4.2,88121,144525
2331,Logitech Wireless Mouse,Logitech,Mouse,1260.0,49,643,4.3,68723,53898
2332,Razer Wireless Mouse,Razer,Mouse,2202.0,7,554,4.5,39177,431190
2333,Razer Wireless Mouse,Razer,Mouse,1558.0,46,349,3.6,98871,477467
2334,Dell Wireless Mouse,Dell,Mouse,635.0,40,477,4.1,33492,59259
2335,Razer Wireless Mouse,Razer,Mouse,1679.0,50,498,4.8,90638,453874
2336,Dell Wireless Mouse,Dell,Mouse,2140.0,38,982,4.3,11619,383752
2337,Dell Wireless Mouse,Dell,Mouse,2276.0,44,986,4.8,87161,259377
2338,Razer Wireless Mouse,Razer,Mouse,3754.0,49,286,3.6,13797,453696
2339,Dell Wireless Mouse,Dell,Mouse,2361.0,42,856,4.5,43110,220115
2340,Dell Wireless Mouse,Dell,Mouse,3221.0,31,248,3.6,13265,373967
2341,Razer Wireless Mouse,Razer,Mouse,2113.0,6,799,4.4,87255,139431
2342,Razer Wireless Mouse,Razer,Mouse,4893.0,38,531,4.4,74146,197139
2343,Razer Wireless Mouse,Razer,Mouse,644.0,50,658,4.4,77387,439561
2344,Logitech Wireless Mouse,Logitech,Mouse,1077.0,37,688,3.7,31285,189211
2345,Razer Wireless Mouse,Razer,Mouse,3525.0,41,807,4.6,5235,182187
2346,Razer Wireless Mouse,Razer,Mouse,4074.0,25,832,4.4,68529,19643
2347,Razer Wireless Mouse,Razer,Mouse,510.0,40,968,3.8,23699,12758
2348,Dell Wireless Mouse,Dell,Mouse,1109.0,1,746,3.9,54030,420524
2349,Razer Wireless Mouse,Razer,Mouse,2376.0,22,996,4.0,89533,180481
2350,HP Wireless Mouse,HP,Mouse,2566.0,29,715,4.2,6275,170237
2351,Dell Wireless Mouse,Dell,Mouse,1615.0,20,758,3.8,71742,339989
2352,Razer Wireless Mouse,Razer,Mouse,3155.0,31,877,4.7,22561,442976
2353,Logitech Wireless Mouse,Logitech,Mouse,3034.0,14,324,4.0,70557,387999
2354,Dell Wireless Mouse,Dell,Mouse,1129.0,25,320,4.9,11863,335356
2355,Razer Wireless Mouse,Razer,Mouse,1825.0,45,497,4.6,26506,138868
2356,Dell Wireless Mouse,Dell,Mouse,3060.0,10,982,4.7,47387,395817
2357,HP Wireless Mouse,HP,Mouse,2944.0,19,930,3.5,24886,305155
2358,Dell Wireless Mouse,Dell,Mouse,4886.0,44,77,4.3,52172,324356
2359,HP Wireless Mouse,HP,Mouse,1064.0,42,414,3.6,78387,479664
2360,Dell Wireless Mouse,Dell,Mouse,1494.0,25,136,4.6,69848,185592
2361,Razer Wireless Mouse,Razer,Mouse,1148.0,18,628,4.8,96516,427170
2362,Logitech Wireless Mouse,Logitech,Mouse,2952.0,2,251,5.0,58014,433232
2363,HP Wireless Mouse,HP,Mouse,2542.0,44,224,3.5,29431,436961
2364,HP Wireless Mouse,HP,Mouse,2150.0,0,303,4.2,28317,76319
2365,HP Wireless Mouse,HP,Mouse,470.0,28,424,4.8,63353,439417
2366,HP Wireless Mouse,HP,Mouse,3677.0,25,642,3.8,67980,304656
2367,Razer Wireless Mouse,Razer,Mouse,2442.0,16,441,4.6,47716,421326
2368,Dell Wireless Mouse,Dell,Mouse,3286.0,34,365,4.9,30773,167953
2369,Logitech Wireless Mouse,Logitech,Mouse,1401.0,50,551,4.0,92079,129544
2370,HP Wireless Mouse,HP,Mouse,1091.0,30,548,5.0,66522,371481
2371,Dell Wireless Mouse,Dell,Mouse,1158.0,46,356,4.7,79189,119545
2372,HP Wireless Mouse,HP,Mouse,4111.0,39,448,3.9,6983,241397
2373,Razer Wireless Mouse,Razer,Mouse,3873.0,35,459,3.6,22468,11694
2374,Logitech Wireless Mouse,Logitech,Mouse,3147.0,4,698,4.2,92587,77631
2375,Dell Wireless Mouse,Dell,Mouse,835.0,16,970,4.9,36197,298814
2376,Logitech Wireless Mouse,Logitech,Mouse,4320.0,13,677,4.1,17489,207847
2377,Razer Wireless Mouse,Razer,Mouse,2838.0,21,238,4.3,88440,159830
2378,Razer Wireless Mouse,Razer,Mouse,1481.0,20,883,4.6,89312,307790
2379,Logitech Wireless Mouse,Logitech,Mouse,733.0,7,793,4.6,46979,308091
2380,Logitech Wireless Mouse,Logitech,Mouse,821.0,46,199,4.3,95742,84619
2381,HP Wireless Mouse,HP,Mouse,1769.0,31,746,4.8,3874,340576
2382,Logitech Wireless Mouse,Logitech,Mouse,3018.0,44,971,3.6,52904,301042
2383,Razer Wireless Mouse,Razer,Mouse,3638.0,21,187,4.1,62191,72718
2384,Logitech Wireless Mouse,Logitech,Mouse,2849.0,16,511,4.0,92712,225733
2385,Logitech Wireless Mouse,Logitech,Mouse,1811.0,22,662,3.9,26303,118924
2386,Logitech Wireless Mouse,Logitech,Mouse,3082.0,16,20,4.2,12334,274757
2387,Logitech Wireless Mouse,Logitech,Mouse,4863.0,10,1,3.6,48919,50164
2388,Logitech Wireless Mouse,Logitech,Mouse,338.0,36,576,4.0,40152,14598
2389,Dell Wireless Mouse,Dell,Mouse,868.0,39,510,4.9,24714,333799
2390,HP Wireless Mouse,HP,Mouse,4684.0,43,934,3.8,45262,50937
2391,HP Wireless Mouse,HP,Mouse,3365.0,49,181,4.4,57773,370440
2392,HP Wireless Mouse,HP,Mouse,3946.0,34,909,3.5,5092,490462
2393,Logitech Wireless Mouse,Logitech,Mouse,2853.0,43,184,4.9,14136,183104
2394,HP Wireless Mouse,HP,Mouse,1116.0,39,942,4.2,79112,81497
2395,Dell Wireless Mouse,Dell,Mouse,4024.0,24,802,4.9,71834,436187
2396,Razer Wireless Mouse,Razer,Mouse,1253.0,15,374,4.5,8590,177489
2397,HP Wireless Mouse,HP,Mouse,2261.0,50,413,4.9,64335,98844
2398,Logitech Wireless Mouse,Logitech,Mouse,3235.0,42,724,3.6,62980,425248
2399,Logitech Wireless Mouse,Logitech,Mouse,4558.0,33,576,3.6,85836,168162
2400,Razer Wireless Mouse,Razer,Mouse,4775.0,8,458,4.5,37045,168038
2401,HP Wireless Mouse,HP,Mouse,2699.0,27,386,4.9,55888,212037
2402,Logitech Wireless Mouse,Logitech,Mouse,4317.0,35,495,3.5,13683,168666
2403,Razer Wireless Mouse,Razer,Mouse,2805.0,43,715,4.2,37653,404243
2404,Logitech Wireless Mouse,Logitech,Mouse,4621.0,5,314,4.7,24661,496485
2405,HP Wireless Mouse,HP,Mouse,2869.0,3,989,4.6,70040,14760
2406,Dell Wireless Mouse,Dell,Mouse,3453.0,43,894,3.8,70495,27591
2407,Razer Wireless Mouse,Razer,Mouse,4464.0,23,697,4.3,23378,266829
2408,Logitech Wireless Mouse,Logitech,Mouse,2057.0,14,729,3.6,24350,467951
2409,Dell Wireless Mouse,Dell,Mouse,897.0,36,655,4.6,64926,108489
2410,Logitech Wireless Mouse,Logitech,Mouse,670.0,44,119,4.9,27014,472127
2411,Dell Wireless Mouse,Dell,Mouse,338.0,21,181,4.9,86464,426680
2412,Razer Wireless Mouse,Razer,Mouse,2170.0,9,145,4.1,52695,23565
2413,HP Wireless Mouse,HP,Mouse,2415.0,36,727,4.8,55432,356823
2414,Dell Wireless Mouse,Dell,Mouse,1978.0,17,419,4.9,85644,386308
2415,Logitech Wireless Mouse,Logitech,Mouse,3706.0,12,836,4.7,49441,145897
2416,Razer Wireless Mouse,Razer,Mouse,2376.0,25,42,4.4,82131,363181
2417,Razer Wireless Mouse,Razer,Mouse,1355.0,40,117,4.5,29235,37075
2418,Logitech Wireless Mouse,Logitech,Mouse,1601.0,11,549,4.9,64043,34965
2419,Dell Wireless Mouse,Dell,Mouse,1671.0,45,952,4.9,33629,357090
2420,Razer Wireless Mouse,Razer,Mouse,2633.0,36,267,4.3,37326,448632
2421,Logitech Wireless Mouse,Logitech,Mouse,1278.0,5,568,4.1,26503,498283
2422,Razer Wireless Mouse,Razer,Mouse,1944.0,30,111,3.7,4688,245968
2423,Logitech Wireless Mouse,Logitech,Mouse,2173.0,5,780,3.6,50874,96819
2424,Logitech Wireless Mouse,Logitech,Mouse,2280.0,47,146,4.2,48624,229795
2425,Razer Wireless Mouse,Razer,Mouse,636.0,12,786,4.5,66020,402118
2426,HP Wireless Mouse,HP,Mouse,2904.0,9,349,3.6,1872,497434
2427,Dell Wireless Mouse,Dell,Mouse,1737.0,41,57,4.0,26309,472778
2428,Razer Wireless Mouse,Razer,Mouse,3413.0,4,230,3.7,38257,265177
2429,HP Wireless Mouse,HP,Mouse,1892.0,1,892,4.0,94536,230195
2430,Razer Wireless Mouse,Razer,Mouse,868.0,18,570,4.8,78870,277215
2431,HP Wireless Mouse,HP,Mouse,1474.0,7,701,4.3,41632,29834
2432,Logitech Wireless Mouse,Logitech,Mouse,3658.0,46,173,4.3,2298,324417
2433,Dell Wireless Mouse,Dell,Mouse,3334.0,14,6,3.6,13614,358878
2434,Razer Wireless Mouse,Razer,Mouse,328.0,36,122,4.3,50803,403117
2435,HP Wireless Mouse,HP,Mouse,588.0,41,843,4.3,9699,10477
2436,Razer Wireless Mouse,Razer,Mouse,4981.0,39,396,4.5,37033,359557
2437,Razer Wireless Mouse,Razer,Mouse,2246.0,22,651,4.5,80305,131194
2438,Razer Wireless Mouse,Razer,Mouse,4225.0,34,900,4.9,20082,238243
2439,Dell Wireless Mouse,Dell,Mouse,2133.0,11,986,3.7,83515,383343
2440,Razer Wireless Mouse,Razer,Mouse,2407.0,1,442,4.8,48254,388076
2441,Dell Wireless Mouse,Dell,Mouse,1479.0,34,872,3.6,53798,372704
2442,HP Wireless Mouse,HP,Mouse,3595.0,13,964,3.7,82126,185142
2443,Razer Wireless Mouse,Razer,Mouse,3749.0,28,454,4.8,60379,384638
2444,Razer Wireless Mouse,Razer,Mouse,4097.0,25,136,4.0,42740,348947
2445,HP Wireless Mouse,HP,Mouse,2315.0,12,970,3.8,25040,298098
2446,Dell Wireless Mouse,Dell,Mouse,4095.0,41,314,4.3,53514,196611
2447,HP Wireless Mouse,HP,Mouse,3518.0,41,463,3.7,14250,284698
2448,Dell Wireless Mouse,Dell,Mouse,3676.0,35,911,3.6,28475,177143
2449,HP Wireless Mouse,HP,Mouse,3448.0,28,24,4.9,56604,94637
2450,HP Wireless Mouse,HP,Mouse,3461.0,47,696,4.4,22599,143398
2451,HP Wireless Mouse,HP,Mouse,3592.0,26,324,4.4,25937,79101
2452,Razer Wireless Mouse,Razer,Mouse,2312.0,31,323,4.8,17122,399932
2453,Logitech Wireless Mouse,Logitech,Mouse,1095.0,0,942,4.7,11249,11354
2454,Logitech Wireless Mouse,Logitech,Mouse,3015.0,22,207,4.8,41074,488507
2455,HP Wireless Mouse,HP,Mouse,2044.0,39,931,4.0,8663,190385
2456,Dell Wireless Mouse,Dell,Mouse,3958.0,18,310,4.2,92232,91964
2457,Logitech Wireless Mouse,Logitech,Mouse,4902.0,26,121,3.7,19935,85693
2458,Razer Wireless Mouse,Razer,Mouse,1596.0,44,287,4.3,82412,246288
2459,HP Wireless Mouse,HP,Mouse,1228.0,28,99,4.5,19231,476774
2460,Logitech Wireless Mouse,Logitech,Mouse,1410.0,30,174,4.8,61982,198999
2461,Logitech Wireless Mouse,Logitech,Mouse,3268.0,11,458,4.9,76672,299945
2462,Logitech Wireless Mouse,Logitech,Mouse,4328.0,21,87,4.9,74299,180365
2463,Dell Wireless Mouse,Dell,Mouse,864.0,43,403,3.8,81803,157441
2464,HP Wireless Mouse,HP,Mouse,1209.0,40,328,5.0,87684,103453
2465,Dell Wireless Mouse,Dell,Mouse,980.0,39,912,4.0,64857,8465
2466,Razer Wireless Mouse,Razer,Mouse,1684.0,32,286,4.0,33133,100775
2467,Logitech Wireless Mouse,Logitech,Mouse,4310.0,41,244,4.0,21883,27368
2468,Dell Wireless Mouse,Dell,Mouse,2455.0,2,279,4.2,56757,177056
2469,Razer Wireless Mouse,Razer,Mouse,957.0,39,10,4.0,4122,68598
2470,Logitech Wireless Mouse,Logitech,Mouse,2779.0,24,36,4.1,61629,199338
2471,Dell Wireless Mouse,Dell,Mouse,3373.0,50,434,4.0,67195,447646
2472,Razer Wireless Mouse,Razer,Mouse,3102.0,16,565,3.7,45392,377124
2473,HP Wireless Mouse,HP,Mouse,4304.0,28,940,3.9,10929,478962
2474,Logitech Wireless Mouse,Logitech,Mouse,2910.0,8,825,4.8,14889,12162
2475,Logitech Wireless Mouse,Logitech,Mouse,2290.0,9,585,3.6,48950,34157
2476,HP Wireless Mouse,HP,Mouse,1015.0,0,754,4.8,1274,379216
2477,Dell Wireless Mouse,Dell,Mouse,876.0,29,646,3.7,82077,456938
2478,Dell Wireless Mouse,Dell,Mouse,1166.0,8,204,4.4,7371,369276
2479,Logitech Wireless Mouse,Logitech,Mouse,1820.0,27,810,3.6,12014,2113
2480,HP Wireless Mouse,HP,Mouse,2022.0,20,640,3.6,10418,202947
2481,HP Wireless Mouse,HP,Mouse,4199.0,38,723,4.7,92840,259780
2482,HP Wireless Mouse,HP,Mouse,4143.0,3,453,3.9,88635,310379
2483,HP Wireless Mouse,HP,Mouse,4458.0,16,147,3.5,23059,103762
2484,HP Wireless Mouse,HP,Mouse,1315.0,11,868,4.6,9942,98770
2485,Dell Wireless Mouse,Dell,Mouse,2165.0,37,303,3.7,83279,438425
2486,Razer Wireless Mouse,Razer,Mouse,4450.0,16,844,4.5,28617,223721
2487,Dell Wireless Mouse,Dell,Mouse,2272.0,43,257,4.3,85841,467007
2488,Dell Wireless Mouse,Dell,Mouse,1621.0,22,924,3.6,8239,259057
2489,Logitech Wireless Mouse,Logitech,Mouse,3823.0,0,1000,3.6,93871,233896
2490,Logitech Wireless Mouse,Logitech,Mouse,2908.0,43,620,4.4,47389,366092
2491,Logitech Wireless Mouse,Logitech,Mouse,4962.0,22,760,3.9,41830,236442
2492,Razer Wireless Mouse,Razer,Mouse,3334.0,34,762,4.2,64115,164451
2493,HP Wireless Mouse,HP,Mouse,2168.0,22,419,4.4,5606,362312
2494,Razer Wireless Mouse,Razer,Mouse,4081.0,29,463,4.0,52863,243172
2495,HP Wireless Mouse,HP,Mouse,1463.0,1,894,4.6,50546,220089
2496,HP Wireless Mouse,HP,Mouse,2894.0,25,374,4.1,82872,78420
2497,Logitech Wireless Mouse,Logitech,Mouse,3858.0,11,154,4.7,86749,474770
2498,HP Wireless Mouse,HP,Mouse,2077.0,9,277,3.6,51297,247715
2499,Dell Wireless Mouse,Dell,Mouse,1920.0,19,849,3.5,51420,83103
2500,Dell Wireless Mouse,Dell,Mouse,2165.0,31,443,3.8,79547,379542
2501,Acer 24 inch Monitor,Acer,Monitor,37938.0,6,68,5.0,7842,185367
2502,Dell 32 inch Monitor,Dell,Monitor,37241.0,33,965,4.4,18553,123387
2503,Acer 24 inch Monitor,Acer,Monitor,33285.0,10,346,4.2,40381,331192
2504,Dell 32 inch Monitor,Dell,Monitor,46532.0,8,542,4.1,15980,314209
2505,Dell 27 inch Monitor,Dell,Monitor,30468.0,36,993,4.7,16804,193859
2506,Acer 24 inch Monitor,Acer,Monitor,7160.0,13,967,4.2,54667,129132
2507,Dell 32 inch Monitor,Dell,Monitor,21298.0,30,805,4.9,40974,332431
2508,Dell 32 inch Monitor,Dell,Monitor,28331.0,12,923,4.4,43402,366225
2509,Samsung 27 inch Monitor,Samsung,Monitor,47463.0,37,624,4.4,30015,371350
2510,Samsung 24 inch Monitor,Samsung,Monitor,38020.0,32,901,4.3,2552,164443
2511,LG 27 inch Monitor,LG,Monitor,15722.0,31,473,4.4,10667,277571
2512,Dell 24 inch Monitor,Dell,Monitor,35457.0,49,282,4.1,25330,414959
2513,Samsung 27 inch Monitor,Samsung,Monitor,9868.0,0,335,4.2,29282,332010
2514,Dell 32 inch Monitor,Dell,Monitor,37624.0,31,321,4.3,35760,167890
2515,Samsung 32 inch Monitor,Samsung,Monitor,18333.0,7,302,4.9,78336,317336
2516,LG 32 inch Monitor,LG,Monitor,18775.0,15,809,4.3,66087,148188
2517,Acer 27 inch Monitor,Acer,Monitor,6715.0,18,25,3.9,26780,75628
2518,LG 32 inch Monitor,LG,Monitor,48204.0,29,794,4.6,10326,193369
2519,Samsung 27 inch Monitor,Samsung,Monitor,47018.0,28,776,4.1,20585,311445
2520,Dell 24 inch Monitor,Dell,Monitor,23927.0,38,464,4.2,25933,370402
2521,Dell 24 inch Monitor,Dell,Monitor,44435.0,3,888,3.7,2232,65067
2522,Dell 32 inch Monitor,Dell,Monitor,37267.0,46,384,4.1,41332,436205
2523,LG 32 inch Monitor,LG,Monitor,34459.0,20,627,4.5,51853,93422
2524,LG 32 inch Monitor,LG,Monitor,24540.0,2,904,4.0,99164,298173
2525,LG 32 inch Monitor,LG,Monitor,14642.0,9,104,4.2,8909,73453
2526,Samsung 32 inch Monitor,Samsung,Monitor,21401.0,21,83,3.6,47237,187313
2527,Acer 27 inch Monitor,Acer,Monitor,10559.0,33,426,4.2,71458,32684
2528,Acer 32 inch Monitor,Acer,Monitor,16157.0,13,459,4.3,11737,427061
2529,Samsung 24 inch Monitor,Samsung,Monitor,23088.0,43,571,3.8,7417,338139
2530,LG 24 inch Monitor,LG,Monitor,48133.0,2,43,4.8,29569,251073
2531,Samsung 24 inch Monitor,Samsung,Monitor,16002.0,20,330,4.9,18055,262550
2532,Acer 32 inch Monitor,Acer,Monitor,49926.0,18,504,4.1,66889,401461
2533,LG 32 inch Monitor,LG,Monitor,33193.0,37,36,4.3,5269,105022
2534,Samsung 24 inch Monitor,Samsung,Monitor,44190.0,5,595,4.2,45804,368058
2535,Dell 32 inch Monitor,Dell,Monitor,16759.0,0,937,4.1,19966,281238
2536,Dell 27 inch Monitor,Dell,Monitor,42455.0,12,772,4.1,50920,83914
2537,Dell 27 inch Monitor,Dell,Monitor,18830.0,7,666,4.0,34133,205952
2538,Dell 27 inch Monitor,Dell,Monitor,7888.0,32,788,4.2,85391,352340
2539,Acer 24 inch Monitor,Acer,Monitor,18113.0,6,760,3.7,50794,421960
2540,Samsung 24 inch Monitor,Samsung,Monitor,43369.0,44,690,4.6,39149,436795
2541,Samsung 32 inch Monitor,Samsung,Monitor,25881.0,40,235,4.0,7136,339749
2542,Dell 24 inch Monitor,Dell,Monitor,39495.0,11,881,3.5,1630,113568
2543,Dell 24 inch Monitor,Dell,Monitor,38741.0,20,468,4.9,50940,377571
2544,Acer 32 inch Monitor,Acer,Monitor,16830.0,38,292,4.9,62947,294136
2545,Samsung 24 inch Monitor,Samsung,Monitor,46394.0,1,634,3.7,45,447150
2546,LG 24 inch Monitor,LG,Monitor,23972.0,24,746,4.9,39783,233439
2547,Samsung 24 inch Monitor,Samsung,Monitor,9508.0,27,759,4.1,84652,100126
2548,Dell 24 inch Monitor,Dell,Monitor,24348.0,49,35,4.1,2945,156059
2549,LG 27 inch Monitor,LG,Monitor,15295.0,40,762,3.9,26835,63184
2550,LG 27 inch Monitor,LG,Monitor,17441.0,15,466,3.5,11294,380108
2551,Dell 27 inch Monitor,Dell,Monitor,7478.0,46,708,4.6,62888,33278
2552,Samsung 24 inch Monitor,Samsung,Monitor,10270.0,2,509,4.1,49479,15775
2553,Acer 27 inch Monitor,Acer,Monitor,33028.0,2,672,3.8,1749,302488
2554,LG 27 inch Monitor,LG,Monitor,24452.0,17,24,4.6,26578,420548
2555,Dell 24 inch Monitor,Dell,Monitor,21389.0,2,894,4.5,265,340982
2556,Acer 32 inch Monitor,Acer,Monitor,38016.0,47,48,4.7,93801,444935
2557,Dell 27 inch Monitor,Dell,Monitor,11794.0,30,557,4.4,59812,430390
2558,Samsung 27 inch Monitor,Samsung,Monitor,49162.0,34,149,4.9,95194,288995
2559,Dell 32 inch Monitor,Dell,Monitor,47898.0,25,381,4.0,22811,304298
2560,Acer 27 inch Monitor,Acer,Monitor,25165.0,31,691,3.7,88176,394185
2561,Acer 27 inch Monitor,Acer,Monitor,34292.0,8,340,3.6,33197,463975
2562,Dell 32 inch Monitor,Dell,Monitor,36576.0,43,168,4.2,70685,451931
2563,LG 27 inch Monitor,LG,Monitor,39184.0,38,349,4.9,81938,76148
2564,Samsung 32 inch Monitor,Samsung,Monitor,15143.0,44,405,5.0,26986,432472
2565,LG 27 inch Monitor,LG,Monitor,13332.0,33,106,5.0,71312,22108
2566,LG 27 inch Monitor,LG,Monitor,42074.0,14,700,4.5,21597,387921
2567,Dell 27 inch Monitor,Dell,Monitor,13662.0,25,535,4.0,48942,287646
2568,Acer 24 inch Monitor,Acer,Monitor,43815.0,48,108,4.0,53487,360705
2569,Samsung 32 inch Monitor,Samsung,Monitor,48198.0,48,192,4.2,90966,469460
2570,LG 32 inch Monitor,LG,Monitor,13064.0,19,247,4.2,9474,364447
2571,Acer 27 inch Monitor,Acer,Monitor,19713.0,12,24,4.3,12669,498986
2572,LG 24 inch Monitor,LG,Monitor,25384.0,49,696,3.7,24351,434030
2573,LG 24 inch Monitor,LG,Monitor,22609.0,22,677,4.2,15601,221306
2574,Acer 24 inch Monitor,Acer,Monitor,45161.0,13,311,4.0,50832,196663
2575,Acer 32 inch Monitor,Acer,Monitor,44645.0,37,42,4.9,83269,322433
2576,Acer 24 inch Monitor,Acer,Monitor,38767.0,44,484,4.0,4078,134203
2577,Acer 32 inch Monitor,Acer,Monitor,12422.0,22,971,4.1,76965,325280
2578,Acer 24 inch Monitor,Acer,Monitor,30901.0,5,486,3.6,63900,398060
2579,Dell 32 inch Monitor,Dell,Monitor,12032.0,45,646,3.6,94942,435589
2580,LG 27 inch Monitor,LG,Monitor,30893.0,30,35,4.6,31647,316564
2581,Dell 27 inch Monitor,Dell,Monitor,42216.0,39,420,4.7,59149,113637
2582,LG 24 inch Monitor,LG,Monitor,14413.0,1,957,4.4,88515,409482
2583,Acer 24 inch Monitor,Acer,Monitor,38903.0,36,397,3.8,36020,365597
2584,LG 27 inch Monitor,LG,Monitor,44381.0,11,923,3.7,67739,257577
2585,Acer 27 inch Monitor,Acer,Monitor,16665.0,27,112,3.6,78800,173857
2586,Samsung 24 inch Monitor,Samsung,Monitor,19049.0,24,794,4.2,32652,3084
2587,Samsung 27 inch Monitor,Samsung,Monitor,8875.0,43,597,4.0,29294,178394
2588,Acer 24 inch Monitor,Acer,Monitor,35141.0,10,142,4.7,15226,53335
2589,Samsung 32 inch Monitor,Samsung,Monitor,45662.0,23,813,4.3,57432,260223
2590,Acer 24 inch Monitor,Acer,Monitor,40417.0,34,108,4.8,48282,332934
2591,Acer 27 inch Monitor,Acer,Monitor,8197.0,27,68,3.9,73054,368175
2592,LG 24 inch Monitor,LG,Monitor,23221.0,30,410,4.8,87133,187607
2593,Samsung 24 inch Monitor,Samsung,Monitor,13930.0,11,680,3.5,11331,299164
2594,Samsung 27 inch Monitor,Samsung,Monitor,49244.0,16,489,5.0,48941,292321
2595,LG 32 inch Monitor,LG,Monitor,18157.0,2,237,4.4,15194,293526
2596,Samsung 24 inch Monitor,Samsung,Monitor,25683.0,0,380,3.7,91953,204944
2597,LG 32 inch Monitor,LG,Monitor,6797.0,37,543,3.7,87292,139501
2598,LG 27 inch Monitor,LG,Monitor,14982.0,30,820,4.0,31949,451294
2599,Samsung 24 inch Monitor,Samsung,Monitor,49518.0,6,176,4.2,62758,112361
2600,Acer 32 inch Monitor,Acer,Monitor,47510.0,42,130,4.4,9305,76704
2601,Samsung 24 inch Monitor,Samsung,Monitor,37305.0,10,252,4.3,9524,296929
2602,Acer 32 inch Monitor,Acer,Monitor,29705.0,3,770,4.9,34412,213166
2603,Acer 24 inch Monitor,Acer,Monitor,27003.0,42,743,4.7,3636,101080
2604,Dell 27 inch Monitor,Dell,Monitor,35479.0,8,490,4.4,29464,392586
2605,Acer 32 inch Monitor,Acer,Monitor,47637.0,18,509,3.7,78519,273389
2606,LG 27 inch Monitor,LG,Monitor,45309.0,5,721,3.5,8704,294585
2607,Samsung 32 inch Monitor,Samsung,Monitor,8618.0,29,665,4.1,51556,147337
2608,Dell 27 inch Monitor,Dell,Monitor,41080.0,30,523,4.4,40398,448564
2609,Acer 27 inch Monitor,Acer,Monitor,44637.0,38,676,4.5,89425,317401
2610,Samsung 27 inch Monitor,Samsung,Monitor,28090.0,34,529,3.6,64192,179621
2611,LG 27 inch Monitor,LG,Monitor,47230.0,18,608,3.9,35563,458721
2612,Samsung 27 inch Monitor,Samsung,Monitor,27244.0,22,995,4.9,74198,100378
2613,Dell 24 inch Monitor,Dell,Monitor,27954.0,16,612,4.3,53951,146125
2614,Acer 32 inch Monitor,Acer,Monitor,49195.0,50,142,3.8,80364,467004
2615,Dell 24 inch Monitor,Dell,Monitor,29690.0,13,817,4.6,72480,168471
2616,Acer 32 inch Monitor,Acer,Monitor,40086.0,18,653,3.8,94983,379025
2617,Samsung 24 inch Monitor,Samsung,Monitor,45199.0,41,829,4.7,44230,96085
2618,Acer 27 inch Monitor,Acer,Monitor,22097.0,36,470,4.1,93994,142045
2619,Dell 24 inch Monitor,Dell,Monitor,22693.0,24,832,4.4,33110,65336
2620,Acer 24 inch Monitor,Acer,Monitor,10361.0,31,465,3.8,33408,486537
2621,Dell 32 inch Monitor,Dell,Monitor,43188.0,27,643,4.1,34835,26835
2622,Acer 32 inch Monitor,Acer,Monitor,13083.0,7,143,4.2,50719,164276
2623,Samsung 24 inch Monitor,Samsung,Monitor,29680.0,4,284,4.6,7153,21613
2624,LG 32 inch Monitor,LG,Monitor,41076.0,47,703,3.9,12578,485458
2625,Acer 24 inch Monitor,Acer,Monitor,8617.0,0,114,4.8,74271,31494
2626,Dell 32 inch Monitor,Dell,Monitor,24164.0,14,633,3.9,31556,120942
2627,Dell 32 inch Monitor,Dell,Monitor,29170.0,35,598,4.8,19894,12134
2628,Dell 24 inch Monitor,Dell,Monitor,17261.0,34,631,4.7,50246,106604
2629,LG 24 inch Monitor,LG,Monitor,11975.0,31,127,4.4,80505,141515
2630,LG 24 inch Monitor,LG,Monitor,32633.0,10,913,3.8,60238,319709
2631,Samsung 24 inch Monitor,Samsung,Monitor,24315.0,19,445,3.7,31306,351981
2632,Acer 27 inch Monitor,Acer,Monitor,19984.0,45,454,3.8,10757,214289
2633,Acer 24 inch Monitor,Acer,Monitor,31196.0,1,554,4.8,98404,199414
2634,Dell 24 inch Monitor,Dell,Monitor,38212.0,20,21,4.2,68683,179557
2635,Acer 32 inch Monitor,Acer,Monitor,46346.0,13,381,4.1,57968,318108
2636,Samsung 32 inch Monitor,Samsung,Monitor,11069.0,24,172,4.4,91620,358334
2637,Acer 24 inch Monitor,Acer,Monitor,20282.0,15,732,4.0,53107,143829
2638,Dell 24 inch Monitor,Dell,Monitor,30867.0,43,957,4.4,61576,12827
2639,Samsung 32 inch Monitor,Samsung,Monitor,10239.0,36,353,4.2,2877,203979
2640,Dell 27 inch Monitor,Dell,Monitor,7343.0,27,91,4.2,94929,233579
2641,Acer 27 inch Monitor,Acer,Monitor,28821.0,16,490,3.8,48060,478040
2642,Samsung 24 inch Monitor,Samsung,Monitor,20361.0,38,543,4.8,84552,271245
2643,Samsung 24 inch Monitor,Samsung,Monitor,30998.0,5,724,4.0,99717,119941
2644,Samsung 24 inch Monitor,Samsung,Monitor,46334.0,5,537,4.5,6572,131377
2645,Dell 27 inch Monitor,Dell,Monitor,15766.0,11,234,3.9,57143,146121
2646,Acer 27 inch Monitor,Acer,Monitor,16920.0,5,635,4.3,30394,457179
2647,LG 32 inch Monitor,LG,Monitor,48901.0,18,561,4.7,97146,92345
2648,Acer 27 inch Monitor,Acer,Monitor,17005.0,45,78,3.9,25619,316053
2649,LG 24 inch Monitor,LG,Monitor,23632.0,7,797,4.7,23436,280045
2650,Acer 32 inch Monitor,Acer,Monitor,30178.0,11,251,4.6,20027,279890
2651,LG 27 inch Monitor,LG,Monitor,17258.0,1,512,4.6,67282,426506
2652,LG 27 inch Monitor,LG,Monitor,14844.0,8,247,3.8,61491,81841
2653,Dell 32 inch Monitor,Dell,Monitor,24302.0,45,112,4.2,59640,91926
2654,Samsung 24 inch Monitor,Samsung,Monitor,47951.0,24,139,4.4,5550,35266
2655,LG 27 inch Monitor,LG,Monitor,36197.0,48,404,4.3,64229,355318
2656,Acer 32 inch Monitor,Acer,Monitor,36580.0,50,620,4.9,68122,185664
2657,Acer 27 inch Monitor,Acer,Monitor,40306.0,31,129,4.9,21885,263896
2658,LG 24 inch Monitor,LG,Monitor,10811.0,19,118,4.4,48179,441522
2659,Acer 27 inch Monitor,Acer,Monitor,30637.0,31,203,3.9,3139,165012
2660,LG 24 inch Monitor,LG,Monitor,34543.0,28,885,4.7,98359,77259
2661,Samsung 32 inch Monitor,Samsung,Monitor,25790.0,14,925,4.1,18663,8686
2662,Acer 27 inch Monitor,Acer,Monitor,37901.0,23,903,4.1,93449,244001
2663,Samsung 27 inch Monitor,Samsung,Monitor,14546.0,9,918,4.1,6740,128742
2664,LG 27 inch Monitor,LG,Monitor,30512.0,24,908,3.6,60970,476883
2665,Acer 24 inch Monitor,Acer,Monitor,45206.0,30,41,3.9,67192,289300
2666,Acer 24 inch Monitor,Acer,Monitor,29100.0,32,169,4.0,40687,483485
2667,LG 24 inch Monitor,LG,Monitor,15564.0,3,25,4.6,73618,141452
2668,Samsung 32 inch Monitor,Samsung,Monitor,40150.0,21,817,4.1,58777,211604
2669,Acer 27 inch Monitor,Acer,Monitor,46748.0,33,599,4.0,48240,26794
2670,LG 27 inch Monitor,LG,Monitor,37949.0,42,798,4.2,67377,19056
2671,LG 24 inch Monitor,LG,Monitor,30767.0,46,739,4.0,93630,230714
2672,Dell 24 inch Monitor,Dell,Monitor,15319.0,39,393,4.6,25743,48958
2673,Dell 27 inch Monitor,Dell,Monitor,20433.0,8,199,3.6,39713,6451
2674,Acer 32 inch Monitor,Acer,Monitor,18691.0,35,581,4.1,19886,223924
2675,Dell 24 inch Monitor,Dell,Monitor,6037.0,2,271,5.0,21426,450379
2676,Acer 24 inch Monitor,Acer,Monitor,20358.0,43,505,4.2,21716,484972
2677,LG 24 inch Monitor,LG,Monitor,49870.0,46,381,4.2,44933,323479
2678,Acer 27 inch Monitor,Acer,Monitor,43817.0,40,680,4.3,97280,173429
2679,Dell 32 inch Monitor,Dell,Monitor,16197.0,33,698,4.5,93931,309314
2680,Dell 32 inch Monitor,Dell,Monitor,22075.0,30,278,3.8,2923,227574
2681,Dell 32 inch Monitor,Dell,Monitor,25698.0,3,974,4.2,94942,212284
2682,Dell 27 inch Monitor,Dell,Monitor,12979.0,50,224,4.7,72756,117344
2683,Samsung 27 inch Monitor,Samsung,Monitor,16043.0,32,371,4.9,91417,284373
2684,Acer 32 inch Monitor,Acer,Monitor,32204.0,5,248,4.1,43422,156906
2685,Samsung 32 inch Monitor,Samsung,Monitor,37534.0,49,321,4.9,86895,34871
2686,LG 27 inch Monitor,LG,Monitor,32602.0,30,31,4.7,20201,217272
2687,Dell 27 inch Monitor,Dell,Monitor,13748.0,31,950,4.0,63779,461004
2688,Acer 32 inch Monitor,Acer,Monitor,20026.0,15,625,4.1,30826,150291
2689,Samsung 27 inch Monitor,Samsung,Monitor,16432.0,5,103,4.4,77794,197676
2690,LG 24 inch Monitor,LG,Monitor,6556.0,5,956,3.7,56179,258389
2691,Samsung 24 inch Monitor,Samsung,Monitor,6136.0,18,863,4.2,4294,70083
2692,Dell 32 inch Monitor,Dell,Monitor,29412.0,10,914,4.5,11481,21296
2693,Dell 27 inch Monitor,Dell,Monitor,12551.0,2,629,3.6,76407,43272
2694,LG 24 inch Monitor,LG,Monitor,17136.0,17,607,4.8,64282,56481
2695,Dell 32 inch Monitor,Dell,Monitor,40477.0,8,66,3.6,80322,149231
2696,Acer 32 inch Monitor,Acer,Monitor,23038.0,6,508,3.7,91752,270051
2697,Samsung 32 inch Monitor,Samsung,Monitor,24592.0,10,711,3.5,44398,348756
2698,Acer 27 inch Monitor,Acer,Monitor,29511.0,41,722,4.9,40170,154058
2699,Acer 27 inch Monitor,Acer,Monitor,21409.0,20,215,4.7,40553,349409
2700,Samsung 27 inch Monitor,Samsung,Monitor,15746.0,3,601,4.6,4833,41756
2701,LG 24 inch Monitor,LG,Monitor,13056.0,46,75,5.0,16539,78390
2702,Dell 27 inch Monitor,Dell,Monitor,26968.0,27,419,4.4,94203,252595
2703,LG 32 inch Monitor,LG,Monitor,49795.0,37,309,4.9,72377,382505
2704,Samsung 27 inch Monitor,Samsung,Monitor,49003.0,12,353,3.6,20526,204988
2705,LG 24 inch Monitor,LG,Monitor,8056.0,11,832,4.8,33063,204341
2706,Acer 27 inch Monitor,Acer,Monitor,49144.0,20,460,4.9,92958,452337
2707,Samsung 27 inch Monitor,Samsung,Monitor,33679.0,44,188,4.5,98512,297145
2708,LG 24 inch Monitor,LG,Monitor,22423.0,21,151,4.1,63828,459125
2709,LG 24 inch Monitor,LG,Monitor,21730.0,12,738,4.3,64937,145779
2710,Samsung 27 inch Monitor,Samsung,Monitor,8519.0,45,351,4.7,82786,189225
2711,Dell 27 inch Monitor,Dell,Monitor,6179.0,13,151,3.7,65687,105855
2712,Dell 32 inch Monitor,Dell,Monitor,49166.0,17,543,4.8,97534,264855
2713,Acer 32 inch Monitor,Acer,Monitor,44698.0,27,788,4.4,80255,103207
2714,LG 27 inch Monitor,LG,Monitor,44730.0,29,45,4.3,70630,396343
2715,Dell 27 inch Monitor,Dell,Monitor,7174.0,4,485,4.1,82197,415251
2716,Acer 27 inch Monitor,Acer,Monitor,45895.0,37,228,4.4,41321,437776
2717,Acer 27 inch Monitor,Acer,Monitor,25679.0,14,684,4.8,5083,428305
2718,Dell 27 inch Monitor,Dell,Monitor,23391.0,14,974,3.5,30054,21356
2719,Acer 24 inch Monitor,Acer,Monitor,32016.0,17,548,3.5,6270,40001
2720,Acer 24 inch Monitor,Acer,Monitor,38882.0,49,655,4.8,96053,416714
2721,Dell 32 inch Monitor,Dell,Monitor,49470.0,34,677,3.6,76054,111990
2722,Dell 24 inch Monitor,Dell,Monitor,21390.0,46,336,4.9,51000,294096
2723,Samsung 32 inch Monitor,Samsung,Monitor,48998.0,5,336,3.8,89805,225281
2724,Samsung 27 inch Monitor,Samsung,Monitor,7355.0,16,173,3.6,98236,383363
2725,Dell 32 inch Monitor,Dell,Monitor,22848.0,46,167,4.1,55905,107103
2726,Dell 24 inch Monitor,Dell,Monitor,24925.0,35,654,4.0,71092,362675
2727,LG 24 inch Monitor,LG,Monitor,16195.0,4,797,4.8,446,125693
2728,Dell 24 inch Monitor,Dell,Monitor,13429.0,32,784,4.6,44250,63769
2729,Acer 32 inch Monitor,Acer,Monitor,14001.0,50,85,4.2,80536,146009
2730,Dell 24 inch Monitor,Dell,Monitor,29149.0,16,742,3.8,24821,285996
2731,LG 32 inch Monitor,LG,Monitor,11663.0,21,164,5.0,21281,76547
2732,Samsung 27 inch Monitor,Samsung,Monitor,47390.0,24,811,4.0,44598,447583
2733,Acer 24 inch Monitor,Acer,Monitor,39581.0,10,194,4.7,52761,111437
2734,Acer 32 inch Monitor,Acer,Monitor,10384.0,42,956,5.0,97612,118982
2735,Acer 32 inch Monitor,Acer,Monitor,36005.0,12,921,4.1,84227,193494
2736,LG 24 inch Monitor,LG,Monitor,35681.0,1,680,3.8,74844,186443
2737,Dell 32 inch Monitor,Dell,Monitor,28198.0,29,87,4.1,984,165339
2738,Samsung 24 inch Monitor,Samsung,Monitor,44970.0,8,484,4.3,15279,310942
2739,Acer 32 inch Monitor,Acer,Monitor,42149.0,39,830,4.6,44666,62885
2740,LG 32 inch Monitor,LG,Monitor,26779.0,27,300,3.9,70406,431151
2741,LG 24 inch Monitor,LG,Monitor,9598.0,44,264,4.9,87149,71885
2742,Acer 24 inch Monitor,Acer,Monitor,24393.0,33,372,4.0,54015,39105
2743,LG 27 inch Monitor,LG,Monitor,26210.0,1,291,4.6,53339,12018
2744,Dell 24 inch Monitor,Dell,Monitor,12099.0,38,872,4.8,68816,316196
2745,LG 27 inch Monitor,LG,Monitor,13430.0,21,325,3.6,34639,402752
2746,LG 24 inch Monitor,LG,Monitor,43775.0,3,283,3.8,10343,121482
2747,Dell 32 inch Monitor,Dell,Monitor,41475.0,45,562,4.9,10451,425600
2748,Dell 32 inch Monitor,Dell,Monitor,49116.0,2,319,3.9,52917,394522
2749,Acer 24 inch Monitor,Acer,Monitor,49115.0,8,70,4.0,97146,27391
2750,LG 32 inch Monitor,LG,Monitor,6262.0,30,828,3.7,62528,22395
2751,Dell 27 inch Monitor,Dell,Monitor,41518.0,35,916,3.7,20825,309877
2752,Samsung 24 inch Monitor,Samsung,Monitor,27893.0,36,717,3.8,85008,481481
2753,LG 32 inch Monitor,LG,Monitor,7103.0,8,173,4.2,95528,371380
2754,Samsung 27 inch Monitor,Samsung,Monitor,6346.0,50,747,4.5,35833,302452
2755,Samsung 27 inch Monitor,Samsung,Monitor,41885.0,39,682,3.9,56334,110728
2756,Acer 24 inch Monitor,Acer,Monitor,40588.0,37,421,3.9,17863,212185
2757,Dell 27 inch Monitor,Dell,Monitor,22320.0,26,261,4.4,16347,370721
2758,Acer 24 inch Monitor,Acer,Monitor,13511.0,16,707,4.1,25066,391630
2759,Samsung 32 inch Monitor,Samsung,Monitor,18082.0,42,254,4.7,76058,63002
2760,Samsung 32 inch Monitor,Samsung,Monitor,8634.0,2,748,3.8,32777,390631
2761,LG 32 inch Monitor,LG,Monitor,31868.0,7,588,3.7,28601,145091
2762,LG 32 inch Monitor,LG,Monitor,19775.0,26,109,4.6,91265,7314
2763,Dell 24 inch Monitor,Dell,Monitor,35299.0,50,126,3.7,94947,339819
2764,Dell 27 inch Monitor,Dell,Monitor,32943.0,17,454,4.1,68018,356780
2765,Samsung 32 inch Monitor,Samsung,Monitor,15562.0,42,878,3.8,46301,98666
2766,Samsung 27 inch Monitor,Samsung,Monitor,38041.0,16,3,4.9,57347,25755
2767,Acer 27 inch Monitor,Acer,Monitor,16394.0,29,536,3.6,7820,392437
2768,Dell 24 inch Monitor,Dell,Monitor,33092.0,18,286,3.7,37655,73866
2769,Samsung 27 inch Monitor,Samsung,Monitor,6902.0,4,600,4.2,99969,277758
2770,Acer 27 inch Monitor,Acer,Monitor,25870.0,44,884,4.5,58906,105442
2771,Dell 27 inch Monitor,Dell,Monitor,31598.0,28,926,3.9,62970,115739
2772,Samsung 24 inch Monitor,Samsung,Monitor,21363.0,35,521,4.5,50417,114852
2773,Samsung 24 inch Monitor,Samsung,Monitor,23542.0,44,101,4.6,68433,133694
2774,Dell 32 inch Monitor,Dell,Monitor,39848.0,1,64,4.7,97842,211762
2775,LG 24 inch Monitor,LG,Monitor,24534.0,42,953,3.9,32030,397372
2776,Samsung 32 inch Monitor,Samsung,Monitor,38573.0,1,335,5.0,451,78269
2777,Acer 32 inch Monitor,Acer,Monitor,28367.0,6,750,3.5,25361,98336
2778,Dell 32 inch Monitor,Dell,Monitor,33842.0,12,643,3.9,35653,307433
2779,Acer 32 inch Monitor,Acer,Monitor,45424.0,24,483,4.3,46787,50478
2780,Samsung 24 inch Monitor,Samsung,Monitor,27280.0,30,777,3.6,44069,187208
2781,Samsung 32 inch Monitor,Samsung,Monitor,27851.0,1,706,4.2,56478,294978
2782,LG 24 inch Monitor,LG,Monitor,43038.0,2,209,4.8,30327,215443
2783,Acer 27 inch Monitor,Acer,Monitor,41060.0,43,999,5.0,9526,53899
2784,Acer 32 inch Monitor,Acer,Monitor,14894.0,23,99,3.8,28129,114641
2785,LG 27 inch Monitor,LG,Monitor,6766.0,17,658,4.9,53636,63160
2786,Acer 24 inch Monitor,Acer,Monitor,12126.0,7,95,4.0,31035,320845
2787,Dell 32 inch Monitor,Dell,Monitor,41185.0,2,487,4.6,99744,126563
2788,Dell 32 inch Monitor,Dell,Monitor,16946.0,0,948,4.5,91218,382130
2789,Acer 24 inch Monitor,Acer,Monitor,32988.0,32,596,4.8,13129,46609
2790,Samsung 32 inch Monitor,Samsung,Monitor,24197.0,22,771,3.5,91285,183054
2791,Acer 32 inch Monitor,Acer,Monitor,16767.0,36,21,3.5,12790,328936
2792,Dell 24 inch Monitor,Dell,Monitor,17276.0,2,750,4.7,30709,386749
2793,Samsung 24 inch Monitor,Samsung,Monitor,19701.0,3,677,3.8,38676,241720
2794,Acer 24 inch Monitor,Acer,Monitor,46543.0,46,209,3.7,15460,380598
2795,Dell 32 inch Monitor,Dell,Monitor,25634.0,44,64,4.8,56609,80803
2796,Samsung 27 inch Monitor,Samsung,Monitor,30778.0,34,179,3.5,49101,18517
2797,Acer 24 inch Monitor,Acer,Monitor,11559.0,9,425,4.6,27769,38484
2798,LG 27 inch Monitor,LG,Monitor,21024.0,45,532,4.5,21792,139634
2799,Dell 27 inch Monitor,Dell,Monitor,16315.0,42,580,4.7,77902,279465
2800,Samsung 27 inch Monitor,Samsung,Monitor,33845.0,20,266,3.8,58346,146468
2801,Samsung 32 inch Monitor,Samsung,Monitor,7312.0,49,548,3.8,38746,196983
2802,Acer 24 inch Monitor,Acer,Monitor,44102.0,3,235,3.7,91041,66568
2803,LG 32 inch Monitor,LG,Monitor,37412.0,45,755,4.1,85161,304534
2804,Samsung 24 inch Monitor,Samsung,Monitor,39944.0,8,246,3.8,30392,418976
2805,LG 32 inch Monitor,LG,Monitor,45773.0,34,565,4.3,9731,126712
2806,LG 27 inch Monitor,LG,Monitor,40411.0,21,562,4.3,34043,137012
2807,Samsung 24 inch Monitor,Samsung,Monitor,8884.0,50,225,4.1,26919,73349
2808,LG 32 inch Monitor,LG,Monitor,15687.0,46,649,4.4,9373,221413
2809,LG 32 inch Monitor,LG,Monitor,27092.0,21,30,4.2,89314,144966
2810,LG 24 inch Monitor,LG,Monitor,7790.0,46,31,4.7,90565,12791
2811,LG 27 inch Monitor,LG,Monitor,16808.0,5,84,4.6,83508,307249
2812,Samsung 27 inch Monitor,Samsung,Monitor,12439.0,23,58,4.2,70661,339601
2813,LG 32 inch Monitor,LG,Monitor,15815.0,43,117,5.0,41015,198828
2814,Dell 27 inch Monitor,Dell,Monitor,23092.0,9,614,3.7,71545,426223
2815,Acer 27 inch Monitor,Acer,Monitor,38187.0,11,844,4.3,10050,79045
2816,Dell 32 inch Monitor,Dell,Monitor,46740.0,30,41,4.7,41181,199038
2817,Acer 27 inch Monitor,Acer,Monitor,7720.0,42,267,3.6,6413,1565
2818,Samsung 27 inch Monitor,Samsung,Monitor,28632.0,46,528,4.5,11634,189612
2819,Dell 32 inch Monitor,Dell,Monitor,15827.0,15,422,4.1,73803,64557
2820,Samsung 27 inch Monitor,Samsung,Monitor,39533.0,42,50,3.8,42168,193859
2821,Dell 27 inch Monitor,Dell,Monitor,17156.0,2,565,4.7,49204,382620
2822,LG 32 inch Monitor,LG,Monitor,36786.0,26,616,3.6,27262,126133
2823,Acer 32 inch Monitor,Acer,Monitor,29270.0,39,797,4.7,2237,405042
2824,Samsung 24 inch Monitor,Samsung,Monitor,10228.0,7,886,3.6,6168,486711
2825,Acer 27 inch Monitor,Acer,Monitor,40640.0,33,756,3.7,72858,479946
2826,LG 27 inch Monitor,LG,Monitor,46997.0,35,971,4.6,84391,93132
2827,Acer 27 inch Monitor,Acer,Monitor,22319.0,48,192,4.3,49566,376633
2828,LG 27 inch Monitor,LG,Monitor,23550.0,9,713,3.9,88221,34456
2829,Acer 32 inch Monitor,Acer,Monitor,25343.0,41,685,4.6,68393,299688
2830,Dell 27 inch Monitor,Dell,Monitor,25502.0,26,774,3.7,31823,461183
2831,Samsung 27 inch Monitor,Samsung,Monitor,40624.0,49,257,4.1,13653,162411
2832,LG 27 inch Monitor,LG,Monitor,8672.0,40,399,4.7,38233,495789
2833,Samsung 27 inch Monitor,Samsung,Monitor,30488.0,25,807,4.6,5556,97926
2834,Samsung 32 inch Monitor,Samsung,Monitor,30185.0,18,196,4.0,89556,98118
2835,LG 32 inch Monitor,LG,Monitor,11544.0,50,286,4.2,40344,215682
2836,Dell 32 inch Monitor,Dell,Monitor,43729.0,1,790,4.9,69524,264978
2837,Samsung 32 inch Monitor,Samsung,Monitor,13141.0,32,531,4.1,72897,365741
2838,Samsung 27 inch Monitor,Samsung,Monitor,27728.0,39,851,4.6,17606,244251
2839,LG 32 inch Monitor,LG,Monitor,28277.0,3,873,3.6,90033,335162
2840,Dell 24 inch Monitor,Dell,Monitor,19411.0,22,198,4.9,27395,401204
2841,Dell 32 inch Monitor,Dell,Monitor,26648.0,46,227,4.8,16024,207046
2842,Samsung 24 inch Monitor,Samsung,Monitor,11902.0,33,477,3.6,78634,238516
2843,LG 32 inch Monitor,LG,Monitor,9167.0,37,93,4.4,26043,126503
2844,Samsung 27 inch Monitor,Samsung,Monitor,20207.0,14,40,3.7,84424,169455
2845,Acer 24 inch Monitor,Acer,Monitor,11035.0,48,517,4.9,98319,320898
2846,Acer 27 inch Monitor,Acer,Monitor,31515.0,26,797,3.6,65635,450137
2847,LG 24 inch Monitor,LG,Monitor,18112.0,1,600,3.8,3492,425133
2848,LG 27 inch Monitor,LG,Monitor,33198.0,38,536,3.7,16775,439241
2849,LG 24 inch Monitor,LG,Monitor,30726.0,31,270,4.0,83481,368589
2850,Dell 32 inch Monitor,Dell,Monitor,13844.0,0,903,4.9,54471,480700
2851,Samsung 27 inch Monitor,Samsung,Monitor,30111.0,3,78,4.4,45333,70315
2852,Dell 32 inch Monitor,Dell,Monitor,10647.0,49,588,4.7,68948,335271
2853,Dell 24 inch Monitor,Dell,Monitor,41338.0,33,488,3.9,30333,208243
2854,Dell 24 inch Monitor,Dell,Monitor,44440.0,10,834,3.7,53392,102181
2855,Samsung 24 inch Monitor,Samsung,Monitor,45752.0,15,462,4.4,19393,38635
2856,Dell 27 inch Monitor,Dell,Monitor,28131.0,2,712,4.1,12098,133870
2857,Dell 24 inch Monitor,Dell,Monitor,40057.0,23,645,4.3,97939,22567
2858,LG 27 inch Monitor,LG,Monitor,21574.0,27,989,4.2,51848,224846
2859,LG 32 inch Monitor,LG,Monitor,12290.0,49,866,3.7,16890,223717
2860,LG 24 inch Monitor,LG,Monitor,18644.0,13,369,4.8,7269,272864
2861,Acer 27 inch Monitor,Acer,Monitor,45808.0,24,157,3.6,99983,14397
2862,Acer 24 inch Monitor,Acer,Monitor,26996.0,11,786,4.9,27909,52500
2863,Samsung 27 inch Monitor,Samsung,Monitor,28317.0,35,187,4.0,56343,267002
2864,Acer 32 inch Monitor,Acer,Monitor,13128.0,48,574,4.2,63615,222646
2865,Samsung 32 inch Monitor,Samsung,Monitor,19818.0,47,986,5.0,34584,152353
2866,LG 24 inch Monitor,LG,Monitor,21866.0,50,540,4.0,72693,2699
2867,Acer 24 inch Monitor,Acer,Monitor,28453.0,42,934,3.9,62516,452473
2868,Samsung 27 inch Monitor,Samsung,Monitor,9022.0,39,741,3.8,84569,196342
2869,LG 24 inch Monitor,LG,Monitor,12715.0,44,18,4.5,59193,362439
2870,LG 32 inch Monitor,LG,Monitor,30133.0,4,822,5.0,76142,371058
2871,Dell 27 inch Monitor,Dell,Monitor,43623.0,28,261,3.8,2077,374783
2872,Samsung 27 inch Monitor,Samsung,Monitor,45180.0,40,430,4.6,81769,494289
2873,Acer 32 inch Monitor,Acer,Monitor,25425.0,48,614,4.7,84125,317116
2874,Acer 24 inch Monitor,Acer,Monitor,40223.0,23,593,3.9,70168,410895
2875,Acer 32 inch Monitor,Acer,Monitor,43274.0,6,301,3.9,43310,296500
2876,LG 32 inch Monitor,LG,Monitor,26289.0,11,911,4.4,25497,499897
2877,Samsung 24 inch Monitor,Samsung,Monitor,18121.0,49,144,4.8,29242,154466
2878,Acer 27 inch Monitor,Acer,Monitor,42956.0,39,716,4.3,7189,213914
2879,LG 32 inch Monitor,LG,Monitor,36997.0,29,782,3.7,83927,61817
2880,Acer 24 inch Monitor,Acer,Monitor,48069.0,19,575,4.2,98219,113297
2881,Samsung 32 inch Monitor,Samsung,Monitor,45762.0,38,929,3.8,87847,347463
2882,Dell 32 inch Monitor,Dell,Monitor,21988.0,42,918,4.8,68194,72725
2883,LG 27 inch Monitor,LG,Monitor,6201.0,42,120,4.8,53418,465291
2884,Samsung 32 inch Monitor,Samsung,Monitor,43110.0,35,823,4.4,44750,15797
2885,Samsung 27 inch Monitor,Samsung,Monitor,44699.0,9,444,4.6,71378,354809
2886,Dell 24 inch Monitor,Dell,Monitor,42085.0,26,645,4.1,49594,180831
2887,LG 24 inch Monitor,LG,Monitor,6978.0,43,850,4.3,55840,51612
2888,Samsung 24 inch Monitor,Samsung,Monitor,40636.0,48,123,4.0,44161,484450
2889,Dell 24 inch Monitor,Dell,Monitor,23501.0,37,815,4.1,19533,126244
2890,Dell 32 inch Monitor,Dell,Monitor,23819.0,1,852,4.4,5326,448175
2891,Samsung 27 inch Monitor,Samsung,Monitor,20662.0,32,444,3.5,87528,446902
2892,Acer 27 inch Monitor,Acer,Monitor,10102.0,48,396,5.0,15317,437204
2893,Samsung 24 inch Monitor,Samsung,Monitor,11322.0,1,49,4.5,80211,175653
2894,LG 27 inch Monitor,LG,Monitor,40590.0,5,300,3.6,84982,146505
2895,LG 32 inch Monitor,LG,Monitor,27062.0,11,883,3.6,53459,405717
2896,Samsung 32 inch Monitor,Samsung,Monitor,35053.0,3,747,4.5,82189,75412
2897,Dell 24 inch Monitor,Dell,Monitor,47779.0,31,451,3.9,2214,469714
2898,Acer 32 inch Monitor,Acer,Monitor,24448.0,28,906,4.1,7636,374606
2899,Samsung 32 inch Monitor,Samsung,Monitor,32425.0,8,610,4.6,53965,352103
2900,Samsung 27 inch Monitor,Samsung,Monitor,7275.0,31,742,4.3,12077,391147
2901,Acer 27 inch Monitor,Acer,Monitor,9125.0,38,68,5.0,74120,366724
2902,Dell 24 inch Monitor,Dell,Monitor,32036.0,16,68,4.9,88435,279826
2903,Samsung 24 inch Monitor,Samsung,Monitor,19281.0,8,977,4.2,11699,491484
2904,Dell 27 inch Monitor,Dell,Monitor,17222.0,29,557,3.8,52610,57097
2905,LG 27 inch Monitor,LG,Monitor,6697.0,6,80,3.8,21541,355584
2906,Samsung 24 inch Monitor,Samsung,Monitor,30892.0,15,844,3.7,98358,221296
2907,Dell 24 inch Monitor,Dell,Monitor,36653.0,24,124,4.2,75171,180961
2908,Samsung 24 inch Monitor,Samsung,Monitor,35326.0,18,314,3.6,87549,285935
2909,Dell 32 inch Monitor,Dell,Monitor,9223.0,37,330,4.6,22121,453377
2910,LG 24 inch Monitor,LG,Monitor,31925.0,6,441,3.9,5646,428685
2911,Dell 27 inch Monitor,Dell,Monitor,9466.0,16,851,3.9,26865,357689
2912,LG 27 inch Monitor,LG,Monitor,36828.0,29,758,4.3,18592,474603
2913,Acer 32 inch Monitor,Acer,Monitor,39645.0,0,853,3.8,24474,39515
2914,Samsung 32 inch Monitor,Samsung,Monitor,12046.0,11,104,4.8,77210,281246
2915,Samsung 27 inch Monitor,Samsung,Monitor,40041.0,36,559,4.9,55042,90078
2916,Dell 32 inch Monitor,Dell,Monitor,38198.0,28,239,4.7,90027,318077
2917,Acer 24 inch Monitor,Acer,Monitor,41347.0,32,181,3.9,15081,444736
2918,Dell 27 inch Monitor,Dell,Monitor,7910.0,28,982,4.0,75038,393458
2919,LG 27 inch Monitor,LG,Monitor,44575.0,25,697,4.3,83457,224856
2920,LG 27 inch Monitor,LG,Monitor,37347.0,31,241,4.6,52787,451461
2921,Acer 32 inch Monitor,Acer,Monitor,15603.0,48,2,4.8,2036,191510
2922,Acer 32 inch Monitor,Acer,Monitor,15412.0,14,644,3.6,22415,94707
2923,Dell 27 inch Monitor,Dell,Monitor,16434.0,42,374,3.6,51568,355958
2924,LG 27 inch Monitor,LG,Monitor,41328.0,16,414,5.0,13759,360153
2925,Samsung 32 inch Monitor,Samsung,Monitor,10775.0,36,142,4.3,22844,38243
2926,Dell 32 inch Monitor,Dell,Monitor,32078.0,2,570,5.0,98964,311616
2927,Dell 24 inch Monitor,Dell,Monitor,34177.0,50,559,4.4,71032,151516
2928,LG 24 inch Monitor,LG,Monitor,14314.0,21,817,4.8,4962,446202
2929,LG 32 inch Monitor,LG,Monitor,21060.0,46,612,4.5,71088,227195
2930,Dell 32 inch Monitor,Dell,Monitor,25127.0,38,345,4.5,39087,462779
2931,LG 32 inch Monitor,LG,Monitor,11505.0,34,519,3.9,59236,328338
2932,Acer 24 inch Monitor,Acer,Monitor,48915.0,11,240,4.2,46794,484358
2933,Acer 27 inch Monitor,Acer,Monitor,31591.0,42,191,4.2,70693,403333
2934,LG 32 inch Monitor,LG,Monitor,35622.0,4,736,3.9,10232,322025
2935,Acer 27 inch Monitor,Acer,Monitor,46005.0,9,877,4.3,50403,284251
2936,Acer 32 inch Monitor,Acer,Monitor,38586.0,8,327,4.6,20183,438952
2937,Samsung 27 inch Monitor,Samsung,Monitor,8502.0,43,536,4.7,69758,166956
2938,LG 27 inch Monitor,LG,Monitor,48175.0,15,377,3.8,81956,415548
2939,LG 32 inch Monitor,LG,Monitor,23650.0,23,773,4.8,86985,469189
2940,Acer 27 inch Monitor,Acer,Monitor,46602.0,2,31,4.0,59862,298521
2941,LG 24 inch Monitor,LG,Monitor,24323.0,47,350,4.8,23066,408194
2942,Dell 27 inch Monitor,Dell,Monitor,22463.0,29,607,3.8,68637,206236
2943,Acer 24 inch Monitor,Acer,Monitor,15198.0,11,653,4.0,80145,154326
2944,Samsung 32 inch Monitor,Samsung,Monitor,14722.0,17,808,4.5,96919,302117
2945,Acer 24 inch Monitor,Acer,Monitor,18751.0,6,348,4.3,75061,490066
2946,Acer 24 inch Monitor,Acer,Monitor,23087.0,20,191,3.6,89208,480346
2947,Dell 32 inch Monitor,Dell,Monitor,37673.0,10,991,3.8,45013,204088
2948,Samsung 27 inch Monitor,Samsung,Monitor,44608.0,21,542,3.8,91052,116633
2949,Dell 24 inch Monitor,Dell,Monitor,20650.0,35,727,4.8,66133,55784
2950,Acer 27 inch Monitor,Acer,Monitor,29973.0,33,269,3.5,84659,256808
2951,Acer 32 inch Monitor,Acer,Monitor,27258.0,31,791,3.5,42010,396455
2952,Dell 27 inch Monitor,Dell,Monitor,20693.0,39,122,3.5,40199,329419
2953,LG 24 inch Monitor,LG,Monitor,37537.0,12,534,4.4,21612,24683
2954,Dell 32 inch Monitor,Dell,Monitor,21467.0,23,215,3.9,4950,45194
2955,Acer 27 inch Monitor,Acer,Monitor,11780.0,20,847,4.0,59474,56472
2956,Dell 24 inch Monitor,Dell,Monitor,13026.0,39,907,3.8,22752,192047
2957,Samsung 27 inch Monitor,Samsung,Monitor,37185.0,15,817,4.6,68760,51154
2958,Acer 27 inch Monitor,Acer,Monitor,26795.0,9,713,3.6,81375,139431
2959,LG 27 inch Monitor,LG,Monitor,11710.0,29,392,3.6,46391,93069
2960,LG 32 inch Monitor,LG,Monitor,44779.0,38,750,4.3,73605,31631
2961,Samsung 27 inch Monitor,Samsung,Monitor,6440.0,32,539,3.9,17019,123312
2962,Dell 27 inch Monitor,Dell,Monitor,16668.0,49,438,4.8,43380,292341
2963,Acer 24 inch Monitor,Acer,Monitor,27263.0,26,811,4.8,76499,265620
2964,Acer 32 inch Monitor,Acer,Monitor,34980.0,31,723,3.9,21976,72566
2965,Dell 32 inch Monitor,Dell,Monitor,28104.0,34,647,5.0,87738,146698
2966,Dell 32 inch Monitor,Dell,Monitor,44556.0,20,806,4.1,47682,417749
2967,Dell 24 inch Monitor,Dell,Monitor,38901.0,7,990,3.7,80538,477457
2968,LG 32 inch Monitor,LG,Monitor,34056.0,0,903,5.0,3338,71468
2969,LG 24 inch Monitor,LG,Monitor,16219.0,14,600,4.7,48834,335206
2970,Samsung 24 inch Monitor,Samsung,Monitor,21494.0,20,889,3.7,15179,419169
2971,Dell 24 inch Monitor,Dell,Monitor,19654.0,2,534,3.5,44565,252035
2972,Samsung 32 inch Monitor,Samsung,Monitor,47484.0,43,102,4.1,96761,95598
2973,Dell 27 inch Monitor,Dell,Monitor,24636.0,24,395,4.8,68795,323537
2974,Acer 24 inch Monitor,Acer,Monitor,38740.0,14,433,4.9,90496,491175
2975,Acer 32 inch Monitor,Acer,Monitor,34905.0,26,153,4.6,38370,337293
2976,LG 24 inch Monitor,LG,Monitor,30005.0,10,941,4.8,96839,369033
2977,Dell 27 inch Monitor,Dell,Monitor,19706.0,13,824,4.9,9131,275785
2978,Samsung 32 inch Monitor,Samsung,Monitor,41609.0,8,194,4.7,13885,386524
2979,LG 24 inch Monitor,LG,Monitor,19119.0,40,312,4.4,84570,3814
2980,LG 24 inch Monitor,LG,Monitor,30717.0,15,425,4.6,11786,272515
2981,Dell 27 inch Monitor,Dell,Monitor,16495.0,22,24,3.8,72459,242942
2982,Samsung 27 inch Monitor,Samsung,Monitor,32478.0,29,181,4.3,11425,348833
2983,Samsung 27 inch Monitor,Samsung,Monitor,37462.0,23,575,4.2,34133,391652
2984,Dell 27 inch Monitor,Dell,Monitor,14891.0,2,333,4.1,74880,494051
2985,Samsung 32 inch Monitor,Samsung,Monitor,11913.0,29,391,4.3,87799,389069
2986,Samsung 32 inch Monitor,Samsung,Monitor,12701.0,11,735,4.1,72017,455722
2987,Acer 24 inch Monitor,Acer,Monitor,48298.0,43,220,4.2,8309,239787
2988,Samsung 27 inch Monitor,Samsung,Monitor,20239.0,11,979,4.9,85914,305526
2989,LG 27 inch Monitor,LG,Monitor,17913.0,39,219,3.8,75592,297305
2990,Acer 24 inch Monitor,Acer,Monitor,12606.0,37,77,4.6,42864,344686
2991,Dell 24 inch Monitor,Dell,Monitor,42250.0,10,332,4.3,31002,470232
2992,Dell 32 inch Monitor,Dell,Monitor,22024.0,20,569,4.7,70810,106628
2993,Dell 27 inch Monitor,Dell,Monitor,33385.0,29,754,3.7,95009,338059
2994,Acer 24 inch Monitor,Acer,Monitor,16588.0,1,584,4.7,38000,129670
2995,Dell 27 inch Monitor,Dell,Monitor,22639.0,45,742,4.4,65299,320551
2996,LG 24 inch Monitor,LG,Monitor,35283.0,0,191,4.4,76328,230155
2997,Samsung 27 inch Monitor,Samsung,Monitor,10579.0,42,922,3.7,43409,129331
2998,Acer 32 inch Monitor,Acer,Monitor,38617.0,45,916,4.6,28090,257172
2999,Dell 24 inch Monitor,Dell,Monitor,43983.0,8,152,4.9,68029,127516
3000,LG 32 inch Monitor,LG,Monitor,12458.0,46,809,3.7,47760,208311
3001,Samsung SSD 512GB,Samsung,SSD,7677.0,48,567,3.6,5838,139199
3002,Crucial SSD 2048GB,Crucial,SSD,18994.0,22,700,4.3,74579,229932
3003,WD SSD 1024GB,WD,SSD,23867.0,40,547,4.3,24213,124249
3004,Crucial SSD 256GB,Crucial,SSD,3325.0,15,944,3.8,36465,158489
3005,Crucial SSD 256GB,Crucial,SSD,20765.0,7,471,4.8,75225,168257
3006,Samsung SSD 1024GB,Samsung,SSD,7341.0,5,23,4.9,95424,299214
3007,WD SSD 512GB,WD,SSD,21230.0,5,310,4.6,87042,12698
3008,WD SSD 2048GB,WD,SSD,11082.0,12,58,4.5,96337,268210
3009,WD SSD 256GB,WD,SSD,20892.0,13,703,4.1,61626,43431
3010,Crucial SSD 256GB,Crucial,SSD,21945.0,3,648,5.0,19039,208671
3011,WD SSD 512GB,WD,SSD,5786.0,43,946,3.8,15486,454516
3012,Crucial SSD 2048GB,Crucial,SSD,17288.0,7,620,4.6,18312,28151
3013,Samsung SSD 256GB,Samsung,SSD,5693.0,11,42,4.1,13707,67996
3014,Samsung SSD 256GB,Samsung,SSD,16630.0,47,947,3.7,44959,347030
3015,Crucial SSD 512GB,Crucial,SSD,8486.0,13,37,4.9,97891,382662
3016,Kingston SSD 512GB,Kingston,SSD,16137.0,0,676,4.1,27325,281196
3017,WD SSD 2048GB,WD,SSD,23319.0,33,106,4.8,39523,407287
3018,WD SSD 1024GB,WD,SSD,7771.0,50,571,3.7,37293,12006
3019,Crucial SSD 512GB,Crucial,SSD,13047.0,20,137,4.8,75563,348711
3020,WD SSD 1024GB,WD,SSD,14306.0,44,867,3.7,77526,101630
3021,Kingston SSD 1024GB,Kingston,SSD,14468.0,47,753,4.8,8663,425016
3022,Samsung SSD 512GB,Samsung,SSD,23854.0,49,711,4.4,45261,67315
3023,Crucial SSD 256GB,Crucial,SSD,5184.0,9,282,3.8,59481,62306
3024,WD SSD 2048GB,WD,SSD,13764.0,24,314,4.3,70741,192351
3025,WD SSD 512GB,WD,SSD,2886.0,47,797,3.9,9833,465721
3026,WD SSD 256GB,WD,SSD,6615.0,7,370,5.0,7063,221590
3027,WD SSD 2048GB,WD,SSD,9563.0,10,613,4.3,36438,31719
3028,Samsung SSD 2048GB,Samsung,SSD,4797.0,26,233,4.1,77448,11833
3029,WD SSD 512GB,WD,SSD,11220.0,20,267,4.3,14039,179611
3030,WD SSD 256GB,WD,SSD,9269.0,15,60,4.6,37425,17078
3031,Samsung SSD 256GB,Samsung,SSD,22189.0,36,936,4.0,53164,260349
3032,Crucial SSD 1024GB,Crucial,SSD,15867.0,4,379,4.8,40414,326682
3033,Crucial SSD 1024GB,Crucial,SSD,14188.0,15,257,3.9,22617,495955
3034,Crucial SSD 256GB,Crucial,SSD,6484.0,27,2,4.8,32922,242187
3035,Samsung SSD 256GB,Samsung,SSD,20184.0,50,526,3.6,15543,418093
3036,Samsung SSD 256GB,Samsung,SSD,8790.0,26,567,3.5,96568,415613
3037,WD SSD 256GB,WD,SSD,16723.0,10,433,4.1,11803,256468
3038,Samsung SSD 256GB,Samsung,SSD,18936.0,23,458,3.6,95268,351474
3039,Samsung SSD 512GB,Samsung,SSD,21423.0,21,721,3.5,94354,56818
3040,Samsung SSD 2048GB,Samsung,SSD,4766.0,28,104,3.8,5574,214317
3041,WD SSD 256GB,WD,SSD,17137.0,3,832,4.6,43544,41889
3042,Kingston SSD 1024GB,Kingston,SSD,19389.0,12,820,4.9,64501,157510
3043,Crucial SSD 512GB,Crucial,SSD,5742.0,36,445,4.6,3259,9238
3044,WD SSD 1024GB,WD,SSD,19422.0,28,436,4.8,88662,186397
3045,Crucial SSD 1024GB,Crucial,SSD,18258.0,0,341,3.5,15803,294360
3046,WD SSD 512GB,WD,SSD,21888.0,16,858,4.1,57613,483477
3047,Crucial SSD 2048GB,Crucial,SSD,16313.0,37,65,4.7,10355,185296
3048,WD SSD 512GB,WD,SSD,24920.0,3,272,4.8,2497,16921
3049,Crucial SSD 2048GB,Crucial,SSD,15944.0,37,25,3.7,43307,328743
3050,Samsung SSD 256GB,Samsung,SSD,3657.0,29,127,4.2,63665,349557
3051,Kingston SSD 256GB,Kingston,SSD,2643.0,15,556,4.6,34441,307104
3052,Samsung SSD 1024GB,Samsung,SSD,20814.0,45,67,3.5,32685,350172
3053,Kingston SSD 512GB,Kingston,SSD,3385.0,2,827,3.9,79813,263206
3054,Kingston SSD 2048GB,Kingston,SSD,14943.0,40,229,4.7,69371,258481
3055,Samsung SSD 512GB,Samsung,SSD,17179.0,26,391,4.4,89814,63160
3056,Kingston SSD 256GB,Kingston,SSD,15463.0,13,496,4.9,13061,77925
3057,Kingston SSD 256GB,Kingston,SSD,17893.0,14,850,4.2,34897,130250
3058,WD SSD 1024GB,WD,SSD,16316.0,32,685,3.8,96605,361273
3059,Kingston SSD 256GB,Kingston,SSD,22006.0,45,842,4.2,1931,35224
3060,Kingston SSD 512GB,Kingston,SSD,16116.0,1,219,4.8,86559,73273
3061,Crucial SSD 256GB,Crucial,SSD,18894.0,10,108,4.2,70861,442730
3062,Samsung SSD 2048GB,Samsung,SSD,3799.0,42,28,4.8,86616,348939
3063,Kingston SSD 256GB,Kingston,SSD,19883.0,23,700,4.9,10979,123418
3064,Crucial SSD 512GB,Crucial,SSD,5668.0,46,856,3.6,58265,11850
3065,Kingston SSD 256GB,Kingston,SSD,4313.0,16,311,5.0,52307,468899
3066,WD SSD 512GB,WD,SSD,5940.0,32,755,4.2,46678,273750
3067,WD SSD 2048GB,WD,SSD,18608.0,11,63,4.1,1521,282743
3068,Samsung SSD 1024GB,Samsung,SSD,19697.0,30,682,3.6,62178,167976
3069,Samsung SSD 512GB,Samsung,SSD,8190.0,38,412,4.1,11167,157153
3070,Samsung SSD 256GB,Samsung,SSD,7171.0,37,276,4.3,65504,353648
3071,WD SSD 2048GB,WD,SSD,20339.0,46,770,4.9,19728,243033
3072,Crucial SSD 2048GB,Crucial,SSD,23777.0,37,363,4.5,35023,22715
3073,WD SSD 256GB,WD,SSD,10475.0,37,433,4.9,11601,414348
3074,Samsung SSD 1024GB,Samsung,SSD,15996.0,15,181,3.6,72341,336864
3075,Crucial SSD 1024GB,Crucial,SSD,24091.0,35,229,4.8,90571,290142
3076,Kingston SSD 2048GB,Kingston,SSD,13601.0,42,686,3.7,60334,304729
3077,Crucial SSD 512GB,Crucial,SSD,11596.0,26,718,4.5,79275,485709
3078,Kingston SSD 2048GB,Kingston,SSD,14574.0,39,439,4.3,94428,138947
3079,Samsung SSD 1024GB,Samsung,SSD,16845.0,28,11,4.3,19892,34052
3080,WD SSD 1024GB,WD,SSD,5349.0,22,593,4.1,20956,489479
3081,WD SSD 2048GB,WD,SSD,11018.0,32,990,4.3,16401,279
3082,WD SSD 1024GB,WD,SSD,19518.0,14,628,4.1,91326,263192
3083,Samsung SSD 2048GB,Samsung,SSD,6504.0,9,770,5.0,51808,251508
3084,Crucial SSD 256GB,Crucial,SSD,15923.0,19,75,3.5,8321,46856
3085,WD SSD 256GB,WD,SSD,21218.0,22,677,4.8,95007,130272
3086,WD SSD 512GB,WD,SSD,15349.0,46,417,3.7,27973,249194
3087,Samsung SSD 1024GB,Samsung,SSD,8113.0,16,328,5.0,5749,481580
3088,Samsung SSD 2048GB,Samsung,SSD,12893.0,10,368,4.7,91803,11598
3089,Kingston SSD 1024GB,Kingston,SSD,18239.0,6,439,3.7,16337,323208
3090,Kingston SSD 256GB,Kingston,SSD,8332.0,50,580,4.5,35871,14913
3091,Crucial SSD 2048GB,Crucial,SSD,4070.0,47,66,4.2,97047,253981
3092,WD SSD 1024GB,WD,SSD,21482.0,40,42,4.3,98708,286686
3093,Samsung SSD 2048GB,Samsung,SSD,17129.0,17,81,4.7,19075,50902
3094,Crucial SSD 1024GB,Crucial,SSD,15556.0,14,859,4.3,13718,412859
3095,Kingston SSD 512GB,Kingston,SSD,14927.0,27,631,4.4,34747,286316
3096,WD SSD 2048GB,WD,SSD,24822.0,32,390,4.4,57727,163476
3097,Kingston SSD 256GB,Kingston,SSD,12725.0,42,50,4.0,34248,164493
3098,Samsung SSD 256GB,Samsung,SSD,22109.0,11,59,3.7,78536,356365
3099,Crucial SSD 1024GB,Crucial,SSD,10073.0,44,45,4.5,50012,466272
3100,Kingston SSD 256GB,Kingston,SSD,4306.0,46,63,4.2,55385,358066
3101,WD SSD 2048GB,WD,SSD,8787.0,45,663,4.1,32588,215472
3102,WD SSD 256GB,WD,SSD,18864.0,38,57,4.4,42956,195338
3103,Crucial SSD 2048GB,Crucial,SSD,2251.0,41,586,3.6,77882,344066
3104,Kingston SSD 512GB,Kingston,SSD,11788.0,11,48,4.3,76079,131286
3105,Kingston SSD 2048GB,Kingston,SSD,14289.0,47,882,4.5,35920,411937
3106,Crucial SSD 2048GB,Crucial,SSD,18302.0,27,268,4.1,42854,413856
3107,WD SSD 256GB,WD,SSD,12182.0,48,453,4.0,47744,257016
3108,Kingston SSD 256GB,Kingston,SSD,20717.0,20,987,4.2,40448,402756
3109,WD SSD 512GB,WD,SSD,18594.0,8,248,4.7,3796,223001
3110,Kingston SSD 1024GB,Kingston,SSD,15252.0,40,188,4.8,17155,447993
3111,Crucial SSD 1024GB,Crucial,SSD,24957.0,40,342,3.9,14218,207975
3112,Kingston SSD 512GB,Kingston,SSD,3759.0,10,876,3.5,88518,223182
3113,WD SSD 256GB,WD,SSD,7731.0,28,438,3.7,23739,399626
3114,Crucial SSD 2048GB,Crucial,SSD,12178.0,4,399,4.1,41429,321631
3115,Samsung SSD 256GB,Samsung,SSD,4590.0,5,381,3.8,92958,52484
3116,Kingston SSD 2048GB,Kingston,SSD,3965.0,6,485,3.5,70376,7971
3117,Crucial SSD 2048GB,Crucial,SSD,18204.0,5,177,5.0,16767,102799
3118,Kingston SSD 2048GB,Kingston,SSD,2446.0,8,735,4.9,35818,233992
3119,Crucial SSD 1024GB,Crucial,SSD,7377.0,9,747,4.5,55714,40019
3120,Samsung SSD 512GB,Samsung,SSD,3752.0,47,777,3.8,32939,120061
3121,Crucial SSD 1024GB,Crucial,SSD,9470.0,46,395,4.1,91293,308770
3122,Samsung SSD 2048GB,Samsung,SSD,20156.0,23,271,4.0,83313,88601
3123,WD SSD 1024GB,WD,SSD,6191.0,48,238,3.7,73081,364331
3124,Kingston SSD 1024GB,Kingston,SSD,13862.0,2,692,4.7,35183,24819
3125,Crucial SSD 1024GB,Crucial,SSD,12010.0,29,346,4.5,37392,342044
3126,WD SSD 512GB,WD,SSD,4513.0,45,458,3.7,25378,80926
3127,Kingston SSD 2048GB,Kingston,SSD,24353.0,5,461,4.9,96143,427708
3128,Crucial SSD 2048GB,Crucial,SSD,8759.0,41,694,3.9,38475,338299
3129,WD SSD 2048GB,WD,SSD,7561.0,24,701,3.5,72766,282636
3130,WD SSD 256GB,WD,SSD,17556.0,34,62,4.0,1663,343537
3131,Samsung SSD 2048GB,Samsung,SSD,10091.0,45,650,4.7,33424,172565
3132,WD SSD 256GB,WD,SSD,14668.0,46,558,4.4,30096,170493
3133,WD SSD 1024GB,WD,SSD,22451.0,14,902,4.8,43397,444575
3134,Kingston SSD 256GB,Kingston,SSD,3171.0,40,758,4.8,91761,413154
3135,Samsung SSD 256GB,Samsung,SSD,14987.0,32,926,4.2,66221,150363
3136,Samsung SSD 2048GB,Samsung,SSD,13316.0,16,938,5.0,36559,133322
3137,Kingston SSD 1024GB,Kingston,SSD,10581.0,34,900,4.1,69705,110339
3138,Kingston SSD 256GB,Kingston,SSD,17568.0,45,803,4.4,28510,236205
3139,Samsung SSD 256GB,Samsung,SSD,23030.0,46,685,4.5,99054,477384
3140,Kingston SSD 512GB,Kingston,SSD,23091.0,29,983,4.4,19288,281449
3141,Kingston SSD 2048GB,Kingston,SSD,22384.0,33,526,4.4,55792,307503
3142,WD SSD 256GB,WD,SSD,12029.0,37,719,5.0,41232,252408
3143,WD SSD 2048GB,WD,SSD,5429.0,8,259,3.9,58915,357152
3144,Crucial SSD 512GB,Crucial,SSD,3193.0,34,765,4.7,95548,313738
3145,Crucial SSD 1024GB,Crucial,SSD,7735.0,35,664,3.9,26713,436119
3146,WD SSD 2048GB,WD,SSD,7332.0,50,105,4.3,31240,297902
3147,WD SSD 256GB,WD,SSD,23170.0,25,942,4.5,65541,15872
3148,WD SSD 512GB,WD,SSD,7649.0,3,728,4.3,67470,484622
3149,WD SSD 512GB,WD,SSD,6774.0,11,235,3.7,15341,7913
3150,WD SSD 256GB,WD,SSD,2533.0,29,444,3.6,68432,202443
3151,Crucial SSD 256GB,Crucial,SSD,3484.0,40,611,4.9,66584,441170
3152,Crucial SSD 2048GB,Crucial,SSD,5987.0,18,193,3.5,10969,428878
3153,Kingston SSD 2048GB,Kingston,SSD,5045.0,35,296,3.9,94972,123429
3154,Kingston SSD 512GB,Kingston,SSD,23009.0,48,48,4.9,77294,267662
3155,Crucial SSD 1024GB,Crucial,SSD,15799.0,8,199,4.7,72143,336438
3156,Kingston SSD 1024GB,Kingston,SSD,15391.0,43,809,4.8,77172,165980
3157,Samsung SSD 256GB,Samsung,SSD,2119.0,48,413,3.8,2225,239722
3158,WD SSD 256GB,WD,SSD,14126.0,21,975,4.7,36572,494743
3159,Crucial SSD 2048GB,Crucial,SSD,4442.0,27,443,4.0,90322,24257
3160,Crucial SSD 2048GB,Crucial,SSD,10803.0,41,402,3.6,1719,474573
3161,Kingston SSD 1024GB,Kingston,SSD,4835.0,14,288,4.6,92295,440881
3162,Samsung SSD 2048GB,Samsung,SSD,19748.0,37,275,4.0,52284,322074
3163,Crucial SSD 256GB,Crucial,SSD,19130.0,35,778,4.4,48150,405377
3164,WD SSD 2048GB,WD,SSD,15752.0,9,386,4.3,38571,290535
3165,Crucial SSD 512GB,Crucial,SSD,14727.0,14,552,4.4,2031,276900
3166,Crucial SSD 256GB,Crucial,SSD,17482.0,41,496,4.3,89417,346346
3167,Samsung SSD 1024GB,Samsung,SSD,3003.0,11,371,4.1,77520,224890
3168,Crucial SSD 256GB,Crucial,SSD,20656.0,44,608,4.2,49431,12354
3169,WD SSD 512GB,WD,SSD,2729.0,44,782,4.9,17403,226389
3170,Kingston SSD 2048GB,Kingston,SSD,22678.0,11,389,4.3,73288,435802
3171,Samsung SSD 1024GB,Samsung,SSD,4577.0,36,377,4.3,776,399110
3172,WD SSD 256GB,WD,SSD,17105.0,7,471,4.0,66921,164912
3173,Crucial SSD 2048GB,Crucial,SSD,11528.0,8,499,4.6,87954,392242
3174,Kingston SSD 2048GB,Kingston,SSD,21730.0,34,689,3.8,9791,50731
3175,WD SSD 1024GB,WD,SSD,5011.0,8,446,4.4,77633,211289
3176,Kingston SSD 512GB,Kingston,SSD,7331.0,32,601,3.7,62600,175352
3177,Samsung SSD 2048GB,Samsung,SSD,3749.0,46,375,4.7,34656,378114
3178,Kingston SSD 512GB,Kingston,SSD,5448.0,18,381,4.7,45441,357148
3179,Crucial SSD 256GB,Crucial,SSD,12451.0,0,865,4.2,66305,66379
3180,WD SSD 512GB,WD,SSD,14031.0,36,18,4.2,17,372505
3181,Samsung SSD 256GB,Samsung,SSD,22713.0,21,419,4.1,92301,471160
3182,Kingston SSD 256GB,Kingston,SSD,17052.0,30,181,3.8,17837,146085
3183,WD SSD 1024GB,WD,SSD,11174.0,33,667,3.5,11670,254628
3184,WD SSD 512GB,WD,SSD,24572.0,5,139,3.9,59336,126123
3185,Crucial SSD 256GB,Crucial,SSD,14762.0,50,790,4.9,71083,484644
3186,Kingston SSD 256GB,Kingston,SSD,17776.0,35,656,3.6,46072,494488
3187,Samsung SSD 256GB,Samsung,SSD,5806.0,11,864,4.4,144,320135
3188,Crucial SSD 256GB,Crucial,SSD,23526.0,5,765,3.6,24380,224182
3189,Samsung SSD 1024GB,Samsung,SSD,9451.0,36,139,4.9,57758,28013
3190,WD SSD 256GB,WD,SSD,3075.0,20,696,4.2,56395,311342
3191,Samsung SSD 256GB,Samsung,SSD,17855.0,41,88,3.9,91847,435247
3192,Kingston SSD 1024GB,Kingston,SSD,24908.0,36,534,3.9,84664,73945
3193,Crucial SSD 2048GB,Crucial,SSD,21434.0,26,352,4.3,27972,453716
3194,WD SSD 1024GB,WD,SSD,11143.0,46,90,4.9,15157,216850
3195,WD SSD 2048GB,WD,SSD,8625.0,13,923,4.7,70581,43428
3196,Samsung SSD 256GB,Samsung,SSD,10448.0,49,574,4.0,20159,184541
3197,Crucial SSD 512GB,Crucial,SSD,24433.0,18,218,3.8,61387,467975
3198,Kingston SSD 2048GB,Kingston,SSD,10389.0,9,430,4.3,31723,176992
3199,Samsung SSD 2048GB,Samsung,SSD,10945.0,47,439,5.0,57081,20504
3200,Crucial SSD 512GB,Crucial,SSD,21276.0,19,953,4.3,94086,131890
3201,WD SSD 1024GB,WD,SSD,7795.0,40,992,4.0,29874,200705
3202,Kingston SSD 2048GB,Kingston,SSD,6518.0,3,456,4.3,43374,175208
3203,Crucial SSD 1024GB,Crucial,SSD,3642.0,21,360,4.1,58859,325092
3204,Samsung SSD 1024GB,Samsung,SSD,15011.0,46,844,3.7,74009,95925
3205,Samsung SSD 256GB,Samsung,SSD,19722.0,2,505,4.9,42549,56272
3206,Kingston SSD 256GB,Kingston,SSD,23826.0,14,102,5.0,13342,466445
3207,Samsung SSD 256GB,Samsung,SSD,17161.0,38,703,4.7,50852,49778
3208,Samsung SSD 512GB,Samsung,SSD,12765.0,28,698,4.7,92305,494204
3209,Crucial SSD 256GB,Crucial,SSD,24503.0,1,415,4.6,22055,332417
3210,Kingston SSD 512GB,Kingston,SSD,12326.0,5,698,4.7,35143,366384
3211,WD SSD 256GB,WD,SSD,4709.0,20,803,4.5,23896,229600
3212,Kingston SSD 256GB,Kingston,SSD,2346.0,44,941,3.7,54756,398321
3213,Samsung SSD 256GB,Samsung,SSD,12469.0,46,952,3.7,28137,452468
3214,WD SSD 1024GB,WD,SSD,23452.0,28,648,4.5,77106,136220
3215,Kingston SSD 256GB,Kingston,SSD,16354.0,48,453,3.9,64538,52472
3216,WD SSD 512GB,WD,SSD,17194.0,22,725,4.4,6500,488081
3217,Kingston SSD 256GB,Kingston,SSD,9556.0,0,402,4.5,8629,25341
3218,Kingston SSD 512GB,Kingston,SSD,11963.0,44,918,4.7,1609,106668
3219,Samsung SSD 256GB,Samsung,SSD,11090.0,13,438,4.0,4129,460575
3220,Samsung SSD 1024GB,Samsung,SSD,4110.0,39,931,3.6,39317,328755
3221,Samsung SSD 512GB,Samsung,SSD,23428.0,11,982,4.0,80668,323375
3222,Kingston SSD 1024GB,Kingston,SSD,9983.0,21,150,4.9,89928,297414
3223,Samsung SSD 1024GB,Samsung,SSD,14711.0,31,583,3.6,7785,213777
3224,Samsung SSD 256GB,Samsung,SSD,15034.0,4,559,4.4,71771,30922
3225,Crucial SSD 2048GB,Crucial,SSD,17646.0,15,490,3.9,91164,469567
3226,Kingston SSD 512GB,Kingston,SSD,9137.0,18,314,4.5,74757,444842
3227,Kingston SSD 512GB,Kingston,SSD,2672.0,24,776,3.5,64337,240473
3228,WD SSD 1024GB,WD,SSD,12750.0,22,848,3.5,21070,331913
3229,Samsung SSD 256GB,Samsung,SSD,18162.0,16,133,3.8,49749,164256
3230,Crucial SSD 512GB,Crucial,SSD,11367.0,11,596,3.7,70426,133673
3231,Samsung SSD 512GB,Samsung,SSD,23675.0,9,224,4.9,92082,408571
3232,WD SSD 1024GB,WD,SSD,12847.0,47,806,4.8,9151,8086
3233,Samsung SSD 256GB,Samsung,SSD,23074.0,43,47,4.8,55290,439941
3234,Kingston SSD 512GB,Kingston,SSD,2184.0,26,522,4.5,70921,291491
3235,Kingston SSD 512GB,Kingston,SSD,2456.0,24,402,3.7,15299,46439
3236,Crucial SSD 512GB,Crucial,SSD,6459.0,43,342,4.4,861,147734
3237,Crucial SSD 1024GB,Crucial,SSD,20434.0,20,877,4.3,71186,236631
3238,WD SSD 256GB,WD,SSD,7603.0,27,319,4.4,77813,404360
3239,WD SSD 2048GB,WD,SSD,3521.0,42,823,3.8,31502,219818
3240,WD SSD 256GB,WD,SSD,24748.0,33,191,3.7,48512,185552
3241,Samsung SSD 1024GB,Samsung,SSD,17136.0,38,129,5.0,3242,364429
3242,Samsung SSD 2048GB,Samsung,SSD,5753.0,10,231,3.6,45131,441473
3243,Samsung SSD 512GB,Samsung,SSD,8194.0,41,814,4.1,22062,51991
3244,WD SSD 256GB,WD,SSD,13553.0,7,534,4.9,68748,412020
3245,Crucial SSD 256GB,Crucial,SSD,24491.0,6,791,4.0,12391,227501
3246,Samsung SSD 2048GB,Samsung,SSD,8928.0,35,83,4.3,43567,288583
3247,Kingston SSD 2048GB,Kingston,SSD,24618.0,44,96,5.0,21961,369187
3248,Crucial SSD 256GB,Crucial,SSD,3649.0,15,490,4.6,44531,480960
3249,WD SSD 256GB,WD,SSD,19940.0,9,520,5.0,79787,494296
3250,Crucial SSD 512GB,Crucial,SSD,18681.0,3,673,3.9,40772,454255
3251,Samsung SSD 512GB,Samsung,SSD,7509.0,0,55,4.6,62501,85303
3252,WD SSD 512GB,WD,SSD,22153.0,14,138,3.9,16716,327922
3253,WD SSD 256GB,WD,SSD,10256.0,17,670,3.6,36545,255572
3254,WD SSD 512GB,WD,SSD,19199.0,23,591,4.6,8665,221066
3255,WD SSD 256GB,WD,SSD,24057.0,0,130,3.7,82231,385339
3256,Samsung SSD 512GB,Samsung,SSD,3661.0,9,224,3.9,93647,364940
3257,WD SSD 512GB,WD,SSD,16382.0,6,249,4.2,16681,364717
3258,Kingston SSD 512GB,Kingston,SSD,3357.0,32,95,4.8,99533,68594
3259,Crucial SSD 1024GB,Crucial,SSD,3541.0,0,698,4.1,51897,103406
3260,Samsung SSD 1024GB,Samsung,SSD,21492.0,29,364,3.8,57677,239656
3261,Crucial SSD 256GB,Crucial,SSD,22024.0,4,700,4.3,17314,402703
3262,Samsung SSD 512GB,Samsung,SSD,21602.0,43,760,3.6,89484,463287
3263,Samsung SSD 2048GB,Samsung,SSD,11782.0,10,596,4.1,79717,21531
3264,WD SSD 256GB,WD,SSD,2955.0,17,68,3.9,97248,283851
3265,Crucial SSD 2048GB,Crucial,SSD,7315.0,12,961,3.7,10647,420295
3266,Samsung SSD 2048GB,Samsung,SSD,17953.0,25,570,3.5,7333,192457
3267,Kingston SSD 2048GB,Kingston,SSD,14886.0,2,392,4.2,98725,459907
3268,WD SSD 2048GB,WD,SSD,7012.0,25,370,3.6,67137,421722
3269,Kingston SSD 256GB,Kingston,SSD,11935.0,41,37,4.4,33398,157650
3270,Crucial SSD 2048GB,Crucial,SSD,14829.0,38,788,5.0,89775,160621
3271,WD SSD 512GB,WD,SSD,20597.0,41,619,4.1,1128,158592
3272,Crucial SSD 512GB,Crucial,SSD,16864.0,8,444,3.8,22153,202129
3273,Samsung SSD 256GB,Samsung,SSD,11683.0,50,420,5.0,33528,113578
3274,WD SSD 1024GB,WD,SSD,23448.0,43,154,4.3,42026,139851
3275,Samsung SSD 256GB,Samsung,SSD,19491.0,43,632,4.6,77882,498368
3276,Samsung SSD 2048GB,Samsung,SSD,6833.0,45,86,4.5,94952,163224
3277,Crucial SSD 1024GB,Crucial,SSD,9228.0,15,908,3.8,44421,422150
3278,WD SSD 1024GB,WD,SSD,17103.0,23,682,5.0,24475,466172
3279,Samsung SSD 1024GB,Samsung,SSD,19420.0,12,972,3.9,32191,136803
3280,Samsung SSD 512GB,Samsung,SSD,4541.0,42,541,3.6,47961,444874
3281,Crucial SSD 2048GB,Crucial,SSD,2917.0,23,884,4.1,94220,140124
3282,Crucial SSD 2048GB,Crucial,SSD,24604.0,21,815,4.3,35211,261918
3283,Crucial SSD 2048GB,Crucial,SSD,21229.0,17,739,4.6,94454,418213
3284,Kingston SSD 512GB,Kingston,SSD,13812.0,36,483,5.0,57234,194463
3285,Kingston SSD 2048GB,Kingston,SSD,14670.0,32,391,4.9,77951,407430
3286,Samsung SSD 2048GB,Samsung,SSD,8836.0,11,351,4.9,16587,41559
3287,Kingston SSD 1024GB,Kingston,SSD,2725.0,21,947,4.3,1048,300352
3288,Kingston SSD 256GB,Kingston,SSD,13196.0,9,330,3.8,52320,312546
3289,Kingston SSD 2048GB,Kingston,SSD,15011.0,7,873,4.0,58557,95375
3290,WD SSD 256GB,WD,SSD,16850.0,15,376,4.8,36209,71774
3291,Samsung SSD 1024GB,Samsung,SSD,7950.0,42,976,4.1,37485,27698
3292,Kingston SSD 512GB,Kingston,SSD,10120.0,26,836,4.7,20642,493433
3293,Samsung SSD 1024GB,Samsung,SSD,12378.0,3,463,4.8,27992,376745
3294,Crucial SSD 512GB,Crucial,SSD,23554.0,43,925,4.7,29632,54756
3295,Samsung SSD 256GB,Samsung,SSD,19503.0,31,962,4.5,95806,64053
3296,Kingston SSD 512GB,Kingston,SSD,6655.0,46,562,4.9,10417,193226
3297,Crucial SSD 256GB,Crucial,SSD,20251.0,23,835,3.9,20512,109736
3298,Kingston SSD 512GB,Kingston,SSD,16186.0,29,265,4.8,66265,418225
3299,Kingston SSD 2048GB,Kingston,SSD,3592.0,10,890,3.7,25437,337120
3300,Samsung SSD 2048GB,Samsung,SSD,13188.0,28,473,4.8,19354,116787
3301,Crucial SSD 512GB,Crucial,SSD,20917.0,26,192,4.1,89396,169924
3302,WD SSD 2048GB,WD,SSD,2111.0,2,947,3.7,8129,338635
3303,Kingston SSD 512GB,Kingston,SSD,16395.0,23,333,4.9,8252,12990
3304,Samsung SSD 256GB,Samsung,SSD,2829.0,43,182,4.9,63428,449066
3305,WD SSD 256GB,WD,SSD,12131.0,12,122,3.8,60711,347476
3306,Crucial SSD 256GB,Crucial,SSD,21798.0,50,126,4.0,75201,363064
3307,WD SSD 2048GB,WD,SSD,19337.0,31,168,4.7,90990,45631
3308,Samsung SSD 512GB,Samsung,SSD,5985.0,22,726,3.8,81593,181431
3309,WD SSD 2048GB,WD,SSD,7767.0,41,190,4.9,3521,315161
3310,Crucial SSD 512GB,Crucial,SSD,13271.0,22,847,3.7,48969,322731
3311,WD SSD 512GB,WD,SSD,6861.0,49,834,3.8,83887,363549
3312,Crucial SSD 512GB,Crucial,SSD,24915.0,38,178,4.4,68457,316450
3313,Samsung SSD 1024GB,Samsung,SSD,13914.0,50,851,4.8,90605,363689
3314,WD SSD 1024GB,WD,SSD,9389.0,5,519,3.7,55483,223877
3315,Kingston SSD 256GB,Kingston,SSD,17385.0,29,46,4.1,6426,289101
3316,WD SSD 2048GB,WD,SSD,21894.0,32,826,4.2,15842,400913
3317,WD SSD 512GB,WD,SSD,14488.0,7,159,3.6,1865,257731
3318,Crucial SSD 256GB,Crucial,SSD,13607.0,35,694,4.5,72574,116628
3319,WD SSD 256GB,WD,SSD,18154.0,45,780,4.5,82620,228029
3320,Kingston SSD 1024GB,Kingston,SSD,15190.0,48,268,4.2,42518,232158
3321,WD SSD 512GB,WD,SSD,8875.0,9,145,5.0,28412,362305
3322,WD SSD 256GB,WD,SSD,22799.0,16,157,3.7,79626,153211
3323,Kingston SSD 512GB,Kingston,SSD,23790.0,11,182,5.0,82760,451109
3324,Kingston SSD 2048GB,Kingston,SSD,3873.0,13,380,4.1,81003,177064
3325,Samsung SSD 2048GB,Samsung,SSD,9937.0,46,490,4.7,83297,414474
3326,WD SSD 256GB,WD,SSD,23225.0,25,700,3.7,7274,142473
3327,Crucial SSD 1024GB,Crucial,SSD,5425.0,42,322,4.7,837,254676
3328,WD SSD 1024GB,WD,SSD,5998.0,0,909,4.5,42471,77955
3329,Samsung SSD 512GB,Samsung,SSD,14627.0,32,803,3.8,86661,30158
3330,Kingston SSD 2048GB,Kingston,SSD,9511.0,42,374,4.4,94394,248364
3331,Crucial SSD 256GB,Crucial,SSD,12283.0,23,326,4.6,62419,23710
3332,Kingston SSD 256GB,Kingston,SSD,7710.0,23,88,4.9,86476,35380
3333,Crucial SSD 1024GB,Crucial,SSD,4359.0,21,438,3.6,88251,179522
3334,Kingston SSD 256GB,Kingston,SSD,20663.0,46,384,4.9,11980,302211
3335,WD SSD 1024GB,WD,SSD,16773.0,11,61,4.3,46901,422075
3336,Crucial SSD 256GB,Crucial,SSD,6492.0,10,682,3.5,22125,227953
3337,Samsung SSD 256GB,Samsung,SSD,22406.0,8,746,4.8,65038,50480
3338,Samsung SSD 512GB,Samsung,SSD,12075.0,15,769,3.6,26458,299769
3339,Crucial SSD 2048GB,Crucial,SSD,17163.0,25,37,4.3,84848,238076
3340,Crucial SSD 512GB,Crucial,SSD,4431.0,30,236,3.7,64307,468392
3341,Samsung SSD 512GB,Samsung,SSD,6320.0,48,28,4.2,51049,353968
3342,Crucial SSD 1024GB,Crucial,SSD,24788.0,39,486,4.4,69532,280470
3343,Crucial SSD 1024GB,Crucial,SSD,9773.0,40,701,4.8,27273,493300
3344,Kingston SSD 512GB,Kingston,SSD,5777.0,24,336,4.4,82580,403782
3345,Kingston SSD 512GB,Kingston,SSD,3011.0,50,592,4.9,88105,380251
3346,Kingston SSD 512GB,Kingston,SSD,9640.0,7,600,3.7,5997,83220
3347,Samsung SSD 1024GB,Samsung,SSD,2770.0,24,278,4.7,63748,423490
3348,Kingston SSD 2048GB,Kingston,SSD,11309.0,0,143,4.2,93197,26283
3349,Crucial SSD 2048GB,Crucial,SSD,14964.0,48,445,4.0,71412,348951
3350,Crucial SSD 2048GB,Crucial,SSD,11756.0,19,906,4.4,77746,236102
3351,Samsung SSD 2048GB,Samsung,SSD,8596.0,44,34,4.1,45565,223777
3352,Kingston SSD 1024GB,Kingston,SSD,3082.0,20,715,3.5,32026,185175
3353,WD SSD 2048GB,WD,SSD,8526.0,17,578,3.6,96887,202538
3354,Crucial SSD 512GB,Crucial,SSD,17217.0,40,579,4.2,14416,462905
3355,Kingston SSD 512GB,Kingston,SSD,20655.0,13,50,4.5,29204,168446
3356,Kingston SSD 2048GB,Kingston,SSD,2260.0,10,541,3.8,45854,57835
3357,WD SSD 2048GB,WD,SSD,15550.0,15,80,4.5,55920,157234
3358,Kingston SSD 1024GB,Kingston,SSD,19187.0,36,781,4.4,73356,440761
3359,Kingston SSD 2048GB,Kingston,SSD,13425.0,27,253,4.9,54266,344797
3360,Kingston SSD 1024GB,Kingston,SSD,10576.0,14,314,4.8,38303,390867
3361,Kingston SSD 256GB,Kingston,SSD,12005.0,38,603,4.4,51851,298621
3362,WD SSD 512GB,WD,SSD,10469.0,14,588,3.9,59109,149568
3363,Kingston SSD 2048GB,Kingston,SSD,10644.0,42,716,3.5,99502,354530
3364,WD SSD 512GB,WD,SSD,9357.0,26,131,3.6,43026,262508
3365,Crucial SSD 512GB,Crucial,SSD,20861.0,49,903,4.5,69894,336978
3366,Kingston SSD 256GB,Kingston,SSD,10165.0,48,584,3.7,1055,468926
3367,Crucial SSD 512GB,Crucial,SSD,4005.0,30,779,4.5,15102,451208
3368,Samsung SSD 2048GB,Samsung,SSD,12709.0,12,293,4.0,67980,182419
3369,Crucial SSD 1024GB,Crucial,SSD,13032.0,49,128,4.2,76766,69259
3370,Samsung SSD 512GB,Samsung,SSD,2332.0,27,868,3.6,36466,297206
3371,Kingston SSD 2048GB,Kingston,SSD,4100.0,36,55,3.7,80086,117250
3372,Samsung SSD 512GB,Samsung,SSD,13657.0,46,884,3.7,15056,107075
3373,Crucial SSD 1024GB,Crucial,SSD,14893.0,38,401,4.8,69316,370760
3374,WD SSD 1024GB,WD,SSD,21082.0,30,986,4.0,88816,440283
3375,Samsung SSD 2048GB,Samsung,SSD,4584.0,4,267,4.9,79896,114604
3376,Kingston SSD 1024GB,Kingston,SSD,8198.0,24,226,3.9,42904,208005
3377,Samsung SSD 256GB,Samsung,SSD,9301.0,3,906,4.9,72195,194603
3378,WD SSD 1024GB,WD,SSD,8015.0,42,758,3.8,53408,82712
3379,WD SSD 256GB,WD,SSD,10148.0,11,271,3.8,59977,153587
3380,Crucial SSD 512GB,Crucial,SSD,23496.0,42,461,3.7,39496,121729
3381,Crucial SSD 2048GB,Crucial,SSD,19703.0,50,923,4.7,4292,289595
3382,Kingston SSD 512GB,Kingston,SSD,20647.0,37,982,4.8,50004,395026
3383,Samsung SSD 512GB,Samsung,SSD,23424.0,28,910,3.6,86866,255583
3384,Kingston SSD 256GB,Kingston,SSD,17263.0,13,861,3.9,4930,158486
3385,Kingston SSD 256GB,Kingston,SSD,7084.0,3,167,3.8,48062,496731
3386,WD SSD 1024GB,WD,SSD,15832.0,48,344,4.1,23756,235219
3387,WD SSD 512GB,WD,SSD,8587.0,50,239,3.7,20105,327050
3388,Samsung SSD 512GB,Samsung,SSD,2532.0,6,220,3.7,52605,300840
3389,WD SSD 256GB,WD,SSD,9527.0,26,479,3.5,25866,133079
3390,Crucial SSD 256GB,Crucial,SSD,24683.0,29,373,3.7,56079,410781
3391,Samsung SSD 2048GB,Samsung,SSD,15987.0,39,355,3.7,62713,319743
3392,Kingston SSD 512GB,Kingston,SSD,3856.0,13,57,3.8,84126,194188
3393,Samsung SSD 512GB,Samsung,SSD,9563.0,16,835,4.6,72902,403582
3394,Crucial SSD 512GB,Crucial,SSD,9700.0,50,134,3.5,35511,375877
3395,Samsung SSD 512GB,Samsung,SSD,19700.0,37,828,3.9,8936,496363
3396,Samsung SSD 256GB,Samsung,SSD,16883.0,8,299,4.6,21428,347135
3397,Samsung SSD 1024GB,Samsung,SSD,3916.0,16,676,4.2,94671,216938
3398,Crucial SSD 256GB,Crucial,SSD,17606.0,20,844,4.5,90578,259723
3399,Kingston SSD 2048GB,Kingston,SSD,5469.0,11,947,4.4,78747,490684
3400,Kingston SSD 256GB,Kingston,SSD,14658.0,34,893,4.0,71001,119317
3401,Crucial SSD 512GB,Crucial,SSD,24204.0,32,893,4.2,19452,178084
3402,Samsung SSD 512GB,Samsung,SSD,7097.0,37,800,4.0,5266,420927
3403,Kingston SSD 2048GB,Kingston,SSD,14917.0,16,936,4.6,36939,373713
3404,WD SSD 512GB,WD,SSD,17907.0,36,787,3.9,24602,236747
3405,Samsung SSD 512GB,Samsung,SSD,5267.0,7,543,3.7,11275,24818
3406,Crucial SSD 256GB,Crucial,SSD,9723.0,26,826,4.5,90234,289925
3407,Samsung SSD 256GB,Samsung,SSD,16890.0,44,36,4.8,63544,152850
3408,WD SSD 512GB,WD,SSD,13551.0,16,711,3.7,81199,323717
3409,Kingston SSD 512GB,Kingston,SSD,21601.0,6,176,4.0,14348,259093
3410,WD SSD 512GB,WD,SSD,18129.0,15,225,4.9,98109,133545
3411,Crucial SSD 512GB,Crucial,SSD,7359.0,9,115,3.5,37924,78561
3412,Crucial SSD 512GB,Crucial,SSD,14349.0,16,605,4.5,89807,425249
3413,Crucial SSD 512GB,Crucial,SSD,8399.0,34,836,4.6,207,363093
3414,WD SSD 512GB,WD,SSD,11499.0,1,312,3.9,58051,460010
3415,Crucial SSD 1024GB,Crucial,SSD,2384.0,10,10,3.9,2737,421857
3416,Kingston SSD 2048GB,Kingston,SSD,18629.0,49,895,4.5,9364,321004
3417,Kingston SSD 512GB,Kingston,SSD,24343.0,44,925,4.2,33745,327210
3418,WD SSD 2048GB,WD,SSD,15996.0,38,758,4.5,27430,83964
3419,Kingston SSD 2048GB,Kingston,SSD,9640.0,31,485,3.9,59300,483117
3420,Kingston SSD 512GB,Kingston,SSD,7243.0,1,428,4.9,74359,80636
3421,Samsung SSD 2048GB,Samsung,SSD,13445.0,38,137,4.3,18590,424522
3422,Samsung SSD 1024GB,Samsung,SSD,20766.0,37,292,4.6,20675,79219
3423,Samsung SSD 256GB,Samsung,SSD,12570.0,2,155,4.9,53816,114586
3424,Kingston SSD 1024GB,Kingston,SSD,23785.0,27,250,4.6,52730,122044
3425,Crucial SSD 512GB,Crucial,SSD,23160.0,18,680,4.1,81592,379013
3426,WD SSD 256GB,WD,SSD,16138.0,16,638,4.1,43948,347831
3427,Samsung SSD 1024GB,Samsung,SSD,5181.0,14,670,3.8,94886,56182
3428,Samsung SSD 256GB,Samsung,SSD,10932.0,10,65,4.4,29429,369394
3429,Samsung SSD 512GB,Samsung,SSD,6975.0,4,381,3.6,22671,410151
3430,Kingston SSD 256GB,Kingston,SSD,14205.0,26,548,4.3,57084,285019
3431,Crucial SSD 2048GB,Crucial,SSD,11763.0,37,112,4.8,13639,400433
3432,Kingston SSD 1024GB,Kingston,SSD,20227.0,19,768,4.3,51057,162264
3433,WD SSD 256GB,WD,SSD,3395.0,32,937,4.7,23296,298953
3434,Crucial SSD 2048GB,Crucial,SSD,22915.0,20,533,4.3,32063,436259
3435,Kingston SSD 2048GB,Kingston,SSD,22899.0,19,793,4.1,52346,392757
3436,Samsung SSD 2048GB,Samsung,SSD,6236.0,7,625,3.8,86321,94625
3437,WD SSD 2048GB,WD,SSD,6745.0,1,312,3.8,25347,96056
3438,Samsung SSD 256GB,Samsung,SSD,11316.0,13,814,3.7,33162,278967
3439,Samsung SSD 1024GB,Samsung,SSD,17912.0,44,886,4.9,74505,405104
3440,Samsung SSD 256GB,Samsung,SSD,17435.0,48,416,4.8,58535,80538
3441,Kingston SSD 256GB,Kingston,SSD,23354.0,7,753,3.7,91538,104518
3442,Samsung SSD 256GB,Samsung,SSD,9187.0,1,755,4.8,55354,214964
3443,WD SSD 256GB,WD,SSD,4044.0,10,552,3.5,25792,392265
3444,Kingston SSD 512GB,Kingston,SSD,19824.0,20,646,4.1,12640,2117
3445,Samsung SSD 1024GB,Samsung,SSD,7880.0,15,563,3.9,69407,471510
3446,Samsung SSD 1024GB,Samsung,SSD,20125.0,39,175,4.5,54788,441787
3447,Samsung SSD 256GB,Samsung,SSD,16781.0,10,842,4.1,91433,226694
3448,Crucial SSD 2048GB,Crucial,SSD,9997.0,35,910,4.8,23250,442513
3449,WD SSD 2048GB,WD,SSD,24058.0,30,417,4.7,26728,112554
3450,Samsung SSD 1024GB,Samsung,SSD,22807.0,48,847,3.7,82730,284437
3451,Crucial SSD 512GB,Crucial,SSD,15030.0,35,312,4.2,32493,227669
3452,Samsung SSD 256GB,Samsung,SSD,4437.0,50,160,3.8,87018,265306
3453,WD SSD 512GB,WD,SSD,21948.0,32,748,3.7,88224,283511
3454,WD SSD 1024GB,WD,SSD,8122.0,4,541,4.2,78664,381950
3455,Crucial SSD 1024GB,Crucial,SSD,24947.0,24,97,3.5,63223,258578
3456,Samsung SSD 2048GB,Samsung,SSD,22615.0,0,650,4.6,76294,87681
3457,Samsung SSD 1024GB,Samsung,SSD,10105.0,29,621,4.7,81427,66912
3458,Crucial SSD 2048GB,Crucial,SSD,5826.0,7,360,4.2,65961,364371
3459,Crucial SSD 512GB,Crucial,SSD,19728.0,31,182,4.5,45877,346518
3460,Samsung SSD 512GB,Samsung,SSD,24986.0,25,546,4.1,48328,364968
3461,Crucial SSD 512GB,Crucial,SSD,22042.0,6,141,4.8,75343,434961
3462,Kingston SSD 2048GB,Kingston,SSD,8689.0,36,912,4.0,66493,311095
3463,WD SSD 1024GB,WD,SSD,12687.0,27,643,3.8,35770,351982
3464,Samsung SSD 2048GB,Samsung,SSD,11760.0,38,23,4.8,75944,451854
3465,Crucial SSD 1024GB,Crucial,SSD,22558.0,27,604,4.2,80926,216109
3466,Kingston SSD 256GB,Kingston,SSD,16348.0,1,575,4.4,51961,254081
3467,Samsung SSD 2048GB,Samsung,SSD,12059.0,35,360,4.5,65287,133746
3468,Kingston SSD 2048GB,Kingston,SSD,11037.0,38,821,3.6,66733,101571
3469,Kingston SSD 256GB,Kingston,SSD,15466.0,29,531,4.2,37886,439922
3470,Kingston SSD 512GB,Kingston,SSD,15063.0,34,109,4.6,70321,423948
3471,Crucial SSD 1024GB,Crucial,SSD,21145.0,20,10,4.3,34773,152151
3472,WD SSD 2048GB,WD,SSD,2324.0,2,167,4.0,22410,62106
3473,Crucial SSD 512GB,Crucial,SSD,17030.0,35,616,3.6,52466,152079
3474,Samsung SSD 256GB,Samsung,SSD,19837.0,16,367,3.8,70086,437127
3475,Samsung SSD 512GB,Samsung,SSD,2017.0,35,194,4.3,70739,300587
3476,Samsung SSD 1024GB,Samsung,SSD,17809.0,15,633,4.0,70901,289016
3477,Crucial SSD 1024GB,Crucial,SSD,5472.0,15,14,4.3,54535,453867
3478,WD SSD 2048GB,WD,SSD,14142.0,13,47,4.9,6202,431
3479,Kingston SSD 2048GB,Kingston,SSD,24243.0,49,610,4.1,77627,465984
3480,Kingston SSD 512GB,Kingston,SSD,2566.0,18,99,4.9,46859,203210
3481,Kingston SSD 512GB,Kingston,SSD,16361.0,18,442,5.0,87168,442950
3482,Crucial SSD 256GB,Crucial,SSD,18470.0,1,669,4.6,94514,478390
3483,Samsung SSD 2048GB,Samsung,SSD,7308.0,2,31,4.1,84255,421441
3484,Samsung SSD 512GB,Samsung,SSD,16015.0,3,236,4.1,90178,64522
3485,Kingston SSD 1024GB,Kingston,SSD,11929.0,38,609,4.9,33048,69057
3486,Samsung SSD 2048GB,Samsung,SSD,17858.0,35,924,3.9,44960,221317
3487,Crucial SSD 1024GB,Crucial,SSD,7401.0,9,806,4.0,5071,198191
3488,WD SSD 256GB,WD,SSD,12603.0,27,893,4.9,80131,313286
3489,Crucial SSD 512GB,Crucial,SSD,12335.0,11,127,4.9,23374,96693
3490,Samsung SSD 1024GB,Samsung,SSD,9730.0,42,301,3.8,83267,339585
3491,Crucial SSD 256GB,Crucial,SSD,10474.0,24,310,4.2,62977,472361
3492,Kingston SSD 1024GB,Kingston,SSD,14201.0,20,174,4.4,78755,229252
3493,Samsung SSD 512GB,Samsung,SSD,19510.0,5,992,3.8,810,256528
3494,WD SSD 1024GB,WD,SSD,12912.0,10,718,4.6,28604,53382
3495,Samsung SSD 256GB,Samsung,SSD,10163.0,5,952,4.1,86309,97006
3496,Samsung SSD 2048GB,Samsung,SSD,9760.0,40,993,4.9,83908,75170
3497,Crucial SSD 2048GB,Crucial,SSD,7146.0,41,558,4.1,35491,281155
3498,WD SSD 1024GB,WD,SSD,20208.0,35,332,4.0,88497,168516
3499,WD SSD 512GB,WD,SSD,21151.0,22,143,4.5,22333,357280
3500,Kingston SSD 256GB,Kingston,SSD,15306.0,31,377,3.7,65854,171904
3501,Corsair DDR5 64GB,Corsair,RAM,3681.0,40,48,3.6,6855,277497
3502,G.Skill DDR5 32GB,G.Skill,RAM,21137.0,19,275,3.6,58761,238183
3503,Crucial DDR5 16GB,Crucial,RAM,26557.0,49,144,4.0,28167,187072
3504,G.Skill DDR5 64GB,G.Skill,RAM,18831.0,7,853,4.6,95987,155182
3505,Crucial DDR5 8GB,Crucial,RAM,13178.0,36,470,4.4,92065,422559
3506,Kingston DDR5 32GB,Kingston,RAM,10982.0,2,341,4.8,79050,106621
3507,Kingston DDR5 64GB,Kingston,RAM,18229.0,7,542,4.3,29140,102459
3508,Kingston DDR5 64GB,Kingston,RAM,4224.0,12,245,4.8,9007,361009
3509,Kingston DDR5 64GB,Kingston,RAM,2726.0,11,831,4.3,66336,280566
3510,Corsair DDR5 32GB,Corsair,RAM,27531.0,12,9,3.8,71222,249251
3511,G.Skill DDR5 64GB,G.Skill,RAM,7527.0,11,125,4.0,8214,164443
3512,Crucial DDR5 32GB,Crucial,RAM,14888.0,20,746,4.0,86634,111619
3513,Kingston DDR5 64GB,Kingston,RAM,28113.0,6,524,4.7,67100,26315
3514,Corsair DDR5 32GB,Corsair,RAM,15421.0,17,890,4.5,24650,153473
3515,Crucial DDR5 64GB,Crucial,RAM,4371.0,24,955,4.6,58034,389282
3516,Kingston DDR5 64GB,Kingston,RAM,20795.0,13,833,4.9,40693,117794
3517,Crucial DDR5 16GB,Crucial,RAM,20756.0,24,644,4.4,33689,466013
3518,Crucial DDR5 32GB,Crucial,RAM,12688.0,37,809,3.6,77020,301626
3519,Corsair DDR5 8GB,Corsair,RAM,5175.0,21,491,3.6,78073,290609
3520,Kingston DDR5 8GB,Kingston,RAM,18909.0,21,167,4.9,89631,371752
3521,Corsair DDR5 8GB,Corsair,RAM,19204.0,18,926,4.4,86985,273813
3522,G.Skill DDR5 16GB,G.Skill,RAM,22817.0,32,795,3.9,36308,386040
3523,G.Skill DDR5 64GB,G.Skill,RAM,20598.0,23,843,4.1,22383,294246
3524,Crucial DDR5 32GB,Crucial,RAM,22311.0,33,129,4.6,45692,395535
3525,Corsair DDR5 8GB,Corsair,RAM,7370.0,37,473,3.7,57826,390795
3526,Corsair DDR5 16GB,Corsair,RAM,11305.0,38,929,4.3,24590,335276
3527,Crucial DDR5 8GB,Crucial,RAM,16642.0,37,541,3.5,43023,393637
3528,G.Skill DDR5 32GB,G.Skill,RAM,12271.0,13,435,4.7,34858,416806
3529,Crucial DDR5 16GB,Crucial,RAM,18640.0,5,186,5.0,68609,55051
3530,Kingston DDR5 8GB,Kingston,RAM,8378.0,27,869,4.3,44799,394356
3531,Corsair DDR5 8GB,Corsair,RAM,20443.0,34,81,3.9,64456,437509
3532,G.Skill DDR5 32GB,G.Skill,RAM,20388.0,50,632,3.5,2980,386966
3533,Kingston DDR5 8GB,Kingston,RAM,16091.0,20,151,4.2,6169,194299
3534,Crucial DDR5 64GB,Crucial,RAM,20675.0,40,848,3.8,48987,46987
3535,G.Skill DDR5 8GB,G.Skill,RAM,26224.0,49,856,4.6,98183,6333
3536,G.Skill DDR5 16GB,G.Skill,RAM,5646.0,47,124,4.5,2628,391286
3537,Corsair DDR5 16GB,Corsair,RAM,27297.0,34,128,4.4,1377,130448
3538,Crucial DDR5 32GB,Crucial,RAM,5904.0,7,249,4.5,41317,183371
3539,Crucial DDR5 8GB,Crucial,RAM,20307.0,34,816,3.6,69624,172113
3540,Corsair DDR5 8GB,Corsair,RAM,2899.0,8,306,3.9,8004,461116
3541,Kingston DDR5 64GB,Kingston,RAM,8269.0,44,814,4.1,45000,489085
3542,Crucial DDR5 16GB,Crucial,RAM,13922.0,28,80,4.6,18341,479830
3543,Kingston DDR5 32GB,Kingston,RAM,18200.0,15,214,4.6,52562,298079
3544,G.Skill DDR5 16GB,G.Skill,RAM,27664.0,40,341,4.4,92325,3829
3545,G.Skill DDR5 64GB,G.Skill,RAM,4460.0,42,252,4.1,38269,236219
3546,Corsair DDR5 32GB,Corsair,RAM,29705.0,37,499,4.1,49237,125619
3547,Kingston DDR5 32GB,Kingston,RAM,12861.0,24,297,4.7,15173,53190
3548,Kingston DDR5 64GB,Kingston,RAM,23744.0,32,932,4.4,86520,70367
3549,Kingston DDR5 64GB,Kingston,RAM,17430.0,10,557,3.8,3702,448502
3550,Crucial DDR5 64GB,Crucial,RAM,14930.0,11,533,3.5,32695,154757
3551,Corsair DDR5 64GB,Corsair,RAM,27951.0,45,699,3.9,9013,428443
3552,Crucial DDR5 8GB,Crucial,RAM,2645.0,29,981,4.8,81727,365302
3553,G.Skill DDR5 16GB,G.Skill,RAM,12469.0,19,419,4.3,83216,481944
3554,G.Skill DDR5 8GB,G.Skill,RAM,13732.0,42,573,4.9,4921,99142
3555,Corsair DDR5 16GB,Corsair,RAM,17569.0,9,498,5.0,1094,138542
3556,Crucial DDR5 16GB,Crucial,RAM,15335.0,6,269,3.7,66740,457469
3557,G.Skill DDR5 32GB,G.Skill,RAM,16353.0,14,606,3.7,98966,303668
3558,G.Skill DDR5 16GB,G.Skill,RAM,2208.0,2,428,4.4,75393,418108
3559,Crucial DDR5 64GB,Crucial,RAM,10023.0,38,641,4.5,86422,451127
3560,Corsair DDR5 16GB,Corsair,RAM,7173.0,39,521,4.3,36476,492136
3561,Crucial DDR5 32GB,Crucial,RAM,11982.0,45,242,4.6,45964,58760
3562,G.Skill DDR5 64GB,G.Skill,RAM,5949.0,17,909,4.8,16169,237871
3563,Kingston DDR5 8GB,Kingston,RAM,22530.0,7,807,5.0,72466,293675
3564,Corsair DDR5 64GB,Corsair,RAM,28997.0,46,784,4.7,35529,406769
3565,Corsair DDR5 16GB,Corsair,RAM,11496.0,48,535,4.9,77427,264276
3566,Corsair DDR5 64GB,Corsair,RAM,8235.0,47,367,4.3,58099,341883
3567,Kingston DDR5 16GB,Kingston,RAM,8527.0,28,14,4.1,99753,249082
3568,G.Skill DDR5 8GB,G.Skill,RAM,9120.0,39,935,4.6,79314,6630
3569,Corsair DDR5 32GB,Corsair,RAM,7824.0,26,992,4.3,83491,457985
3570,Corsair DDR5 16GB,Corsair,RAM,19356.0,16,806,3.7,17474,182909
3571,Kingston DDR5 8GB,Kingston,RAM,10084.0,14,915,3.6,22342,452223
3572,Corsair DDR5 8GB,Corsair,RAM,25229.0,8,7,4.5,59019,242229
3573,G.Skill DDR5 32GB,G.Skill,RAM,3672.0,31,706,3.5,92714,361932
3574,G.Skill DDR5 8GB,G.Skill,RAM,20014.0,49,245,3.8,35494,194732
3575,Corsair DDR5 8GB,Corsair,RAM,21861.0,6,977,4.2,80766,162401
3576,Kingston DDR5 16GB,Kingston,RAM,26097.0,37,747,3.9,61039,14864
3577,Crucial DDR5 16GB,Crucial,RAM,25892.0,36,416,4.1,33532,453897
3578,Kingston DDR5 16GB,Kingston,RAM,7314.0,19,812,4.1,65022,441541
3579,Kingston DDR5 16GB,Kingston,RAM,10990.0,43,219,3.5,90960,338625
3580,Kingston DDR5 64GB,Kingston,RAM,4766.0,2,197,3.7,81518,27162
3581,G.Skill DDR5 64GB,G.Skill,RAM,18730.0,13,51,4.1,90127,200106
3582,Crucial DDR5 8GB,Crucial,RAM,6392.0,41,173,4.3,58815,364196
3583,Corsair DDR5 16GB,Corsair,RAM,27027.0,49,811,3.6,77939,175852
3584,Kingston DDR5 64GB,Kingston,RAM,27799.0,36,369,4.1,17775,36841
3585,Kingston DDR5 64GB,Kingston,RAM,19316.0,29,487,4.4,1317,177814
3586,G.Skill DDR5 8GB,G.Skill,RAM,3463.0,21,978,3.6,31912,71697
3587,Corsair DDR5 8GB,Corsair,RAM,27666.0,5,194,4.2,80663,242047
3588,Corsair DDR5 64GB,Corsair,RAM,7125.0,34,832,3.7,14317,107156
3589,Crucial DDR5 8GB,Crucial,RAM,25854.0,24,507,4.3,9915,343553
3590,Kingston DDR5 16GB,Kingston,RAM,5430.0,45,792,3.5,33287,165886
3591,G.Skill DDR5 64GB,G.Skill,RAM,27463.0,36,171,3.7,65018,58274
3592,Corsair DDR5 64GB,Corsair,RAM,28836.0,15,416,3.5,33673,160738
3593,Corsair DDR5 16GB,Corsair,RAM,28535.0,50,953,3.8,39532,153787
3594,Kingston DDR5 16GB,Kingston,RAM,13314.0,0,147,3.7,84937,208405
3595,G.Skill DDR5 16GB,G.Skill,RAM,8534.0,5,145,4.9,35383,396109
3596,Corsair DDR5 32GB,Corsair,RAM,11497.0,30,904,4.6,58478,418395
3597,Kingston DDR5 64GB,Kingston,RAM,21718.0,26,656,3.5,88405,95851
3598,G.Skill DDR5 32GB,G.Skill,RAM,4592.0,26,80,3.8,17121,246685
3599,Crucial DDR5 32GB,Crucial,RAM,25099.0,17,970,4.3,88762,70321
3600,G.Skill DDR5 32GB,G.Skill,RAM,20647.0,2,134,4.3,14683,200516
3601,Corsair DDR5 8GB,Corsair,RAM,20340.0,34,595,4.5,41909,487761
3602,Corsair DDR5 16GB,Corsair,RAM,27892.0,44,292,4.1,53042,397220
3603,Crucial DDR5 32GB,Crucial,RAM,17194.0,26,129,4.3,67341,353713
3604,Kingston DDR5 64GB,Kingston,RAM,13931.0,33,275,5.0,1277,262348
3605,G.Skill DDR5 64GB,G.Skill,RAM,9980.0,28,840,3.5,98209,121064
3606,Corsair DDR5 8GB,Corsair,RAM,20239.0,36,133,3.5,38227,325007
3607,Corsair DDR5 64GB,Corsair,RAM,11355.0,47,743,3.6,52919,299615
3608,Kingston DDR5 64GB,Kingston,RAM,21420.0,12,804,4.9,81972,67134
3609,G.Skill DDR5 16GB,G.Skill,RAM,10629.0,17,459,4.3,66838,229238
3610,Corsair DDR5 16GB,Corsair,RAM,5342.0,20,280,3.8,69187,215172
3611,Crucial DDR5 16GB,Crucial,RAM,6350.0,4,170,4.6,1285,88270
3612,Kingston DDR5 64GB,Kingston,RAM,23989.0,0,367,4.9,19459,454248
3613,G.Skill DDR5 8GB,G.Skill,RAM,8320.0,1,18,4.6,269,32060
3614,Crucial DDR5 16GB,Crucial,RAM,27494.0,29,245,3.9,93636,211548
3615,Corsair DDR5 8GB,Corsair,RAM,1610.0,49,581,4.3,74948,402815
3616,Corsair DDR5 8GB,Corsair,RAM,9761.0,37,977,3.7,357,12233
3617,Corsair DDR5 64GB,Corsair,RAM,20102.0,15,142,4.6,82293,79932
3618,Crucial DDR5 16GB,Crucial,RAM,16466.0,34,967,4.6,76290,353079
3619,Crucial DDR5 8GB,Crucial,RAM,14220.0,19,556,3.5,96093,176700
3620,Corsair DDR5 64GB,Corsair,RAM,17229.0,2,51,5.0,50932,128521
3621,Corsair DDR5 32GB,Corsair,RAM,23923.0,6,740,3.8,56968,62354
3622,Kingston DDR5 64GB,Kingston,RAM,4202.0,5,325,4.9,68611,462721
3623,Corsair DDR5 32GB,Corsair,RAM,24250.0,48,587,3.9,65709,74298
3624,G.Skill DDR5 16GB,G.Skill,RAM,2095.0,42,12,3.8,34059,422109
3625,Corsair DDR5 32GB,Corsair,RAM,8166.0,26,420,4.0,31358,145712
3626,Corsair DDR5 64GB,Corsair,RAM,12039.0,38,256,4.1,75344,318452
3627,G.Skill DDR5 32GB,G.Skill,RAM,29786.0,45,54,4.1,57893,77836
3628,Corsair DDR5 8GB,Corsair,RAM,19539.0,1,829,3.7,84415,378120
3629,Kingston DDR5 8GB,Kingston,RAM,24067.0,14,525,4.3,18068,342259
3630,Crucial DDR5 32GB,Crucial,RAM,1536.0,2,543,3.7,51269,73887
3631,G.Skill DDR5 8GB,G.Skill,RAM,17781.0,8,478,3.9,42577,474493
3632,Kingston DDR5 32GB,Kingston,RAM,22378.0,10,973,5.0,53957,163454
3633,Kingston DDR5 32GB,Kingston,RAM,16390.0,10,634,3.5,38631,45812
3634,Corsair DDR5 16GB,Corsair,RAM,19576.0,7,703,4.6,14058,287908
3635,Crucial DDR5 8GB,Crucial,RAM,22089.0,22,578,3.8,82788,171733
3636,Corsair DDR5 32GB,Corsair,RAM,23309.0,2,62,4.8,52121,60090
3637,Crucial DDR5 16GB,Crucial,RAM,8678.0,1,55,3.6,55908,214218
3638,Corsair DDR5 16GB,Corsair,RAM,19901.0,5,30,3.9,18795,240371
3639,Corsair DDR5 16GB,Corsair,RAM,8070.0,47,947,5.0,16676,297789
3640,Crucial DDR5 8GB,Crucial,RAM,12996.0,16,969,3.6,3858,343437
3641,G.Skill DDR5 8GB,G.Skill,RAM,17810.0,20,229,4.6,57055,394065
3642,G.Skill DDR5 32GB,G.Skill,RAM,14011.0,11,915,4.6,40047,343556
3643,Kingston DDR5 64GB,Kingston,RAM,15228.0,24,845,5.0,83111,157305
3644,Corsair DDR5 8GB,Corsair,RAM,21882.0,23,511,3.6,31021,3688
3645,Kingston DDR5 32GB,Kingston,RAM,17615.0,22,571,4.8,34019,123243
3646,Crucial DDR5 8GB,Crucial,RAM,17594.0,10,962,5.0,70101,88745
3647,G.Skill DDR5 8GB,G.Skill,RAM,26058.0,11,403,4.5,60152,350417
3648,Crucial DDR5 8GB,Crucial,RAM,18191.0,24,957,4.1,54838,368985
3649,G.Skill DDR5 64GB,G.Skill,RAM,6501.0,39,900,4.8,36193,40254
3650,Crucial DDR5 64GB,Crucial,RAM,29428.0,17,809,4.3,66940,449026
3651,G.Skill DDR5 64GB,G.Skill,RAM,16805.0,37,61,4.7,86830,83799
3652,Kingston DDR5 32GB,Kingston,RAM,1992.0,32,310,3.6,14277,422821
3653,Crucial DDR5 32GB,Crucial,RAM,6270.0,17,831,3.7,41062,453134
3654,Kingston DDR5 32GB,Kingston,RAM,3257.0,47,771,4.0,54965,460794
3655,Crucial DDR5 16GB,Crucial,RAM,5119.0,40,443,3.7,44086,414617
3656,G.Skill DDR5 32GB,G.Skill,RAM,6861.0,11,17,4.0,75354,412009
3657,Crucial DDR5 32GB,Crucial,RAM,27748.0,7,103,3.9,11536,401922
3658,Crucial DDR5 16GB,Crucial,RAM,19414.0,29,255,4.3,69634,77040
3659,Corsair DDR5 64GB,Corsair,RAM,9151.0,37,807,4.0,44228,355131
3660,G.Skill DDR5 16GB,G.Skill,RAM,25224.0,37,820,3.6,67750,145447
3661,Crucial DDR5 8GB,Crucial,RAM,14776.0,6,836,4.1,2406,182193
3662,Corsair DDR5 8GB,Corsair,RAM,7455.0,12,672,3.6,48646,163154
3663,G.Skill DDR5 8GB,G.Skill,RAM,27784.0,1,121,4.6,32402,452660
3664,Crucial DDR5 8GB,Crucial,RAM,11689.0,0,843,4.4,69201,222337
3665,Kingston DDR5 64GB,Kingston,RAM,6162.0,32,394,3.7,95690,336619
3666,Corsair DDR5 8GB,Corsair,RAM,8139.0,6,608,3.7,91611,105819
3667,Crucial DDR5 8GB,Crucial,RAM,4127.0,0,214,3.6,36188,17104
3668,G.Skill DDR5 64GB,G.Skill,RAM,28149.0,44,508,3.7,14026,393427
3669,Corsair DDR5 64GB,Corsair,RAM,26466.0,49,767,4.5,54397,24000
3670,Corsair DDR5 64GB,Corsair,RAM,6598.0,45,631,4.6,46511,358578
3671,Corsair DDR5 32GB,Corsair,RAM,4728.0,40,477,4.4,37351,443333
3672,G.Skill DDR5 32GB,G.Skill,RAM,1808.0,28,348,4.4,10107,108120
3673,Kingston DDR5 32GB,Kingston,RAM,18870.0,30,944,3.7,15657,11966
3674,Kingston DDR5 64GB,Kingston,RAM,18624.0,49,479,4.6,61833,72242
3675,Corsair DDR5 16GB,Corsair,RAM,16833.0,27,28,3.7,54470,55561
3676,Corsair DDR5 64GB,Corsair,RAM,28854.0,38,900,3.7,26591,354962
3677,Crucial DDR5 32GB,Crucial,RAM,17265.0,12,496,4.2,15819,280842
3678,G.Skill DDR5 16GB,G.Skill,RAM,2821.0,6,921,4.2,54958,293522
3679,Corsair DDR5 16GB,Corsair,RAM,27657.0,46,733,3.9,1966,353331
3680,G.Skill DDR5 32GB,G.Skill,RAM,16754.0,0,173,4.8,65611,16603
3681,G.Skill DDR5 32GB,G.Skill,RAM,7862.0,25,987,4.7,17698,111923
3682,Kingston DDR5 16GB,Kingston,RAM,28508.0,50,393,3.7,76697,20049
3683,Crucial DDR5 32GB,Crucial,RAM,29251.0,30,20,4.2,52230,349475
3684,Crucial DDR5 64GB,Crucial,RAM,23855.0,39,706,4.5,8699,229177
3685,Corsair DDR5 16GB,Corsair,RAM,20442.0,47,962,4.8,47808,365519
3686,Kingston DDR5 8GB,Kingston,RAM,12046.0,26,916,3.6,15140,439835
3687,G.Skill DDR5 16GB,G.Skill,RAM,14226.0,0,222,3.6,62969,486504
3688,Kingston DDR5 32GB,Kingston,RAM,3021.0,49,264,5.0,85046,274135
3689,Kingston DDR5 32GB,Kingston,RAM,29304.0,7,634,3.8,98059,364395
3690,Kingston DDR5 16GB,Kingston,RAM,10955.0,4,225,4.3,38392,264020
3691,Corsair DDR5 8GB,Corsair,RAM,11377.0,38,828,4.9,96818,222967
3692,Corsair DDR5 8GB,Corsair,RAM,11867.0,6,377,4.8,6150,77359
3693,Corsair DDR5 64GB,Corsair,RAM,17106.0,24,715,4.6,93635,288484
3694,G.Skill DDR5 64GB,G.Skill,RAM,24860.0,39,883,4.7,30299,350191
3695,G.Skill DDR5 16GB,G.Skill,RAM,11653.0,20,17,4.3,12261,1746
3696,Corsair DDR5 32GB,Corsair,RAM,17840.0,32,839,4.1,20387,257307
3697,Crucial DDR5 8GB,Crucial,RAM,11987.0,20,762,4.2,72336,176764
3698,Corsair DDR5 16GB,Corsair,RAM,19391.0,31,337,4.7,58866,475947
3699,Corsair DDR5 16GB,Corsair,RAM,9174.0,32,100,4.4,73775,261064
3700,G.Skill DDR5 32GB,G.Skill,RAM,10006.0,48,687,3.7,83829,24015
3701,Crucial DDR5 16GB,Crucial,RAM,8941.0,18,805,4.6,2482,80582
3702,G.Skill DDR5 64GB,G.Skill,RAM,26350.0,17,432,4.6,48481,404694
3703,Crucial DDR5 64GB,Crucial,RAM,6131.0,6,27,3.6,8484,231595
3704,Crucial DDR5 16GB,Crucial,RAM,3503.0,23,393,4.7,60807,64326
3705,G.Skill DDR5 64GB,G.Skill,RAM,18918.0,30,680,5.0,98659,120623
3706,Corsair DDR5 16GB,Corsair,RAM,4701.0,33,16,4.2,40235,119779
3707,Kingston DDR5 64GB,Kingston,RAM,11215.0,20,722,4.7,39556,263950
3708,Crucial DDR5 16GB,Crucial,RAM,14060.0,21,265,3.6,73754,90675
3709,Crucial DDR5 64GB,Crucial,RAM,6333.0,33,853,4.8,24381,291080
3710,G.Skill DDR5 8GB,G.Skill,RAM,16202.0,0,456,4.1,32866,71459
3711,Crucial DDR5 16GB,Crucial,RAM,6212.0,45,211,4.2,8870,450812
3712,G.Skill DDR5 16GB,G.Skill,RAM,25310.0,26,708,4.3,52555,249602
3713,Kingston DDR5 32GB,Kingston,RAM,21283.0,46,516,3.7,69348,226192
3714,Crucial DDR5 8GB,Crucial,RAM,14818.0,16,529,4.8,90984,15938
3715,Crucial DDR5 16GB,Crucial,RAM,7279.0,23,796,3.6,43867,409134
3716,Kingston DDR5 32GB,Kingston,RAM,1697.0,33,966,4.0,3339,360445
3717,Kingston DDR5 64GB,Kingston,RAM,8054.0,20,610,4.4,97292,44039
3718,Crucial DDR5 64GB,Crucial,RAM,9933.0,43,671,4.7,41202,100685
3719,G.Skill DDR5 64GB,G.Skill,RAM,16253.0,38,902,3.6,62097,262344
3720,Crucial DDR5 64GB,Crucial,RAM,24787.0,27,870,4.0,33392,83349
3721,Corsair DDR5 8GB,Corsair,RAM,9404.0,9,865,4.7,69080,136242
3722,Kingston DDR5 64GB,Kingston,RAM,8383.0,8,466,4.8,98258,439082
3723,Kingston DDR5 16GB,Kingston,RAM,3454.0,41,150,4.6,23005,494866
3724,Crucial DDR5 8GB,Crucial,RAM,4987.0,23,666,4.6,60930,435328
3725,Crucial DDR5 64GB,Crucial,RAM,21381.0,27,168,3.7,64473,55993
3726,Corsair DDR5 32GB,Corsair,RAM,6664.0,7,295,4.4,71207,195108
3727,G.Skill DDR5 64GB,G.Skill,RAM,20411.0,11,962,4.3,4254,196601
3728,Corsair DDR5 64GB,Corsair,RAM,20459.0,11,191,3.5,76623,449141
3729,Corsair DDR5 16GB,Corsair,RAM,25973.0,35,14,4.1,74542,416758
3730,Corsair DDR5 32GB,Corsair,RAM,7541.0,4,62,4.5,35220,259861
3731,Crucial DDR5 8GB,Crucial,RAM,29954.0,48,19,3.6,60899,463328
3732,Kingston DDR5 8GB,Kingston,RAM,14609.0,49,40,4.9,58422,465192
3733,G.Skill DDR5 8GB,G.Skill,RAM,2578.0,11,423,3.9,25999,109507
3734,Crucial DDR5 16GB,Crucial,RAM,9816.0,14,873,4.9,49389,302914
3735,Corsair DDR5 64GB,Corsair,RAM,6739.0,15,937,4.3,58153,227237
3736,Corsair DDR5 16GB,Corsair,RAM,19942.0,20,266,3.5,52137,396583
3737,Corsair DDR5 16GB,Corsair,RAM,12962.0,35,332,4.4,80324,428770
3738,Corsair DDR5 16GB,Corsair,RAM,25688.0,44,161,4.4,16685,242330
3739,Crucial DDR5 16GB,Crucial,RAM,19224.0,36,120,4.8,20990,469236
3740,Crucial DDR5 16GB,Crucial,RAM,12905.0,36,836,4.5,39130,405062
3741,Crucial DDR5 8GB,Crucial,RAM,5610.0,28,404,4.7,94188,220186
3742,G.Skill DDR5 16GB,G.Skill,RAM,16364.0,19,364,4.8,72488,338014
3743,Kingston DDR5 64GB,Kingston,RAM,10176.0,23,23,4.4,82139,307534
3744,Crucial DDR5 8GB,Crucial,RAM,18069.0,0,428,4.8,57006,158095
3745,Crucial DDR5 32GB,Crucial,RAM,26191.0,2,558,4.1,2854,89043
3746,Corsair DDR5 8GB,Corsair,RAM,20015.0,2,169,4.9,22522,312062
3747,Kingston DDR5 8GB,Kingston,RAM,13670.0,15,634,4.7,39238,462583
3748,Corsair DDR5 32GB,Corsair,RAM,9988.0,14,177,4.3,4544,306693
3749,Kingston DDR5 32GB,Kingston,RAM,7805.0,10,250,3.9,22726,3539
3750,G.Skill DDR5 8GB,G.Skill,RAM,2834.0,41,824,3.7,49062,475035
3751,G.Skill DDR5 32GB,G.Skill,RAM,29467.0,46,231,5.0,14889,324210
3752,G.Skill DDR5 32GB,G.Skill,RAM,12266.0,2,231,4.7,89525,470628
3753,Crucial DDR5 32GB,Crucial,RAM,24278.0,48,794,4.7,81770,101623
3754,Kingston DDR5 16GB,Kingston,RAM,6815.0,10,606,3.9,32291,206729
3755,Crucial DDR5 16GB,Crucial,RAM,1737.0,36,764,4.7,3503,181933
3756,Kingston DDR5 8GB,Kingston,RAM,5639.0,17,92,4.7,35329,394709
3757,Kingston DDR5 8GB,Kingston,RAM,16059.0,25,320,4.7,98491,313857
3758,Kingston DDR5 8GB,Kingston,RAM,5363.0,12,77,3.7,65075,210595
3759,Crucial DDR5 64GB,Crucial,RAM,11624.0,4,928,4.4,36429,84013
3760,Corsair DDR5 64GB,Corsair,RAM,7472.0,5,579,4.4,35163,336125
3761,Kingston DDR5 64GB,Kingston,RAM,12703.0,8,185,4.4,12827,307310
3762,Crucial DDR5 64GB,Crucial,RAM,3990.0,23,237,4.6,13100,252606
3763,Crucial DDR5 16GB,Crucial,RAM,15378.0,20,154,4.8,35932,248325
3764,Crucial DDR5 32GB,Crucial,RAM,14053.0,1,911,3.7,18604,367740
3765,Crucial DDR5 8GB,Crucial,RAM,16198.0,0,584,4.7,29968,13967
3766,Kingston DDR5 32GB,Kingston,RAM,11835.0,12,170,4.8,35462,32125
3767,Corsair DDR5 8GB,Corsair,RAM,13094.0,0,325,4.5,43508,186026
3768,Corsair DDR5 32GB,Corsair,RAM,8377.0,37,655,4.6,18304,52721
3769,Corsair DDR5 32GB,Corsair,RAM,9291.0,28,496,4.5,6480,271379
3770,Crucial DDR5 16GB,Crucial,RAM,10050.0,44,759,4.2,16636,196373
3771,G.Skill DDR5 16GB,G.Skill,RAM,6524.0,15,725,5.0,65771,285971
3772,G.Skill DDR5 32GB,G.Skill,RAM,24451.0,11,753,4.9,14357,309797
3773,Corsair DDR5 32GB,Corsair,RAM,26785.0,27,504,4.3,64581,21830
3774,Crucial DDR5 16GB,Crucial,RAM,8347.0,37,603,4.8,99304,89310
3775,Crucial DDR5 32GB,Crucial,RAM,4621.0,3,169,4.0,80948,494375
3776,G.Skill DDR5 64GB,G.Skill,RAM,24975.0,17,58,4.3,37999,227269
3777,G.Skill DDR5 32GB,G.Skill,RAM,25592.0,47,554,4.3,25189,435019
3778,Kingston DDR5 32GB,Kingston,RAM,24420.0,25,807,4.2,62639,70866
3779,Kingston DDR5 8GB,Kingston,RAM,25737.0,8,674,4.3,52163,252940
3780,Kingston DDR5 32GB,Kingston,RAM,11498.0,20,754,4.9,83587,458797
3781,G.Skill DDR5 8GB,G.Skill,RAM,27246.0,10,176,4.4,22131,291315
3782,Kingston DDR5 32GB,Kingston,RAM,1782.0,22,746,4.6,69908,96228
3783,Crucial DDR5 16GB,Crucial,RAM,26303.0,11,565,4.8,39315,234573
3784,Crucial DDR5 16GB,Crucial,RAM,20799.0,0,92,4.6,23639,338852
3785,Kingston DDR5 16GB,Kingston,RAM,9550.0,36,587,4.9,11438,150818
3786,Kingston DDR5 8GB,Kingston,RAM,27323.0,26,403,3.5,92044,343573
3787,Kingston DDR5 64GB,Kingston,RAM,2802.0,16,940,3.7,52242,229
3788,G.Skill DDR5 8GB,G.Skill,RAM,20528.0,4,488,4.0,25464,97151
3789,G.Skill DDR5 8GB,G.Skill,RAM,2114.0,3,755,4.6,80556,39354
3790,Corsair DDR5 16GB,Corsair,RAM,9548.0,39,181,4.1,26328,282556
3791,Kingston DDR5 16GB,Kingston,RAM,11260.0,37,227,4.8,12284,45631
3792,Crucial DDR5 8GB,Crucial,RAM,24268.0,33,147,3.6,2797,488612
3793,Crucial DDR5 64GB,Crucial,RAM,23096.0,25,113,3.6,52435,147417
3794,Crucial DDR5 8GB,Crucial,RAM,17032.0,18,223,5.0,17023,205055
3795,G.Skill DDR5 8GB,G.Skill,RAM,1982.0,11,204,4.4,29929,242860
3796,G.Skill DDR5 64GB,G.Skill,RAM,4453.0,9,877,4.2,55795,345624
3797,Kingston DDR5 8GB,Kingston,RAM,8236.0,26,117,5.0,25992,412452
3798,Corsair DDR5 32GB,Corsair,RAM,10777.0,8,961,4.6,57062,157213
3799,Kingston DDR5 8GB,Kingston,RAM,14249.0,47,201,4.0,37720,61076
3800,Crucial DDR5 16GB,Crucial,RAM,16701.0,23,488,4.2,50913,274490
3801,Crucial DDR5 8GB,Crucial,RAM,15327.0,16,618,4.8,27329,414308
3802,G.Skill DDR5 16GB,G.Skill,RAM,21936.0,27,828,5.0,36375,461473
3803,Corsair DDR5 64GB,Corsair,RAM,12241.0,35,451,4.8,13128,268324
3804,Corsair DDR5 8GB,Corsair,RAM,28890.0,36,193,4.8,81238,322797
3805,Kingston DDR5 32GB,Kingston,RAM,24350.0,35,224,3.8,22121,150586
3806,Crucial DDR5 32GB,Crucial,RAM,10236.0,31,172,4.7,10203,403058
3807,Kingston DDR5 32GB,Kingston,RAM,12816.0,12,513,4.1,43950,417501
3808,Crucial DDR5 32GB,Crucial,RAM,16200.0,22,895,4.4,1422,86873
3809,G.Skill DDR5 32GB,G.Skill,RAM,25923.0,26,572,3.8,99764,71830
3810,Corsair DDR5 32GB,Corsair,RAM,24051.0,27,751,4.2,25943,270484
3811,G.Skill DDR5 8GB,G.Skill,RAM,22892.0,21,232,3.5,431,312376
3812,G.Skill DDR5 32GB,G.Skill,RAM,17284.0,5,400,4.6,35126,91525
3813,G.Skill DDR5 16GB,G.Skill,RAM,12027.0,2,595,4.7,79099,8490
3814,Kingston DDR5 64GB,Kingston,RAM,18986.0,3,312,3.6,88085,224149
3815,Crucial DDR5 64GB,Crucial,RAM,25651.0,32,979,3.6,29124,238971
3816,G.Skill DDR5 32GB,G.Skill,RAM,8455.0,24,84,4.2,51938,381646
3817,Crucial DDR5 32GB,Crucial,RAM,15119.0,29,134,3.9,54286,445262
3818,Crucial DDR5 16GB,Crucial,RAM,14742.0,42,304,4.3,8810,192903
3819,Corsair DDR5 32GB,Corsair,RAM,28254.0,2,960,4.3,79823,299601
3820,Corsair DDR5 16GB,Corsair,RAM,16337.0,36,863,4.2,91207,87623
3821,Corsair DDR5 8GB,Corsair,RAM,26963.0,44,465,4.3,43856,21600
3822,Crucial DDR5 8GB,Crucial,RAM,11004.0,48,903,5.0,47633,216052
3823,Crucial DDR5 8GB,Crucial,RAM,12557.0,15,454,4.8,29880,370188
3824,G.Skill DDR5 64GB,G.Skill,RAM,20903.0,25,494,4.3,27702,14281
3825,Crucial DDR5 16GB,Crucial,RAM,2229.0,50,908,4.7,61745,367543
3826,Corsair DDR5 16GB,Corsair,RAM,7497.0,30,933,4.6,55142,215221
3827,G.Skill DDR5 8GB,G.Skill,RAM,21629.0,32,662,3.5,67105,237142
3828,Crucial DDR5 32GB,Crucial,RAM,8644.0,38,827,4.3,43196,354651
3829,Corsair DDR5 64GB,Corsair,RAM,16924.0,13,311,4.6,75067,217527
3830,Kingston DDR5 64GB,Kingston,RAM,14600.0,40,330,3.5,41286,418911
3831,Corsair DDR5 32GB,Corsair,RAM,20210.0,29,60,3.7,15469,364201
3832,G.Skill DDR5 64GB,G.Skill,RAM,26567.0,25,699,4.6,10200,285871
3833,Crucial DDR5 8GB,Crucial,RAM,14840.0,3,780,4.1,24496,439944
3834,Corsair DDR5 64GB,Corsair,RAM,26502.0,0,485,3.7,88636,470026
3835,Kingston DDR5 16GB,Kingston,RAM,26624.0,43,580,4.8,80712,42091
3836,Kingston DDR5 64GB,Kingston,RAM,5432.0,20,988,4.3,54887,368374
3837,Kingston DDR5 16GB,Kingston,RAM,16692.0,0,546,3.6,96680,479519
3838,Crucial DDR5 32GB,Crucial,RAM,21512.0,18,161,3.9,53123,308020
3839,Corsair DDR5 16GB,Corsair,RAM,25026.0,42,240,4.5,70207,360266
3840,Corsair DDR5 16GB,Corsair,RAM,12209.0,44,19,4.0,83861,315461
3841,Corsair DDR5 32GB,Corsair,RAM,13256.0,28,27,4.7,80028,219539
3842,Crucial DDR5 16GB,Crucial,RAM,3581.0,12,2,4.4,70606,230361
3843,G.Skill DDR5 32GB,G.Skill,RAM,21398.0,35,934,4.3,35603,121734
3844,G.Skill DDR5 16GB,G.Skill,RAM,28098.0,44,694,3.6,19238,410517
3845,Corsair DDR5 64GB,Corsair,RAM,25246.0,32,880,4.3,54311,247289
3846,Corsair DDR5 64GB,Corsair,RAM,22275.0,42,227,4.1,84013,142223
3847,Corsair DDR5 32GB,Corsair,RAM,22641.0,3,105,4.3,99048,397837
3848,Crucial DDR5 32GB,Crucial,RAM,26809.0,9,922,4.4,94737,345170
3849,Corsair DDR5 32GB,Corsair,RAM,1548.0,2,117,3.8,58830,406271
3850,Crucial DDR5 8GB,Crucial,RAM,21130.0,19,43,5.0,54046,330826
3851,Crucial DDR5 8GB,Crucial,RAM,8171.0,2,530,3.5,82467,282912
3852,Corsair DDR5 64GB,Corsair,RAM,6721.0,38,968,4.1,69306,86924
3853,Crucial DDR5 16GB,Crucial,RAM,22841.0,19,862,4.8,38805,436791
3854,G.Skill DDR5 8GB,G.Skill,RAM,23143.0,33,519,4.8,59994,77330
3855,G.Skill DDR5 16GB,G.Skill,RAM,22523.0,5,77,4.5,82761,144599
3856,Crucial DDR5 8GB,Crucial,RAM,15360.0,46,614,4.9,89849,58994
3857,Crucial DDR5 8GB,Crucial,RAM,7119.0,8,15,4.7,53244,205575
3858,Corsair DDR5 16GB,Corsair,RAM,29047.0,29,58,3.5,81916,63039
3859,Kingston DDR5 64GB,Kingston,RAM,7877.0,17,223,4.5,34686,147220
3860,G.Skill DDR5 64GB,G.Skill,RAM,22150.0,21,534,4.5,84148,132787
3861,Crucial DDR5 8GB,Crucial,RAM,4161.0,18,829,3.8,96450,391417
3862,Kingston DDR5 32GB,Kingston,RAM,6818.0,26,610,4.5,49022,112795
3863,Corsair DDR5 8GB,Corsair,RAM,6618.0,15,9,4.9,60110,191062
3864,Kingston DDR5 32GB,Kingston,RAM,20173.0,15,624,4.2,92312,30927
3865,Crucial DDR5 64GB,Crucial,RAM,1525.0,15,384,3.7,98866,154054
3866,G.Skill DDR5 16GB,G.Skill,RAM,29171.0,2,360,4.6,90411,161758
3867,G.Skill DDR5 16GB,G.Skill,RAM,24385.0,48,81,4.6,33543,262890
3868,Crucial DDR5 32GB,Crucial,RAM,27022.0,15,894,4.9,89095,8629
3869,Crucial DDR5 32GB,Crucial,RAM,29038.0,9,121,4.8,66859,286772
3870,G.Skill DDR5 64GB,G.Skill,RAM,17831.0,45,409,3.9,48433,145036
3871,Crucial DDR5 16GB,Crucial,RAM,7974.0,2,390,4.9,30264,224436
3872,Crucial DDR5 64GB,Crucial,RAM,21302.0,18,599,4.7,69339,213879
3873,Corsair DDR5 16GB,Corsair,RAM,13716.0,31,991,4.4,74320,428231
3874,Kingston DDR5 16GB,Kingston,RAM,26026.0,38,537,3.6,33639,97615
3875,Crucial DDR5 16GB,Crucial,RAM,6932.0,8,11,4.9,73892,325097
3876,Crucial DDR5 64GB,Crucial,RAM,14546.0,36,597,3.6,59478,497454
3877,Crucial DDR5 16GB,Crucial,RAM,7697.0,37,930,4.8,49418,320058
3878,Kingston DDR5 16GB,Kingston,RAM,8556.0,30,885,4.0,72472,385348
3879,Crucial DDR5 64GB,Crucial,RAM,24769.0,23,938,4.2,80083,98294
3880,Crucial DDR5 8GB,Crucial,RAM,11366.0,11,50,3.7,33408,275451
3881,G.Skill DDR5 16GB,G.Skill,RAM,4634.0,47,194,4.0,79062,276861
3882,Corsair DDR5 16GB,Corsair,RAM,5630.0,4,296,4.1,3854,2416
3883,G.Skill DDR5 8GB,G.Skill,RAM,22876.0,25,150,5.0,91550,244633
3884,Corsair DDR5 32GB,Corsair,RAM,25787.0,2,891,4.5,29740,447268
3885,G.Skill DDR5 8GB,G.Skill,RAM,8634.0,33,831,4.0,2196,107120
3886,Crucial DDR5 32GB,Crucial,RAM,6490.0,8,33,4.9,71256,246555
3887,Crucial DDR5 32GB,Crucial,RAM,28789.0,47,804,4.5,38954,83864
3888,Kingston DDR5 32GB,Kingston,RAM,1872.0,9,56,4.0,92995,340344
3889,Kingston DDR5 16GB,Kingston,RAM,12537.0,31,436,4.7,4070,299063
3890,Crucial DDR5 8GB,Crucial,RAM,21894.0,39,410,4.9,73239,474970
3891,Kingston DDR5 8GB,Kingston,RAM,22767.0,34,134,5.0,48509,211020
3892,Corsair DDR5 8GB,Corsair,RAM,17027.0,0,459,4.5,32254,329325
3893,Crucial DDR5 64GB,Crucial,RAM,4793.0,21,491,4.9,56451,299925
3894,Kingston DDR5 32GB,Kingston,RAM,29338.0,50,961,4.8,40592,130075
3895,G.Skill DDR5 64GB,G.Skill,RAM,9941.0,14,987,3.7,21422,166817
3896,Corsair DDR5 16GB,Corsair,RAM,17299.0,25,99,4.5,41395,445965
3897,Corsair DDR5 8GB,Corsair,RAM,17759.0,10,75,4.2,25759,336883
3898,Crucial DDR5 32GB,Crucial,RAM,3535.0,36,780,3.8,11303,397284
3899,Kingston DDR5 8GB,Kingston,RAM,6304.0,37,611,4.5,81538,390280
3900,Corsair DDR5 16GB,Corsair,RAM,18396.0,2,194,4.2,27530,241074
3901,G.Skill DDR5 16GB,G.Skill,RAM,28054.0,28,293,3.9,40709,144311
3902,Corsair DDR5 32GB,Corsair,RAM,17667.0,34,425,4.1,58196,393207
3903,Kingston DDR5 16GB,Kingston,RAM,11828.0,30,423,5.0,683,362817
3904,G.Skill DDR5 8GB,G.Skill,RAM,26973.0,30,644,4.6,9354,412414
3905,Corsair DDR5 32GB,Corsair,RAM,4443.0,10,884,4.2,31322,344772
3906,G.Skill DDR5 8GB,G.Skill,RAM,10281.0,2,619,4.0,25252,134209
3907,Corsair DDR5 32GB,Corsair,RAM,18175.0,47,80,3.5,45402,285631
3908,Corsair DDR5 32GB,Corsair,RAM,28866.0,39,401,4.2,35563,376703
3909,G.Skill DDR5 16GB,G.Skill,RAM,21235.0,41,503,4.5,52225,24684
3910,Crucial DDR5 8GB,Crucial,RAM,3157.0,0,734,3.9,77058,128985
3911,G.Skill DDR5 32GB,G.Skill,RAM,11715.0,48,254,3.7,36224,9733
3912,Kingston DDR5 16GB,Kingston,RAM,4168.0,13,602,4.7,3173,357125
3913,Crucial DDR5 64GB,Crucial,RAM,26696.0,2,244,3.7,96795,383556
3914,G.Skill DDR5 64GB,G.Skill,RAM,23929.0,47,21,4.9,82368,363627
3915,Crucial DDR5 8GB,Crucial,RAM,6466.0,44,346,4.1,20647,318909
3916,Corsair DDR5 64GB,Corsair,RAM,10756.0,13,887,4.5,92978,314836
3917,Kingston DDR5 16GB,Kingston,RAM,12724.0,3,954,4.6,17331,105003
3918,Kingston DDR5 64GB,Kingston,RAM,11329.0,32,921,3.9,2718,263888
3919,Corsair DDR5 64GB,Corsair,RAM,17470.0,35,494,3.6,94360,317356
3920,Corsair DDR5 16GB,Corsair,RAM,2844.0,38,716,5.0,93810,61695
3921,Corsair DDR5 32GB,Corsair,RAM,29865.0,43,876,3.8,12052,104796
3922,Kingston DDR5 64GB,Kingston,RAM,13905.0,17,566,3.7,43956,281702
3923,G.Skill DDR5 8GB,G.Skill,RAM,12736.0,11,673,3.7,52352,126437
3924,Corsair DDR5 8GB,Corsair,RAM,20964.0,29,817,4.5,4249,154905
3925,Kingston DDR5 16GB,Kingston,RAM,2092.0,30,694,4.0,78734,474572
3926,Corsair DDR5 64GB,Corsair,RAM,17143.0,17,303,4.9,47636,372956
3927,Crucial DDR5 8GB,Crucial,RAM,29796.0,8,940,4.3,88996,405152
3928,Kingston DDR5 8GB,Kingston,RAM,16042.0,47,75,4.6,37925,204782
3929,G.Skill DDR5 16GB,G.Skill,RAM,20393.0,24,417,3.9,63700,421578
3930,Kingston DDR5 64GB,Kingston,RAM,7391.0,36,384,3.9,92169,398005
3931,Corsair DDR5 32GB,Corsair,RAM,9105.0,24,75,5.0,18080,392812
3932,G.Skill DDR5 8GB,G.Skill,RAM,5751.0,28,6,4.1,72823,475742
3933,Kingston DDR5 64GB,Kingston,RAM,18438.0,3,402,4.1,43348,486705
3934,Kingston DDR5 8GB,Kingston,RAM,14483.0,0,379,4.1,56891,434857
3935,Corsair DDR5 16GB,Corsair,RAM,25451.0,41,648,4.3,84036,46095
3936,Crucial DDR5 32GB,Crucial,RAM,28940.0,7,11,3.5,71446,308259
3937,Kingston DDR5 8GB,Kingston,RAM,20910.0,47,242,3.7,21624,30876
3938,Corsair DDR5 16GB,Corsair,RAM,13454.0,21,161,3.7,79742,137616
3939,Kingston DDR5 64GB,Kingston,RAM,26304.0,38,375,4.1,61284,365064
3940,Kingston DDR5 8GB,Kingston,RAM,20324.0,2,50,4.5,24477,205842
3941,Crucial DDR5 8GB,Crucial,RAM,5859.0,31,956,4.8,60757,182980
3942,G.Skill DDR5 32GB,G.Skill,RAM,9947.0,8,44,4.7,82606,309710
3943,G.Skill DDR5 32GB,G.Skill,RAM,25983.0,44,292,4.3,79305,147695
3944,G.Skill DDR5 16GB,G.Skill,RAM,18336.0,40,574,3.6,73074,8640
3945,Corsair DDR5 64GB,Corsair,RAM,12898.0,18,907,4.4,69398,110914
3946,G.Skill DDR5 32GB,G.Skill,RAM,14546.0,10,611,5.0,20575,454634
3947,G.Skill DDR5 16GB,G.Skill,RAM,5541.0,20,716,4.2,64896,27537
3948,Crucial DDR5 64GB,Crucial,RAM,1895.0,26,860,3.9,53538,53865
3949,Kingston DDR5 32GB,Kingston,RAM,19252.0,18,459,4.1,58683,5597
3950,Kingston DDR5 64GB,Kingston,RAM,14807.0,4,374,3.5,25797,185341
3951,G.Skill DDR5 8GB,G.Skill,RAM,3826.0,0,69,4.1,26099,357085
3952,Crucial DDR5 16GB,Crucial,RAM,23762.0,31,828,4.6,11828,221957
3953,Corsair DDR5 32GB,Corsair,RAM,15368.0,36,63,3.6,69027,230806
3954,G.Skill DDR5 16GB,G.Skill,RAM,7373.0,15,604,3.9,9847,109775
3955,G.Skill DDR5 32GB,G.Skill,RAM,15994.0,24,991,4.4,7430,372163
3956,G.Skill DDR5 32GB,G.Skill,RAM,8505.0,29,597,3.6,41936,364163
3957,Corsair DDR5 32GB,Corsair,RAM,25180.0,47,81,4.2,75070,489562
3958,Crucial DDR5 64GB,Crucial,RAM,25866.0,37,219,4.9,94185,212235
3959,Crucial DDR5 32GB,Crucial,RAM,14225.0,12,902,4.8,72588,123334
3960,G.Skill DDR5 64GB,G.Skill,RAM,10145.0,25,560,4.4,73353,241275
3961,Corsair DDR5 32GB,Corsair,RAM,24000.0,47,710,4.2,24354,127442
3962,Crucial DDR5 64GB,Crucial,RAM,27756.0,15,876,4.6,71059,139224
3963,Corsair DDR5 8GB,Corsair,RAM,19970.0,23,442,3.8,3356,316492
3964,Crucial DDR5 16GB,Crucial,RAM,8611.0,45,618,3.8,18839,361965
3965,Crucial DDR5 16GB,Crucial,RAM,27260.0,25,296,4.5,27578,296596
3966,G.Skill DDR5 8GB,G.Skill,RAM,7596.0,15,781,4.8,17491,169004
3967,Kingston DDR5 64GB,Kingston,RAM,27842.0,39,880,4.8,60327,197264
3968,Kingston DDR5 32GB,Kingston,RAM,6917.0,45,163,4.2,31042,326180
3969,Kingston DDR5 32GB,Kingston,RAM,22855.0,43,186,3.7,17922,125037
3970,Corsair DDR5 8GB,Corsair,RAM,9736.0,27,631,4.5,27,34314
3971,Kingston DDR5 16GB,Kingston,RAM,26441.0,18,141,4.7,67677,146324
3972,Kingston DDR5 32GB,Kingston,RAM,17708.0,33,152,4.5,79262,309948
3973,Corsair DDR5 64GB,Corsair,RAM,12359.0,17,706,4.7,11033,172200
3974,G.Skill DDR5 16GB,G.Skill,RAM,14246.0,27,582,3.6,58017,169763
3975,Corsair DDR5 16GB,Corsair,RAM,19558.0,0,733,4.9,16304,15542
3976,Crucial DDR5 32GB,Crucial,RAM,9556.0,49,776,3.8,20290,96728
3977,Crucial DDR5 16GB,Crucial,RAM,5703.0,13,208,4.2,61278,244870
3978,Corsair DDR5 64GB,Corsair,RAM,25288.0,25,950,4.3,4436,208989
3979,G.Skill DDR5 64GB,G.Skill,RAM,2426.0,13,571,4.9,58068,1908
3980,G.Skill DDR5 8GB,G.Skill,RAM,9300.0,39,320,4.1,4538,175766
3981,Kingston DDR5 32GB,Kingston,RAM,5932.0,2,655,4.4,11126,381742
3982,Crucial DDR5 32GB,Crucial,RAM,25352.0,1,691,3.6,65029,141788
3983,Crucial DDR5 64GB,Crucial,RAM,27108.0,27,464,4.6,66376,87658
3984,Crucial DDR5 16GB,Crucial,RAM,13665.0,27,850,4.4,327,441475
3985,Kingston DDR5 8GB,Kingston,RAM,29115.0,12,824,3.6,92623,212351
3986,G.Skill DDR5 64GB,G.Skill,RAM,27565.0,4,289,3.9,53962,382268
3987,Crucial DDR5 32GB,Crucial,RAM,11823.0,13,106,4.4,84641,307436
3988,Kingston DDR5 64GB,Kingston,RAM,26028.0,17,862,4.4,71009,371331
3989,Corsair DDR5 32GB,Corsair,RAM,21119.0,2,603,4.9,66343,224101
3990,G.Skill DDR5 32GB,G.Skill,RAM,1965.0,42,212,4.8,78288,368255
3991,Kingston DDR5 64GB,Kingston,RAM,26897.0,8,134,4.8,38885,113596
3992,Kingston DDR5 32GB,Kingston,RAM,13984.0,45,561,3.7,13227,82386
3993,Corsair DDR5 8GB,Corsair,RAM,12298.0,21,233,4.4,73722,489148
3994,G.Skill DDR5 8GB,G.Skill,RAM,1633.0,28,447,4.5,23924,359266
3995,Kingston DDR5 16GB,Kingston,RAM,7827.0,19,961,4.7,69616,368778
3996,Crucial DDR5 32GB,Crucial,RAM,7156.0,21,407,4.7,83499,84833
3997,Crucial DDR5 64GB,Crucial,RAM,3604.0,9,930,4.8,65701,276061
3998,Kingston DDR5 16GB,Kingston,RAM,16253.0,30,59,4.3,71580,340327
3999,G.Skill DDR5 32GB,G.Skill,RAM,3708.0,44,78,4.1,6494,201646
4000,Kingston DDR5 32GB,Kingston,RAM,20359.0,29,765,4.5,52545,160504
4001,Noise Smart Watch,Noise,Smartwatch,27651.0,32,438,3.5,89066,170266
4002,Boat Smart Watch,Boat,Smartwatch,42863.0,43,554,3.9,50711,101181
4003,Samsung Smart Watch,Samsung,Smartwatch,2242.0,12,404,4.8,58307,80927
4004,Apple Smart Watch,Apple,Smartwatch,5322.0,9,427,4.8,7789,301004
4005,Apple Smart Watch,Apple,Smartwatch,27178.0,26,330,4.1,981,51981
4006,Noise Smart Watch,Noise,Smartwatch,22883.0,26,973,4.6,89713,265687
4007,Noise Smart Watch,Noise,Smartwatch,23662.0,25,330,4.2,68526,496612
4008,Noise Smart Watch,Noise,Smartwatch,25492.0,11,260,4.8,46155,52463
4009,Boat Smart Watch,Boat,Smartwatch,30242.0,24,536,3.9,907,27521
4010,Boat Smart Watch,Boat,Smartwatch,24123.0,33,876,4.3,54395,423911
4011,Samsung Smart Watch,Samsung,Smartwatch,21082.0,26,391,4.5,46856,37477
4012,Noise Smart Watch,Noise,Smartwatch,18734.0,16,882,4.0,20182,91915
4013,Noise Smart Watch,Noise,Smartwatch,19040.0,39,483,3.6,67157,308763
4014,Noise Smart Watch,Noise,Smartwatch,2323.0,33,416,3.7,26449,105791
4015,Boat Smart Watch,Boat,Smartwatch,3113.0,20,840,4.3,30599,438665
4016,Boat Smart Watch,Boat,Smartwatch,4745.0,15,418,4.6,59337,10522
4017,Samsung Smart Watch,Samsung,Smartwatch,4987.0,17,157,4.8,39108,424715
4018,Samsung Smart Watch,Samsung,Smartwatch,35599.0,2,816,4.5,7974,90989
4019,Noise Smart Watch,Noise,Smartwatch,49927.0,34,228,3.6,80155,385915
4020,Apple Smart Watch,Apple,Smartwatch,41892.0,4,217,4.7,36445,391589
4021,Noise Smart Watch,Noise,Smartwatch,45776.0,27,653,4.4,76540,403884
4022,Apple Smart Watch,Apple,Smartwatch,41806.0,36,898,4.2,63552,455185
4023,Boat Smart Watch,Boat,Smartwatch,10842.0,35,275,4.8,44133,80240
4024,Apple Smart Watch,Apple,Smartwatch,15745.0,33,13,4.0,79884,141815
4025,Noise Smart Watch,Noise,Smartwatch,22825.0,22,771,4.9,60832,107392
4026,Boat Smart Watch,Boat,Smartwatch,47305.0,36,329,4.2,66783,7524
4027,Boat Smart Watch,Boat,Smartwatch,43957.0,16,693,4.5,29209,300536
4028,Apple Smart Watch,Apple,Smartwatch,24071.0,35,46,4.4,82314,399223
4029,Samsung Smart Watch,Samsung,Smartwatch,45113.0,45,631,5.0,152,88487
4030,Noise Smart Watch,Noise,Smartwatch,19712.0,14,992,3.7,5815,420280
4031,Apple Smart Watch,Apple,Smartwatch,25184.0,8,340,4.9,78714,399977
4032,Noise Smart Watch,Noise,Smartwatch,42011.0,12,864,4.8,2311,245804
4033,Noise Smart Watch,Noise,Smartwatch,12064.0,47,450,3.6,12641,295547
4034,Boat Smart Watch,Boat,Smartwatch,32878.0,23,624,3.9,57260,241417
4035,Noise Smart Watch,Noise,Smartwatch,9450.0,27,755,4.5,8751,269314
4036,Noise Smart Watch,Noise,Smartwatch,47005.0,0,512,4.3,20846,105726
4037,Samsung Smart Watch,Samsung,Smartwatch,41739.0,25,713,4.0,84077,272729
4038,Noise Smart Watch,Noise,Smartwatch,8948.0,41,784,4.4,20873,128389
4039,Samsung Smart Watch,Samsung,Smartwatch,13030.0,47,658,5.0,56287,16420
4040,Noise Smart Watch,Noise,Smartwatch,49354.0,48,286,4.3,93914,326579
4041,Samsung Smart Watch,Samsung,Smartwatch,32097.0,33,214,4.1,62998,153472
4042,Apple Smart Watch,Apple,Smartwatch,31062.0,25,186,3.8,336,201399
4043,Samsung Smart Watch,Samsung,Smartwatch,45070.0,23,94,4.9,89320,45425
4044,Apple Smart Watch,Apple,Smartwatch,32719.0,49,150,4.3,19615,154713
4045,Boat Smart Watch,Boat,Smartwatch,25711.0,26,637,4.7,73820,163892
4046,Apple Smart Watch,Apple,Smartwatch,29551.0,29,742,4.9,30886,70101
4047,Samsung Smart Watch,Samsung,Smartwatch,16422.0,39,514,4.5,15613,236192
4048,Apple Smart Watch,Apple,Smartwatch,11928.0,43,847,4.8,29894,247315
4049,Apple Smart Watch,Apple,Smartwatch,4353.0,17,893,4.6,56162,165962
4050,Boat Smart Watch,Boat,Smartwatch,5645.0,29,457,4.5,72386,147198
4051,Noise Smart Watch,Noise,Smartwatch,48089.0,28,430,3.9,82207,414844
4052,Boat Smart Watch,Boat,Smartwatch,22575.0,4,838,4.0,77781,275262
4053,Apple Smart Watch,Apple,Smartwatch,31650.0,4,361,4.6,60666,269682
4054,Apple Smart Watch,Apple,Smartwatch,22998.0,37,309,4.2,7622,292561
4055,Noise Smart Watch,Noise,Smartwatch,35418.0,40,399,5.0,99900,373501
4056,Samsung Smart Watch,Samsung,Smartwatch,28541.0,16,563,4.7,27547,265142
4057,Boat Smart Watch,Boat,Smartwatch,28936.0,9,982,3.8,3005,451640
4058,Apple Smart Watch,Apple,Smartwatch,46908.0,15,607,4.2,10400,79234
4059,Boat Smart Watch,Boat,Smartwatch,46646.0,40,805,3.7,15019,490652
4060,Apple Smart Watch,Apple,Smartwatch,43421.0,35,899,4.8,96770,46350
4061,Apple Smart Watch,Apple,Smartwatch,12137.0,34,535,4.9,84818,413821
4062,Boat Smart Watch,Boat,Smartwatch,44969.0,49,137,4.7,12893,267876
4063,Apple Smart Watch,Apple,Smartwatch,44523.0,25,397,4.7,933,480037
4064,Apple Smart Watch,Apple,Smartwatch,9760.0,14,492,3.6,76836,69282
4065,Samsung Smart Watch,Samsung,Smartwatch,40632.0,38,914,4.3,50816,290177
4066,Samsung Smart Watch,Samsung,Smartwatch,16673.0,42,952,3.9,92604,268210
4067,Boat Smart Watch,Boat,Smartwatch,45342.0,2,248,4.0,59532,483137
4068,Noise Smart Watch,Noise,Smartwatch,4899.0,32,628,4.1,42988,241399
4069,Boat Smart Watch,Boat,Smartwatch,35984.0,21,362,4.7,29538,100243
4070,Boat Smart Watch,Boat,Smartwatch,2869.0,47,103,4.7,57977,123897
4071,Samsung Smart Watch,Samsung,Smartwatch,45135.0,20,337,4.8,28586,52607
4072,Noise Smart Watch,Noise,Smartwatch,43426.0,43,926,3.6,41729,230775
4073,Apple Smart Watch,Apple,Smartwatch,25427.0,30,632,3.7,12280,275245
4074,Samsung Smart Watch,Samsung,Smartwatch,35854.0,2,318,3.9,36730,138201
4075,Noise Smart Watch,Noise,Smartwatch,35364.0,19,65,4.3,13729,40129
4076,Noise Smart Watch,Noise,Smartwatch,33679.0,44,104,4.9,85390,482311
4077,Samsung Smart Watch,Samsung,Smartwatch,16864.0,3,203,5.0,42307,446180
4078,Boat Smart Watch,Boat,Smartwatch,37111.0,40,768,5.0,14930,170126
4079,Boat Smart Watch,Boat,Smartwatch,36984.0,37,654,4.4,97482,19747
4080,Boat Smart Watch,Boat,Smartwatch,31513.0,9,237,4.4,70490,28116
4081,Noise Smart Watch,Noise,Smartwatch,43127.0,18,269,3.9,55892,268733
4082,Boat Smart Watch,Boat,Smartwatch,33000.0,48,237,4.4,38472,13070
4083,Boat Smart Watch,Boat,Smartwatch,49554.0,1,67,4.8,39090,427081
4084,Boat Smart Watch,Boat,Smartwatch,16282.0,30,223,4.9,80377,167504
4085,Boat Smart Watch,Boat,Smartwatch,35163.0,37,967,4.5,15610,186257
4086,Boat Smart Watch,Boat,Smartwatch,25989.0,45,685,4.2,21003,315417
4087,Samsung Smart Watch,Samsung,Smartwatch,45420.0,25,984,4.2,13701,266985
4088,Samsung Smart Watch,Samsung,Smartwatch,48574.0,5,339,3.6,74057,435188
4089,Noise Smart Watch,Noise,Smartwatch,48217.0,14,232,4.5,84228,85914
4090,Samsung Smart Watch,Samsung,Smartwatch,21666.0,4,563,3.6,96529,195579
4091,Noise Smart Watch,Noise,Smartwatch,43079.0,37,443,4.6,70466,129829
4092,Boat Smart Watch,Boat,Smartwatch,3570.0,18,813,4.9,27181,157329
4093,Boat Smart Watch,Boat,Smartwatch,32863.0,46,125,4.6,50967,92734
4094,Noise Smart Watch,Noise,Smartwatch,43431.0,41,84,4.4,71414,148701
4095,Boat Smart Watch,Boat,Smartwatch,19546.0,27,65,4.6,79932,60343
4096,Boat Smart Watch,Boat,Smartwatch,2192.0,10,78,4.0,21186,470679
4097,Apple Smart Watch,Apple,Smartwatch,28508.0,18,912,4.3,9421,338543
4098,Apple Smart Watch,Apple,Smartwatch,16937.0,17,683,4.7,39312,439336
4099,Boat Smart Watch,Boat,Smartwatch,27336.0,37,261,4.5,7687,369845
4100,Samsung Smart Watch,Samsung,Smartwatch,47481.0,1,753,4.2,58959,150990
4101,Samsung Smart Watch,Samsung,Smartwatch,40763.0,25,295,4.7,16443,281125
4102,Samsung Smart Watch,Samsung,Smartwatch,15191.0,9,434,4.7,3768,425773
4103,Noise Smart Watch,Noise,Smartwatch,3937.0,24,724,4.4,84657,306883
4104,Samsung Smart Watch,Samsung,Smartwatch,9639.0,24,463,4.3,24731,218002
4105,Boat Smart Watch,Boat,Smartwatch,10068.0,26,445,4.4,49496,217935
4106,Apple Smart Watch,Apple,Smartwatch,2098.0,25,937,3.7,41094,391536
4107,Samsung Smart Watch,Samsung,Smartwatch,20211.0,50,869,3.8,4213,70578
4108,Samsung Smart Watch,Samsung,Smartwatch,10758.0,39,602,4.5,28869,140957
4109,Apple Smart Watch,Apple,Smartwatch,6742.0,28,995,4.8,27372,380312
4110,Boat Smart Watch,Boat,Smartwatch,38289.0,22,632,3.8,55188,256069
4111,Apple Smart Watch,Apple,Smartwatch,8146.0,4,335,4.2,59299,322153
4112,Samsung Smart Watch,Samsung,Smartwatch,43658.0,17,300,4.0,52911,63170
4113,Apple Smart Watch,Apple,Smartwatch,42421.0,22,64,3.7,32163,407400
4114,Boat Smart Watch,Boat,Smartwatch,21925.0,19,143,4.8,47260,227788
4115,Boat Smart Watch,Boat,Smartwatch,5443.0,31,769,3.7,50306,129249
4116,Samsung Smart Watch,Samsung,Smartwatch,26878.0,50,768,3.8,74407,306575
4117,Noise Smart Watch,Noise,Smartwatch,44129.0,21,364,4.1,80270,332344
4118,Samsung Smart Watch,Samsung,Smartwatch,43901.0,24,871,3.8,89834,230090
4119,Noise Smart Watch,Noise,Smartwatch,8073.0,13,949,3.9,5905,13902
4120,Noise Smart Watch,Noise,Smartwatch,2162.0,21,351,5.0,97390,420359
4121,Apple Smart Watch,Apple,Smartwatch,49750.0,50,991,4.6,27310,436173
4122,Noise Smart Watch,Noise,Smartwatch,20910.0,35,408,4.9,33540,458854
4123,Boat Smart Watch,Boat,Smartwatch,11219.0,36,0,3.8,70257,120001
4124,Noise Smart Watch,Noise,Smartwatch,32724.0,16,947,4.6,30605,34757
4125,Noise Smart Watch,Noise,Smartwatch,20087.0,5,382,4.1,96863,364876
4126,Boat Smart Watch,Boat,Smartwatch,21163.0,22,95,4.4,25958,78122
4127,Apple Smart Watch,Apple,Smartwatch,19086.0,33,529,4.5,77127,240217
4128,Boat Smart Watch,Boat,Smartwatch,40643.0,8,895,4.7,28014,33406
4129,Apple Smart Watch,Apple,Smartwatch,20973.0,15,451,3.5,42245,149739
4130,Boat Smart Watch,Boat,Smartwatch,44639.0,12,53,4.2,12430,269496
4131,Noise Smart Watch,Noise,Smartwatch,34902.0,44,548,3.6,13104,379205
4132,Boat Smart Watch,Boat,Smartwatch,17938.0,5,332,3.6,27027,305391
4133,Apple Smart Watch,Apple,Smartwatch,6254.0,34,422,3.9,56781,252482
4134,Samsung Smart Watch,Samsung,Smartwatch,43373.0,35,79,3.7,1947,254843
4135,Boat Smart Watch,Boat,Smartwatch,8377.0,40,537,3.6,88010,212640
4136,Noise Smart Watch,Noise,Smartwatch,29737.0,29,859,4.0,43351,399075
4137,Apple Smart Watch,Apple,Smartwatch,28643.0,0,146,4.5,85429,439376
4138,Boat Smart Watch,Boat,Smartwatch,39892.0,46,73,4.5,32042,484803
4139,Noise Smart Watch,Noise,Smartwatch,19254.0,0,413,3.8,97402,102952
4140,Apple Smart Watch,Apple,Smartwatch,5459.0,32,442,3.8,7118,97103
4141,Noise Smart Watch,Noise,Smartwatch,44403.0,44,19,4.5,43937,477177
4142,Noise Smart Watch,Noise,Smartwatch,11050.0,6,296,3.8,97121,50209
4143,Samsung Smart Watch,Samsung,Smartwatch,3789.0,6,322,4.1,62976,19324
4144,Apple Smart Watch,Apple,Smartwatch,18783.0,9,19,4.0,77188,297051
4145,Apple Smart Watch,Apple,Smartwatch,28332.0,47,531,4.1,32758,108001
4146,Samsung Smart Watch,Samsung,Smartwatch,10436.0,2,32,3.7,17918,145786
4147,Noise Smart Watch,Noise,Smartwatch,17211.0,11,680,4.8,76963,68515
4148,Samsung Smart Watch,Samsung,Smartwatch,5092.0,1,97,4.1,18338,343516
4149,Apple Smart Watch,Apple,Smartwatch,6949.0,34,314,3.7,27238,134331
4150,Samsung Smart Watch,Samsung,Smartwatch,16655.0,41,178,4.4,25233,119545
4151,Noise Smart Watch,Noise,Smartwatch,13897.0,13,162,4.3,15311,417751
4152,Samsung Smart Watch,Samsung,Smartwatch,41171.0,18,341,3.9,53975,356235
4153,Samsung Smart Watch,Samsung,Smartwatch,16193.0,19,791,4.0,65624,209672
4154,Noise Smart Watch,Noise,Smartwatch,41938.0,16,597,4.2,662,90939
4155,Boat Smart Watch,Boat,Smartwatch,30141.0,3,747,3.8,22799,390916
4156,Noise Smart Watch,Noise,Smartwatch,18221.0,42,484,4.2,59492,333891
4157,Samsung Smart Watch,Samsung,Smartwatch,20135.0,40,369,4.5,72118,334058
4158,Samsung Smart Watch,Samsung,Smartwatch,42752.0,25,854,4.2,30425,186857
4159,Apple Smart Watch,Apple,Smartwatch,23928.0,23,833,4.5,50295,212061
4160,Noise Smart Watch,Noise,Smartwatch,38878.0,48,918,4.8,35073,255913
4161,Boat Smart Watch,Boat,Smartwatch,12335.0,40,523,4.1,32291,457456
4162,Apple Smart Watch,Apple,Smartwatch,42605.0,6,272,4.9,54600,157463
4163,Boat Smart Watch,Boat,Smartwatch,26213.0,37,714,3.8,53005,445218
4164,Noise Smart Watch,Noise,Smartwatch,12436.0,17,945,3.9,57882,407710
4165,Boat Smart Watch,Boat,Smartwatch,30462.0,21,213,4.6,87424,122429
4166,Boat Smart Watch,Boat,Smartwatch,10341.0,21,765,4.6,75584,289215
4167,Samsung Smart Watch,Samsung,Smartwatch,12098.0,24,505,3.9,92687,395926
4168,Samsung Smart Watch,Samsung,Smartwatch,21517.0,10,656,3.7,62245,42984
4169,Boat Smart Watch,Boat,Smartwatch,44261.0,12,762,4.5,54843,498646
4170,Samsung Smart Watch,Samsung,Smartwatch,23232.0,26,561,3.9,86432,150371
4171,Noise Smart Watch,Noise,Smartwatch,34781.0,36,26,4.6,32299,350720
4172,Boat Smart Watch,Boat,Smartwatch,8636.0,18,579,4.1,70579,77230
4173,Boat Smart Watch,Boat,Smartwatch,40681.0,48,910,4.5,80738,319086
4174,Apple Smart Watch,Apple,Smartwatch,29215.0,32,85,3.6,29449,353370
4175,Apple Smart Watch,Apple,Smartwatch,27798.0,12,711,4.8,67547,343916
4176,Boat Smart Watch,Boat,Smartwatch,7792.0,13,485,3.5,3040,260725
4177,Samsung Smart Watch,Samsung,Smartwatch,26873.0,49,850,3.6,90598,87156
4178,Apple Smart Watch,Apple,Smartwatch,8253.0,30,981,3.9,80428,222194
4179,Apple Smart Watch,Apple,Smartwatch,38433.0,17,587,4.8,50682,383834
4180,Samsung Smart Watch,Samsung,Smartwatch,9721.0,25,802,3.7,16064,149771
4181,Samsung Smart Watch,Samsung,Smartwatch,40807.0,11,331,4.7,57946,208169
4182,Noise Smart Watch,Noise,Smartwatch,11447.0,24,862,4.6,82956,86317
4183,Noise Smart Watch,Noise,Smartwatch,24575.0,12,612,4.6,26894,480956
4184,Apple Smart Watch,Apple,Smartwatch,32147.0,37,645,3.7,76697,451288
4185,Noise Smart Watch,Noise,Smartwatch,2743.0,32,866,3.8,75069,137602
4186,Apple Smart Watch,Apple,Smartwatch,45762.0,44,932,3.7,84162,216951
4187,Boat Smart Watch,Boat,Smartwatch,49094.0,39,419,3.9,60324,46463
4188,Boat Smart Watch,Boat,Smartwatch,46055.0,35,229,3.5,89391,466195
4189,Samsung Smart Watch,Samsung,Smartwatch,23537.0,6,978,3.8,14550,17328
4190,Boat Smart Watch,Boat,Smartwatch,9040.0,7,410,3.8,74880,14538
4191,Samsung Smart Watch,Samsung,Smartwatch,39203.0,2,779,4.4,95873,306861
4192,Apple Smart Watch,Apple,Smartwatch,14759.0,13,487,3.8,35684,142652
4193,Boat Smart Watch,Boat,Smartwatch,33590.0,17,546,4.5,26895,359578
4194,Apple Smart Watch,Apple,Smartwatch,20444.0,44,271,3.6,73849,286096
4195,Apple Smart Watch,Apple,Smartwatch,49734.0,27,505,3.6,9336,453596
4196,Samsung Smart Watch,Samsung,Smartwatch,4470.0,34,93,3.6,32915,476525
4197,Apple Smart Watch,Apple,Smartwatch,28244.0,41,727,3.5,37093,303317
4198,Apple Smart Watch,Apple,Smartwatch,3632.0,10,915,3.6,40845,344115
4199,Apple Smart Watch,Apple,Smartwatch,11864.0,26,948,4.3,54697,447430
4200,Apple Smart Watch,Apple,Smartwatch,28489.0,4,897,4.9,4332,392262
4201,Apple Smart Watch,Apple,Smartwatch,18151.0,49,205,3.9,15999,443454
4202,Noise Smart Watch,Noise,Smartwatch,34895.0,35,267,4.8,43149,158625
4203,Samsung Smart Watch,Samsung,Smartwatch,5926.0,27,62,3.8,25894,39257
4204,Boat Smart Watch,Boat,Smartwatch,39058.0,37,102,5.0,12614,254727
4205,Samsung Smart Watch,Samsung,Smartwatch,37621.0,50,492,4.1,10474,169930
4206,Apple Smart Watch,Apple,Smartwatch,47999.0,13,897,4.8,64957,60920
4207,Samsung Smart Watch,Samsung,Smartwatch,48230.0,1,138,3.6,89380,162334
4208,Noise Smart Watch,Noise,Smartwatch,32404.0,33,568,4.5,574,84810
4209,Apple Smart Watch,Apple,Smartwatch,20961.0,34,470,3.6,17379,440702
4210,Noise Smart Watch,Noise,Smartwatch,22782.0,44,76,3.7,63524,489725
4211,Samsung Smart Watch,Samsung,Smartwatch,30582.0,31,389,4.2,66866,193301
4212,Noise Smart Watch,Noise,Smartwatch,30095.0,35,807,3.8,9414,125322
4213,Apple Smart Watch,Apple,Smartwatch,4458.0,39,993,4.9,65456,158259
4214,Apple Smart Watch,Apple,Smartwatch,45097.0,36,293,5.0,16015,410333
4215,Samsung Smart Watch,Samsung,Smartwatch,18351.0,18,898,4.5,15603,182736
4216,Apple Smart Watch,Apple,Smartwatch,6989.0,21,223,4.6,10810,482487
4217,Noise Smart Watch,Noise,Smartwatch,5368.0,42,189,4.1,86970,227296
4218,Boat Smart Watch,Boat,Smartwatch,6353.0,22,345,4.1,33206,426948
4219,Samsung Smart Watch,Samsung,Smartwatch,23179.0,47,319,3.8,85991,260591
4220,Apple Smart Watch,Apple,Smartwatch,2132.0,31,737,3.7,47626,148471
4221,Apple Smart Watch,Apple,Smartwatch,48372.0,45,628,4.2,71156,313210
4222,Noise Smart Watch,Noise,Smartwatch,36117.0,24,619,4.3,47050,223404
4223,Noise Smart Watch,Noise,Smartwatch,35206.0,3,31,4.4,78375,115918
4224,Noise Smart Watch,Noise,Smartwatch,8944.0,46,348,4.4,82410,367498
4225,Boat Smart Watch,Boat,Smartwatch,31584.0,25,213,4.0,86964,480879
4226,Noise Smart Watch,Noise,Smartwatch,25859.0,9,872,4.7,38839,464887
4227,Samsung Smart Watch,Samsung,Smartwatch,31376.0,9,399,4.5,11337,239010
4228,Boat Smart Watch,Boat,Smartwatch,10733.0,23,26,4.6,47408,212485
4229,Noise Smart Watch,Noise,Smartwatch,27085.0,42,43,4.8,62454,11925
4230,Apple Smart Watch,Apple,Smartwatch,21271.0,17,113,4.8,85719,482959
4231,Samsung Smart Watch,Samsung,Smartwatch,2333.0,41,978,5.0,49564,267090
4232,Boat Smart Watch,Boat,Smartwatch,13798.0,28,796,3.9,91817,268509
4233,Apple Smart Watch,Apple,Smartwatch,2337.0,26,418,3.5,83656,426205
4234,Apple Smart Watch,Apple,Smartwatch,46060.0,31,138,3.9,99584,52681
4235,Samsung Smart Watch,Samsung,Smartwatch,2505.0,32,737,4.2,22095,100854
4236,Apple Smart Watch,Apple,Smartwatch,9976.0,8,234,4.0,86465,84687
4237,Samsung Smart Watch,Samsung,Smartwatch,38189.0,9,290,3.7,22946,291638
4238,Apple Smart Watch,Apple,Smartwatch,37130.0,9,538,3.9,42836,454305
4239,Samsung Smart Watch,Samsung,Smartwatch,25456.0,19,32,5.0,77480,312311
4240,Apple Smart Watch,Apple,Smartwatch,19886.0,35,274,3.6,95206,394002
4241,Boat Smart Watch,Boat,Smartwatch,41671.0,50,104,4.7,29917,195672
4242,Apple Smart Watch,Apple,Smartwatch,18139.0,49,321,4.0,3903,433184
4243,Samsung Smart Watch,Samsung,Smartwatch,22885.0,9,168,5.0,58074,486453
4244,Samsung Smart Watch,Samsung,Smartwatch,2501.0,7,654,4.7,57246,151759
4245,Noise Smart Watch,Noise,Smartwatch,34071.0,48,475,4.3,5375,314041
4246,Samsung Smart Watch,Samsung,Smartwatch,3914.0,4,24,3.7,70847,9114
4247,Noise Smart Watch,Noise,Smartwatch,8706.0,21,248,4.4,93371,494620
4248,Noise Smart Watch,Noise,Smartwatch,7059.0,50,780,4.4,99500,66290
4249,Apple Smart Watch,Apple,Smartwatch,44977.0,26,819,3.9,61552,291431
4250,Boat Smart Watch,Boat,Smartwatch,20863.0,35,37,4.6,82429,67676
4251,Samsung Smart Watch,Samsung,Smartwatch,7570.0,39,228,4.5,88370,291323
4252,Apple Smart Watch,Apple,Smartwatch,27265.0,35,657,3.8,45145,261049
4253,Apple Smart Watch,Apple,Smartwatch,46150.0,37,791,5.0,60913,292815
4254,Apple Smart Watch,Apple,Smartwatch,45754.0,42,635,3.7,29097,432064
4255,Boat Smart Watch,Boat,Smartwatch,18422.0,46,412,4.9,31408,431074
4256,Apple Smart Watch,Apple,Smartwatch,22901.0,22,936,4.7,72433,169530
4257,Boat Smart Watch,Boat,Smartwatch,26384.0,49,21,4.4,40126,365986
4258,Noise Smart Watch,Noise,Smartwatch,14227.0,26,617,4.4,96553,447
4259,Boat Smart Watch,Boat,Smartwatch,39122.0,22,915,4.5,90380,156357
4260,Samsung Smart Watch,Samsung,Smartwatch,36067.0,0,386,4.4,71211,225098
4261,Apple Smart Watch,Apple,Smartwatch,49702.0,29,246,3.6,43468,220499
4262,Samsung Smart Watch,Samsung,Smartwatch,31645.0,2,84,4.6,48671,232911
4263,Boat Smart Watch,Boat,Smartwatch,22863.0,14,428,3.7,54322,48981
4264,Apple Smart Watch,Apple,Smartwatch,21584.0,8,366,4.4,72340,30816
4265,Samsung Smart Watch,Samsung,Smartwatch,43616.0,30,740,3.5,36756,102048
4266,Boat Smart Watch,Boat,Smartwatch,42367.0,25,302,4.4,83915,321420
4267,Noise Smart Watch,Noise,Smartwatch,21745.0,11,330,4.2,65401,450820
4268,Apple Smart Watch,Apple,Smartwatch,36832.0,47,144,3.9,24151,126132
4269,Noise Smart Watch,Noise,Smartwatch,13410.0,49,32,3.8,67156,2599
4270,Noise Smart Watch,Noise,Smartwatch,7243.0,7,737,4.2,16527,161483
4271,Noise Smart Watch,Noise,Smartwatch,24413.0,6,335,3.9,52218,314857
4272,Noise Smart Watch,Noise,Smartwatch,22665.0,1,393,4.2,76681,486726
4273,Samsung Smart Watch,Samsung,Smartwatch,34701.0,10,284,4.3,49663,7936
4274,Samsung Smart Watch,Samsung,Smartwatch,26177.0,13,226,4.2,31357,400073
4275,Samsung Smart Watch,Samsung,Smartwatch,42670.0,18,367,4.7,88569,314559
4276,Samsung Smart Watch,Samsung,Smartwatch,16564.0,34,943,4.8,42235,335663
4277,Samsung Smart Watch,Samsung,Smartwatch,36430.0,1,933,4.1,6051,146656
4278,Samsung Smart Watch,Samsung,Smartwatch,41655.0,44,632,4.2,24103,474486
4279,Apple Smart Watch,Apple,Smartwatch,31007.0,10,614,3.7,63628,155022
4280,Samsung Smart Watch,Samsung,Smartwatch,10586.0,29,554,3.5,11414,213627
4281,Samsung Smart Watch,Samsung,Smartwatch,9813.0,11,921,4.0,31564,309608
4282,Boat Smart Watch,Boat,Smartwatch,27064.0,0,405,4.4,62248,450168
4283,Samsung Smart Watch,Samsung,Smartwatch,10270.0,13,124,4.7,98513,17410
4284,Samsung Smart Watch,Samsung,Smartwatch,40428.0,34,798,3.7,5928,158471
4285,Noise Smart Watch,Noise,Smartwatch,2497.0,6,687,3.8,5919,219245
4286,Apple Smart Watch,Apple,Smartwatch,8962.0,13,382,4.4,84287,127773
4287,Samsung Smart Watch,Samsung,Smartwatch,34073.0,3,2,4.4,11118,316614
4288,Apple Smart Watch,Apple,Smartwatch,44344.0,41,349,3.5,92905,305113
4289,Boat Smart Watch,Boat,Smartwatch,8517.0,21,385,4.1,24154,441386
4290,Noise Smart Watch,Noise,Smartwatch,47876.0,23,362,4.2,67397,388053
4291,Noise Smart Watch,Noise,Smartwatch,2161.0,9,232,4.6,75948,326023
4292,Apple Smart Watch,Apple,Smartwatch,20720.0,13,139,4.7,45115,381234
4293,Samsung Smart Watch,Samsung,Smartwatch,7429.0,29,476,4.9,85323,329103
4294,Apple Smart Watch,Apple,Smartwatch,20668.0,46,294,4.0,37971,231359
4295,Samsung Smart Watch,Samsung,Smartwatch,31093.0,39,302,3.5,97015,62107
4296,Noise Smart Watch,Noise,Smartwatch,14832.0,6,942,4.5,91668,478480
4297,Apple Smart Watch,Apple,Smartwatch,45914.0,26,728,4.2,65408,224447
4298,Boat Smart Watch,Boat,Smartwatch,24281.0,30,663,3.6,23182,345518
4299,Boat Smart Watch,Boat,Smartwatch,6384.0,35,88,3.7,75441,84049
4300,Noise Smart Watch,Noise,Smartwatch,33246.0,4,816,4.3,53327,347273
4301,Apple Smart Watch,Apple,Smartwatch,12215.0,7,400,3.7,9086,354084
4302,Boat Smart Watch,Boat,Smartwatch,43029.0,24,644,4.3,57917,12704
4303,Boat Smart Watch,Boat,Smartwatch,43458.0,8,154,4.1,43958,129113
4304,Samsung Smart Watch,Samsung,Smartwatch,46823.0,37,159,4.2,70677,186607
4305,Apple Smart Watch,Apple,Smartwatch,11047.0,46,291,4.1,83340,271060
4306,Noise Smart Watch,Noise,Smartwatch,29137.0,5,292,3.8,65281,44029
4307,Samsung Smart Watch,Samsung,Smartwatch,41732.0,1,961,4.0,2837,21093
4308,Samsung Smart Watch,Samsung,Smartwatch,31724.0,48,550,4.7,32208,298838
4309,Samsung Smart Watch,Samsung,Smartwatch,17944.0,9,265,4.6,9597,108721
4310,Boat Smart Watch,Boat,Smartwatch,24582.0,24,389,4.4,82109,263399
4311,Samsung Smart Watch,Samsung,Smartwatch,10310.0,45,264,5.0,98964,280789
4312,Apple Smart Watch,Apple,Smartwatch,34170.0,43,508,4.5,26447,420289
4313,Boat Smart Watch,Boat,Smartwatch,24445.0,13,941,4.4,44682,469608
4314,Samsung Smart Watch,Samsung,Smartwatch,4702.0,1,834,3.6,36027,349956
4315,Boat Smart Watch,Boat,Smartwatch,25140.0,18,188,3.7,56104,206102
4316,Boat Smart Watch,Boat,Smartwatch,31171.0,23,65,4.8,28888,457019
4317,Samsung Smart Watch,Samsung,Smartwatch,33971.0,22,225,3.8,36664,165734
4318,Samsung Smart Watch,Samsung,Smartwatch,34047.0,25,321,4.9,47907,352757
4319,Boat Smart Watch,Boat,Smartwatch,42212.0,33,451,4.2,53845,136508
4320,Noise Smart Watch,Noise,Smartwatch,40579.0,36,294,4.1,21595,146209
4321,Noise Smart Watch,Noise,Smartwatch,9884.0,8,322,3.5,53329,328028
4322,Apple Smart Watch,Apple,Smartwatch,29084.0,20,392,4.4,74391,219675
4323,Noise Smart Watch,Noise,Smartwatch,9199.0,26,784,3.7,88112,28535
4324,Samsung Smart Watch,Samsung,Smartwatch,31314.0,11,611,4.8,93197,258149
4325,Samsung Smart Watch,Samsung,Smartwatch,22943.0,37,796,4.6,80473,231232
4326,Samsung Smart Watch,Samsung,Smartwatch,18869.0,8,74,4.5,35306,454381
4327,Samsung Smart Watch,Samsung,Smartwatch,39717.0,50,672,3.7,57299,455536
4328,Noise Smart Watch,Noise,Smartwatch,2286.0,31,472,3.8,25684,153562
4329,Apple Smart Watch,Apple,Smartwatch,20800.0,36,474,4.9,64595,379180
4330,Samsung Smart Watch,Samsung,Smartwatch,26482.0,44,671,3.7,68134,152828
4331,Apple Smart Watch,Apple,Smartwatch,32078.0,39,542,3.5,30179,340745
4332,Samsung Smart Watch,Samsung,Smartwatch,8134.0,9,792,3.9,72820,356948
4333,Samsung Smart Watch,Samsung,Smartwatch,14652.0,9,710,4.2,95841,461909
4334,Apple Smart Watch,Apple,Smartwatch,39184.0,4,734,4.5,35363,166119
4335,Boat Smart Watch,Boat,Smartwatch,33997.0,0,404,4.1,95672,233548
4336,Samsung Smart Watch,Samsung,Smartwatch,28672.0,50,827,4.4,87946,73827
4337,Boat Smart Watch,Boat,Smartwatch,15137.0,50,845,3.5,8839,72618
4338,Samsung Smart Watch,Samsung,Smartwatch,3773.0,46,692,4.7,6433,467419
4339,Noise Smart Watch,Noise,Smartwatch,34989.0,16,791,4.9,16590,203365
4340,Samsung Smart Watch,Samsung,Smartwatch,15408.0,28,691,5.0,27864,221800
4341,Boat Smart Watch,Boat,Smartwatch,3503.0,44,553,4.9,66792,87333
4342,Boat Smart Watch,Boat,Smartwatch,34687.0,44,211,4.6,83651,45080
4343,Boat Smart Watch,Boat,Smartwatch,2571.0,16,621,4.8,83911,355136
4344,Noise Smart Watch,Noise,Smartwatch,30499.0,1,575,4.8,78573,69872
4345,Noise Smart Watch,Noise,Smartwatch,29479.0,3,116,3.9,93751,437326
4346,Samsung Smart Watch,Samsung,Smartwatch,11540.0,5,929,3.9,48453,400445
4347,Samsung Smart Watch,Samsung,Smartwatch,26523.0,0,79,3.6,85611,466715
4348,Apple Smart Watch,Apple,Smartwatch,23744.0,22,805,3.9,14391,249238
4349,Apple Smart Watch,Apple,Smartwatch,37447.0,33,751,4.8,28418,499043
4350,Apple Smart Watch,Apple,Smartwatch,20732.0,18,62,3.9,8940,32213
4351,Noise Smart Watch,Noise,Smartwatch,17859.0,32,348,3.6,53181,201930
4352,Apple Smart Watch,Apple,Smartwatch,47030.0,33,649,3.8,43286,100203
4353,Apple Smart Watch,Apple,Smartwatch,19985.0,19,469,4.3,28484,250348
4354,Noise Smart Watch,Noise,Smartwatch,25085.0,39,654,4.3,25842,22153
4355,Apple Smart Watch,Apple,Smartwatch,8757.0,20,390,4.9,67685,488420
4356,Noise Smart Watch,Noise,Smartwatch,31319.0,16,36,3.7,59097,287889
4357,Apple Smart Watch,Apple,Smartwatch,41858.0,42,105,3.6,60642,414449
4358,Boat Smart Watch,Boat,Smartwatch,41735.0,45,209,4.3,73247,338705
4359,Boat Smart Watch,Boat,Smartwatch,47988.0,23,528,3.7,12253,56043
4360,Boat Smart Watch,Boat,Smartwatch,29806.0,7,87,5.0,67821,221556
4361,Boat Smart Watch,Boat,Smartwatch,27256.0,45,533,4.2,75919,385893
4362,Samsung Smart Watch,Samsung,Smartwatch,45515.0,30,890,3.8,54250,34531
4363,Apple Smart Watch,Apple,Smartwatch,49147.0,34,212,4.0,3691,174603
4364,Noise Smart Watch,Noise,Smartwatch,14425.0,4,602,3.9,84371,282753
4365,Noise Smart Watch,Noise,Smartwatch,29655.0,34,378,4.0,92492,78717
4366,Samsung Smart Watch,Samsung,Smartwatch,25903.0,41,607,4.9,32445,303401
4367,Samsung Smart Watch,Samsung,Smartwatch,20500.0,9,96,3.7,52462,345845
4368,Boat Smart Watch,Boat,Smartwatch,47901.0,4,697,4.2,73352,22809
4369,Noise Smart Watch,Noise,Smartwatch,37351.0,35,496,4.7,55757,224367
4370,Samsung Smart Watch,Samsung,Smartwatch,2281.0,9,807,4.7,26538,3486
4371,Noise Smart Watch,Noise,Smartwatch,15402.0,30,772,3.7,60568,93826
4372,Boat Smart Watch,Boat,Smartwatch,30180.0,16,324,4.4,84859,116480
4373,Apple Smart Watch,Apple,Smartwatch,43810.0,3,168,4.1,96826,372407
4374,Noise Smart Watch,Noise,Smartwatch,10243.0,19,436,4.8,48587,494706
4375,Apple Smart Watch,Apple,Smartwatch,17633.0,12,963,3.5,71361,245003
4376,Apple Smart Watch,Apple,Smartwatch,37072.0,46,862,4.9,61863,65668
4377,Apple Smart Watch,Apple,Smartwatch,43871.0,45,864,4.2,29338,291378
4378,Samsung Smart Watch,Samsung,Smartwatch,33705.0,47,972,4.7,61501,239112
4379,Apple Smart Watch,Apple,Smartwatch,9921.0,8,326,4.8,65711,153448
4380,Samsung Smart Watch,Samsung,Smartwatch,47435.0,24,203,4.6,85530,264317
4381,Apple Smart Watch,Apple,Smartwatch,41488.0,5,149,3.6,58020,475838
4382,Apple Smart Watch,Apple,Smartwatch,5149.0,17,144,4.7,93900,449702
4383,Samsung Smart Watch,Samsung,Smartwatch,21346.0,43,987,4.5,64085,113664
4384,Apple Smart Watch,Apple,Smartwatch,24858.0,44,678,4.6,63373,445097
4385,Boat Smart Watch,Boat,Smartwatch,32779.0,50,728,3.6,81149,437470
4386,Boat Smart Watch,Boat,Smartwatch,9884.0,30,110,4.5,76367,330871
4387,Boat Smart Watch,Boat,Smartwatch,25905.0,49,408,4.6,56961,183531
4388,Boat Smart Watch,Boat,Smartwatch,31835.0,39,740,4.1,5343,318476
4389,Boat Smart Watch,Boat,Smartwatch,36341.0,49,272,4.8,25539,150870
4390,Apple Smart Watch,Apple,Smartwatch,3144.0,10,958,4.4,48066,79969
4391,Noise Smart Watch,Noise,Smartwatch,11070.0,45,373,5.0,49799,357743
4392,Samsung Smart Watch,Samsung,Smartwatch,32074.0,8,857,4.4,91047,95677
4393,Apple Smart Watch,Apple,Smartwatch,39975.0,39,720,3.6,33875,127961
4394,Apple Smart Watch,Apple,Smartwatch,32058.0,30,687,3.5,90879,149267
4395,Samsung Smart Watch,Samsung,Smartwatch,29612.0,31,807,3.6,14954,175513
4396,Apple Smart Watch,Apple,Smartwatch,7414.0,47,718,4.9,43100,19573
4397,Apple Smart Watch,Apple,Smartwatch,4874.0,9,429,3.6,92918,434632
4398,Apple Smart Watch,Apple,Smartwatch,4013.0,22,573,4.3,17645,210510
4399,Samsung Smart Watch,Samsung,Smartwatch,45871.0,21,612,3.9,61446,477063
4400,Boat Smart Watch,Boat,Smartwatch,38458.0,20,295,4.9,26657,115787
4401,Samsung Smart Watch,Samsung,Smartwatch,25472.0,11,110,4.2,11709,314737
4402,Noise Smart Watch,Noise,Smartwatch,39385.0,16,393,4.1,74738,47962
4403,Samsung Smart Watch,Samsung,Smartwatch,48588.0,24,873,4.3,54164,332273
4404,Noise Smart Watch,Noise,Smartwatch,46484.0,13,93,4.7,20426,12130
4405,Boat Smart Watch,Boat,Smartwatch,47395.0,27,373,3.7,86176,213835
4406,Samsung Smart Watch,Samsung,Smartwatch,35976.0,21,270,3.7,51501,282547
4407,Samsung Smart Watch,Samsung,Smartwatch,49225.0,0,40,4.2,16857,152195
4408,Apple Smart Watch,Apple,Smartwatch,47167.0,9,21,4.8,88523,344991
4409,Boat Smart Watch,Boat,Smartwatch,45520.0,47,386,3.6,39881,349558
4410,Apple Smart Watch,Apple,Smartwatch,22947.0,49,346,3.6,3167,293427
4411,Noise Smart Watch,Noise,Smartwatch,15662.0,7,410,4.7,64957,460116
4412,Samsung Smart Watch,Samsung,Smartwatch,49817.0,46,202,3.6,84546,365043
4413,Samsung Smart Watch,Samsung,Smartwatch,22989.0,13,390,4.8,85921,476979
4414,Samsung Smart Watch,Samsung,Smartwatch,2843.0,46,38,3.6,7640,29913
4415,Apple Smart Watch,Apple,Smartwatch,36493.0,4,566,4.7,77164,123200
4416,Boat Smart Watch,Boat,Smartwatch,36146.0,19,874,3.7,475,424533
4417,Apple Smart Watch,Apple,Smartwatch,13369.0,44,974,4.3,30240,176220
4418,Noise Smart Watch,Noise,Smartwatch,6225.0,11,639,4.0,78671,396460
4419,Apple Smart Watch,Apple,Smartwatch,42739.0,16,723,4.6,6480,484260
4420,Samsung Smart Watch,Samsung,Smartwatch,43507.0,15,788,4.2,55675,46510
4421,Boat Smart Watch,Boat,Smartwatch,27815.0,32,807,3.8,84249,13066
4422,Apple Smart Watch,Apple,Smartwatch,11196.0,27,532,5.0,88402,333122
4423,Apple Smart Watch,Apple,Smartwatch,24858.0,19,798,4.8,99760,300033
4424,Boat Smart Watch,Boat,Smartwatch,47705.0,0,892,5.0,60040,444069
4425,Noise Smart Watch,Noise,Smartwatch,49042.0,22,697,3.8,11580,19150
4426,Samsung Smart Watch,Samsung,Smartwatch,46193.0,39,443,4.7,32058,4486
4427,Boat Smart Watch,Boat,Smartwatch,15290.0,18,142,4.4,81108,264256
4428,Apple Smart Watch,Apple,Smartwatch,38549.0,19,143,4.4,16366,391741
4429,Boat Smart Watch,Boat,Smartwatch,41741.0,22,663,3.8,53512,384637
4430,Apple Smart Watch,Apple,Smartwatch,49741.0,30,706,3.7,63687,224044
4431,Apple Smart Watch,Apple,Smartwatch,35363.0,8,673,4.2,52193,456090
4432,Samsung Smart Watch,Samsung,Smartwatch,28815.0,33,927,4.9,56691,285704
4433,Noise Smart Watch,Noise,Smartwatch,3610.0,49,801,3.6,85828,207986
4434,Samsung Smart Watch,Samsung,Smartwatch,32139.0,10,188,4.9,22540,310543
4435,Boat Smart Watch,Boat,Smartwatch,30328.0,44,527,4.2,67475,435679
4436,Apple Smart Watch,Apple,Smartwatch,39347.0,41,406,4.5,25531,234743
4437,Apple Smart Watch,Apple,Smartwatch,27898.0,11,563,5.0,42590,88708
4438,Apple Smart Watch,Apple,Smartwatch,32395.0,20,579,3.9,76520,126892
4439,Apple Smart Watch,Apple,Smartwatch,10885.0,30,476,4.0,81600,249986
4440,Samsung Smart Watch,Samsung,Smartwatch,30431.0,31,389,4.0,79080,438376
4441,Noise Smart Watch,Noise,Smartwatch,3634.0,35,378,4.3,24646,478321
4442,Apple Smart Watch,Apple,Smartwatch,22780.0,45,963,3.5,9504,481635
4443,Noise Smart Watch,Noise,Smartwatch,10178.0,49,396,4.7,14344,467734
4444,Noise Smart Watch,Noise,Smartwatch,33643.0,4,976,4.3,24713,299812
4445,Samsung Smart Watch,Samsung,Smartwatch,40681.0,25,359,4.9,46210,454868
4446,Apple Smart Watch,Apple,Smartwatch,37021.0,7,861,4.3,10532,339989
4447,Noise Smart Watch,Noise,Smartwatch,36444.0,41,369,4.1,7360,457823
4448,Apple Smart Watch,Apple,Smartwatch,2285.0,17,608,4.6,24079,137405
4449,Samsung Smart Watch,Samsung,Smartwatch,36265.0,31,357,4.9,73564,438022
4450,Boat Smart Watch,Boat,Smartwatch,5263.0,49,144,4.4,84231,8834
4451,Samsung Smart Watch,Samsung,Smartwatch,3180.0,9,348,3.7,95834,459999
4452,Apple Smart Watch,Apple,Smartwatch,6181.0,40,36,4.5,51314,438201
4453,Boat Smart Watch,Boat,Smartwatch,20037.0,25,677,3.8,98869,12136
4454,Noise Smart Watch,Noise,Smartwatch,11780.0,12,417,5.0,21250,119145
4455,Samsung Smart Watch,Samsung,Smartwatch,9803.0,10,907,4.5,2064,201658
4456,Apple Smart Watch,Apple,Smartwatch,2893.0,12,20,4.7,65346,335087
4457,Samsung Smart Watch,Samsung,Smartwatch,19149.0,45,433,4.7,50458,341520
4458,Samsung Smart Watch,Samsung,Smartwatch,19010.0,23,244,4.6,75273,236675
4459,Boat Smart Watch,Boat,Smartwatch,43619.0,20,506,3.9,3271,365678
4460,Apple Smart Watch,Apple,Smartwatch,44074.0,42,984,4.6,39996,205111
4461,Noise Smart Watch,Noise,Smartwatch,28739.0,3,737,4.5,65026,134166
4462,Boat Smart Watch,Boat,Smartwatch,37569.0,41,311,4.9,27309,189833
4463,Noise Smart Watch,Noise,Smartwatch,26423.0,4,287,3.8,43303,379974
4464,Boat Smart Watch,Boat,Smartwatch,44946.0,42,842,4.1,71964,281359
4465,Boat Smart Watch,Boat,Smartwatch,25195.0,42,765,4.9,67395,104237
4466,Noise Smart Watch,Noise,Smartwatch,35205.0,47,876,3.8,38895,294521
4467,Samsung Smart Watch,Samsung,Smartwatch,45342.0,35,967,4.9,46301,343463
4468,Boat Smart Watch,Boat,Smartwatch,43286.0,31,221,3.7,54600,436373
4469,Boat Smart Watch,Boat,Smartwatch,27666.0,15,157,4.7,67850,164301
4470,Apple Smart Watch,Apple,Smartwatch,45450.0,33,482,4.7,61975,191422
4471,Apple Smart Watch,Apple,Smartwatch,35285.0,10,791,4.9,38116,127870
4472,Boat Smart Watch,Boat,Smartwatch,41982.0,41,257,4.3,86109,434798
4473,Noise Smart Watch,Noise,Smartwatch,17981.0,38,707,4.8,95535,225870
4474,Noise Smart Watch,Noise,Smartwatch,37099.0,46,809,3.5,3126,400215
4475,Noise Smart Watch,Noise,Smartwatch,22914.0,2,610,4.7,47350,377970
4476,Samsung Smart Watch,Samsung,Smartwatch,36865.0,46,842,3.9,60759,86704
4477,Apple Smart Watch,Apple,Smartwatch,5351.0,48,617,4.2,36757,90390
4478,Samsung Smart Watch,Samsung,Smartwatch,39168.0,14,936,3.6,61278,234371
4479,Boat Smart Watch,Boat,Smartwatch,11298.0,17,650,4.8,77380,165110
4480,Noise Smart Watch,Noise,Smartwatch,45709.0,15,575,4.4,89876,2609
4481,Apple Smart Watch,Apple,Smartwatch,6157.0,22,112,4.1,43929,293226
4482,Noise Smart Watch,Noise,Smartwatch,4519.0,40,4,4.5,90335,365634
4483,Noise Smart Watch,Noise,Smartwatch,24511.0,6,319,3.5,24257,294921
4484,Samsung Smart Watch,Samsung,Smartwatch,24506.0,29,610,3.8,8494,73117
4485,Noise Smart Watch,Noise,Smartwatch,46812.0,14,768,4.5,89734,122018
4486,Boat Smart Watch,Boat,Smartwatch,42661.0,12,80,4.8,99419,173435
4487,Apple Smart Watch,Apple,Smartwatch,9318.0,36,29,3.7,86100,184960
4488,Noise Smart Watch,Noise,Smartwatch,12935.0,29,836,4.1,24212,464052
4489,Noise Smart Watch,Noise,Smartwatch,11764.0,11,825,4.3,88568,199488
4490,Noise Smart Watch,Noise,Smartwatch,9275.0,31,228,4.5,68635,190666
4491,Samsung Smart Watch,Samsung,Smartwatch,38307.0,18,350,4.6,45897,182846
4492,Apple Smart Watch,Apple,Smartwatch,19009.0,38,843,4.4,56553,21584
4493,Apple Smart Watch,Apple,Smartwatch,40312.0,30,681,3.8,12300,41200
4494,Noise Smart Watch,Noise,Smartwatch,24545.0,43,225,4.7,40991,396356
4495,Boat Smart Watch,Boat,Smartwatch,47779.0,30,190,3.5,54782,71252
4496,Apple Smart Watch,Apple,Smartwatch,29245.0,16,394,4.2,32443,231972
4497,Apple Smart Watch,Apple,Smartwatch,11201.0,30,383,4.8,87539,166540
4498,Boat Smart Watch,Boat,Smartwatch,49129.0,48,435,4.6,97942,87543
4499,Noise Smart Watch,Noise,Smartwatch,8652.0,32,263,3.8,55625,15171
4500,Apple Smart Watch,Apple,Smartwatch,35499.0,25,163,5.0,85862,231874
4501,Canon DSLR Camera,Canon,Camera,61043.0,38,852,4.1,30686,44054
4502,Fujifilm DSLR Camera,Fujifilm,Camera,156090.0,39,612,3.5,30795,483990
4503,Nikon DSLR Camera,Nikon,Camera,68668.0,3,318,4.2,64768,493468
4504,Nikon DSLR Camera,Nikon,Camera,47032.0,37,552,4.6,94526,322823
4505,Sony DSLR Camera,Sony,Camera,95558.0,26,451,4.9,92271,379461
4506,Sony DSLR Camera,Sony,Camera,82406.0,17,800,4.9,99701,112986
4507,Sony DSLR Camera,Sony,Camera,50173.0,5,673,4.0,45119,445854
4508,Nikon DSLR Camera,Nikon,Camera,109824.0,15,410,3.6,48414,318765
4509,Nikon DSLR Camera,Nikon,Camera,222029.0,35,179,3.6,89076,75992
4510,Sony DSLR Camera,Sony,Camera,86133.0,23,785,3.9,17378,247239
4511,Nikon DSLR Camera,Nikon,Camera,261506.0,39,65,4.1,24232,318016
4512,Canon DSLR Camera,Canon,Camera,203662.0,18,643,3.9,3192,392522
4513,Nikon DSLR Camera,Nikon,Camera,131755.0,45,207,4.8,68342,446184
4514,Nikon DSLR Camera,Nikon,Camera,160406.0,14,937,4.2,80624,195403
4515,Canon DSLR Camera,Canon,Camera,49993.0,37,495,4.5,20559,348474
4516,Fujifilm DSLR Camera,Fujifilm,Camera,92234.0,1,417,4.5,14061,168235
4517,Sony DSLR Camera,Sony,Camera,90131.0,8,399,4.9,61312,317271
4518,Nikon DSLR Camera,Nikon,Camera,63675.0,10,521,4.9,28010,449537
4519,Canon DSLR Camera,Canon,Camera,254060.0,47,54,3.7,80538,43815
4520,Fujifilm DSLR Camera,Fujifilm,Camera,149845.0,6,607,4.7,20407,82272
4521,Sony DSLR Camera,Sony,Camera,238179.0,20,453,4.4,9908,412634
4522,Sony DSLR Camera,Sony,Camera,271439.0,49,27,4.2,63454,59820
4523,Nikon DSLR Camera,Nikon,Camera,101779.0,31,1,4.3,89459,236669
4524,Fujifilm DSLR Camera,Fujifilm,Camera,183101.0,39,860,4.0,77979,388327
4525,Canon DSLR Camera,Canon,Camera,225643.0,17,325,4.8,7412,133424
4526,Canon DSLR Camera,Canon,Camera,35427.0,8,794,4.7,23285,3181
4527,Fujifilm DSLR Camera,Fujifilm,Camera,157945.0,2,908,4.3,72748,321445
4528,Sony DSLR Camera,Sony,Camera,192360.0,38,323,4.5,7256,89281
4529,Fujifilm DSLR Camera,Fujifilm,Camera,267287.0,41,797,4.6,6200,124744
4530,Canon DSLR Camera,Canon,Camera,172711.0,13,279,3.5,94228,413594
4531,Fujifilm DSLR Camera,Fujifilm,Camera,270773.0,4,549,4.5,39016,328007
4532,Sony DSLR Camera,Sony,Camera,155878.0,6,45,4.7,71012,264859
4533,Canon DSLR Camera,Canon,Camera,157709.0,28,176,4.7,87176,69391
4534,Canon DSLR Camera,Canon,Camera,55411.0,15,250,4.8,41110,52596
4535,Nikon DSLR Camera,Nikon,Camera,226763.0,10,152,3.6,71508,162893
4536,Canon DSLR Camera,Canon,Camera,81663.0,10,370,3.9,86194,286835
4537,Sony DSLR Camera,Sony,Camera,121127.0,12,701,3.5,72122,388194
4538,Canon DSLR Camera,Canon,Camera,232760.0,40,420,4.3,94862,408905
4539,Sony DSLR Camera,Sony,Camera,247755.0,36,692,4.8,31147,281889
4540,Canon DSLR Camera,Canon,Camera,281073.0,38,12,5.0,96777,199526
4541,Fujifilm DSLR Camera,Fujifilm,Camera,297534.0,31,438,4.4,40151,339847
4542,Fujifilm DSLR Camera,Fujifilm,Camera,126567.0,8,82,3.6,3042,185482
4543,Nikon DSLR Camera,Nikon,Camera,82283.0,0,467,4.7,62123,478945
4544,Canon DSLR Camera,Canon,Camera,257384.0,50,28,3.9,73492,191561
4545,Nikon DSLR Camera,Nikon,Camera,84630.0,33,380,3.8,60142,3465
4546,Canon DSLR Camera,Canon,Camera,87739.0,5,637,4.8,76574,395137
4547,Nikon DSLR Camera,Nikon,Camera,189348.0,38,483,4.0,47637,220466
4548,Sony DSLR Camera,Sony,Camera,237318.0,7,614,4.0,51060,431433
4549,Sony DSLR Camera,Sony,Camera,267774.0,28,456,4.1,10266,124003
4550,Canon DSLR Camera,Canon,Camera,292681.0,27,246,4.3,98324,74216
4551,Nikon DSLR Camera,Nikon,Camera,240130.0,48,849,3.7,97289,210719
4552,Fujifilm DSLR Camera,Fujifilm,Camera,261011.0,23,506,4.3,3320,195268
4553,Sony DSLR Camera,Sony,Camera,270525.0,33,489,3.6,71374,443682
4554,Nikon DSLR Camera,Nikon,Camera,54399.0,43,671,3.7,18332,114088
4555,Nikon DSLR Camera,Nikon,Camera,229638.0,50,400,4.9,39584,155876
4556,Fujifilm DSLR Camera,Fujifilm,Camera,122226.0,13,0,4.2,26852,381530
4557,Nikon DSLR Camera,Nikon,Camera,87907.0,49,99,3.6,59920,218254
4558,Nikon DSLR Camera,Nikon,Camera,121286.0,11,302,4.4,13414,196494
4559,Sony DSLR Camera,Sony,Camera,89084.0,26,212,4.4,69722,386564
4560,Fujifilm DSLR Camera,Fujifilm,Camera,167327.0,20,386,4.2,32811,203680
4561,Fujifilm DSLR Camera,Fujifilm,Camera,297656.0,24,564,4.9,2873,113582
4562,Sony DSLR Camera,Sony,Camera,31567.0,31,699,3.5,70957,115385
4563,Sony DSLR Camera,Sony,Camera,240535.0,5,783,4.6,90462,442042
4564,Nikon DSLR Camera,Nikon,Camera,124961.0,45,970,4.6,19011,408763
4565,Canon DSLR Camera,Canon,Camera,117905.0,21,612,4.2,7566,201060
4566,Sony DSLR Camera,Sony,Camera,176884.0,24,760,3.6,34642,26251
4567,Sony DSLR Camera,Sony,Camera,79381.0,8,525,3.6,59210,89406
4568,Sony DSLR Camera,Sony,Camera,177202.0,1,89,4.2,67983,101067
4569,Canon DSLR Camera,Canon,Camera,264015.0,3,868,4.5,52501,341937
4570,Fujifilm DSLR Camera,Fujifilm,Camera,205461.0,46,809,4.5,68930,321395
4571,Nikon DSLR Camera,Nikon,Camera,280119.0,28,639,4.8,76246,322170
4572,Canon DSLR Camera,Canon,Camera,195530.0,31,127,3.7,17681,55913
4573,Canon DSLR Camera,Canon,Camera,176359.0,21,427,4.3,53647,414564
4574,Nikon DSLR Camera,Nikon,Camera,79765.0,6,963,4.3,70072,347655
4575,Canon DSLR Camera,Canon,Camera,256842.0,43,874,3.6,27700,331367
4576,Nikon DSLR Camera,Nikon,Camera,243061.0,12,848,4.8,12424,213975
4577,Canon DSLR Camera,Canon,Camera,118165.0,22,459,4.4,48050,436728
4578,Sony DSLR Camera,Sony,Camera,247274.0,38,420,3.7,78218,160054
4579,Sony DSLR Camera,Sony,Camera,285854.0,5,587,4.9,66478,37340
4580,Sony DSLR Camera,Sony,Camera,58076.0,3,116,4.1,21858,365895
4581,Sony DSLR Camera,Sony,Camera,36798.0,22,193,4.2,55849,258968
4582,Sony DSLR Camera,Sony,Camera,90250.0,26,943,4.1,90587,102058
4583,Canon DSLR Camera,Canon,Camera,156918.0,33,337,3.6,80477,451502
4584,Nikon DSLR Camera,Nikon,Camera,49205.0,44,616,4.6,5961,162876
4585,Canon DSLR Camera,Canon,Camera,157230.0,22,767,4.2,21419,315394
4586,Nikon DSLR Camera,Nikon,Camera,224810.0,14,349,4.3,43644,264090
4587,Fujifilm DSLR Camera,Fujifilm,Camera,152903.0,48,850,4.5,76817,287493
4588,Canon DSLR Camera,Canon,Camera,110293.0,13,618,4.2,36507,384150
4589,Sony DSLR Camera,Sony,Camera,106283.0,28,828,4.9,44839,55591
4590,Nikon DSLR Camera,Nikon,Camera,66563.0,11,330,4.8,91834,387950
4591,Canon DSLR Camera,Canon,Camera,163201.0,11,926,4.7,55187,470926
4592,Canon DSLR Camera,Canon,Camera,125523.0,2,124,4.6,53201,425348
4593,Fujifilm DSLR Camera,Fujifilm,Camera,152301.0,16,100,4.4,34235,187799
4594,Sony DSLR Camera,Sony,Camera,161957.0,24,222,4.0,12306,164700
4595,Canon DSLR Camera,Canon,Camera,157067.0,25,533,3.5,61652,313527
4596,Nikon DSLR Camera,Nikon,Camera,54191.0,42,313,4.5,56193,364880
4597,Nikon DSLR Camera,Nikon,Camera,273696.0,46,32,3.7,36391,479648
4598,Sony DSLR Camera,Sony,Camera,86419.0,12,336,4.2,83378,407157
4599,Canon DSLR Camera,Canon,Camera,249433.0,13,220,4.1,8447,34987
4600,Fujifilm DSLR Camera,Fujifilm,Camera,130720.0,30,709,4.9,59362,15190
4601,Sony DSLR Camera,Sony,Camera,93451.0,18,998,4.2,29679,370568
4602,Canon DSLR Camera,Canon,Camera,124507.0,41,174,4.0,85266,90094
4603,Nikon DSLR Camera,Nikon,Camera,79313.0,50,859,4.5,68850,461242
4604,Sony DSLR Camera,Sony,Camera,62155.0,46,240,4.1,32205,97002
4605,Fujifilm DSLR Camera,Fujifilm,Camera,193929.0,34,102,4.0,1899,49458
4606,Nikon DSLR Camera,Nikon,Camera,182142.0,35,893,3.9,38876,398967
4607,Nikon DSLR Camera,Nikon,Camera,111422.0,10,709,4.5,87586,16257
4608,Nikon DSLR Camera,Nikon,Camera,158267.0,0,714,4.7,98830,192962
4609,Nikon DSLR Camera,Nikon,Camera,260276.0,5,120,4.1,91963,469047
4610,Fujifilm DSLR Camera,Fujifilm,Camera,64144.0,0,627,5.0,54605,143736
4611,Nikon DSLR Camera,Nikon,Camera,84027.0,39,552,4.0,46088,100975
4612,Canon DSLR Camera,Canon,Camera,130936.0,40,137,4.2,41942,163177
4613,Nikon DSLR Camera,Nikon,Camera,200282.0,39,57,5.0,89712,332203
4614,Sony DSLR Camera,Sony,Camera,232135.0,49,72,4.8,87487,472912
4615,Canon DSLR Camera,Canon,Camera,134665.0,17,185,4.0,41890,323325
4616,Sony DSLR Camera,Sony,Camera,48472.0,30,391,4.5,22882,126905
4617,Fujifilm DSLR Camera,Fujifilm,Camera,256902.0,11,793,4.4,55509,314645
4618,Sony DSLR Camera,Sony,Camera,211914.0,5,582,3.9,70429,201281
4619,Nikon DSLR Camera,Nikon,Camera,78688.0,34,801,4.8,81944,431442
4620,Sony DSLR Camera,Sony,Camera,38515.0,50,312,4.8,30221,410849
4621,Sony DSLR Camera,Sony,Camera,177032.0,0,387,4.5,19513,154270
4622,Fujifilm DSLR Camera,Fujifilm,Camera,123152.0,26,195,4.3,24628,141741
4623,Sony DSLR Camera,Sony,Camera,187238.0,14,975,4.5,70631,317036
4624,Sony DSLR Camera,Sony,Camera,164927.0,47,539,3.8,48628,53853
4625,Fujifilm DSLR Camera,Fujifilm,Camera,258683.0,2,519,4.9,33354,383697
4626,Fujifilm DSLR Camera,Fujifilm,Camera,219777.0,15,744,4.7,23043,149143
4627,Sony DSLR Camera,Sony,Camera,231179.0,21,351,4.9,17514,290809
4628,Canon DSLR Camera,Canon,Camera,265807.0,1,591,3.9,44577,430641
4629,Nikon DSLR Camera,Nikon,Camera,115505.0,33,826,5.0,73337,332289
4630,Nikon DSLR Camera,Nikon,Camera,172595.0,40,886,4.8,62872,442351
4631,Canon DSLR Camera,Canon,Camera,160410.0,27,290,4.4,79315,458130
4632,Nikon DSLR Camera,Nikon,Camera,139853.0,30,414,4.0,12609,440243
4633,Nikon DSLR Camera,Nikon,Camera,53488.0,35,535,3.9,16341,420876
4634,Sony DSLR Camera,Sony,Camera,32375.0,37,348,3.6,77593,418570
4635,Nikon DSLR Camera,Nikon,Camera,101499.0,17,291,4.3,59690,111388
4636,Fujifilm DSLR Camera,Fujifilm,Camera,227809.0,28,603,4.3,56847,225386
4637,Nikon DSLR Camera,Nikon,Camera,269591.0,29,717,3.5,91864,55932
4638,Canon DSLR Camera,Canon,Camera,257137.0,16,636,4.4,11151,443794
4639,Fujifilm DSLR Camera,Fujifilm,Camera,73010.0,33,266,3.6,99456,112765
4640,Fujifilm DSLR Camera,Fujifilm,Camera,83807.0,22,428,4.0,62981,434875
4641,Fujifilm DSLR Camera,Fujifilm,Camera,200809.0,34,745,3.5,44404,40246
4642,Fujifilm DSLR Camera,Fujifilm,Camera,40487.0,42,299,4.5,50388,257732
4643,Nikon DSLR Camera,Nikon,Camera,124739.0,23,625,3.8,91012,108883
4644,Fujifilm DSLR Camera,Fujifilm,Camera,201791.0,48,931,3.5,36479,170076
4645,Canon DSLR Camera,Canon,Camera,205701.0,45,590,4.7,53556,449347
4646,Sony DSLR Camera,Sony,Camera,284003.0,45,767,4.0,5981,71253
4647,Nikon DSLR Camera,Nikon,Camera,123295.0,30,851,4.7,56978,37901
4648,Sony DSLR Camera,Sony,Camera,203609.0,2,864,4.7,16311,157733
4649,Sony DSLR Camera,Sony,Camera,203244.0,15,551,3.6,89465,450602
4650,Nikon DSLR Camera,Nikon,Camera,287164.0,24,895,4.1,22610,396236
4651,Nikon DSLR Camera,Nikon,Camera,299569.0,26,778,5.0,9361,329974
4652,Sony DSLR Camera,Sony,Camera,180744.0,26,880,4.4,99459,392610
4653,Canon DSLR Camera,Canon,Camera,232040.0,14,19,3.8,67138,184017
4654,Canon DSLR Camera,Canon,Camera,41395.0,35,591,4.7,18530,230406
4655,Fujifilm DSLR Camera,Fujifilm,Camera,204830.0,13,1,3.6,80015,340112
4656,Nikon DSLR Camera,Nikon,Camera,294091.0,45,501,4.8,19333,475393
4657,Fujifilm DSLR Camera,Fujifilm,Camera,213646.0,3,912,4.3,99491,249057
4658,Sony DSLR Camera,Sony,Camera,233052.0,12,765,4.0,19235,27156
4659,Fujifilm DSLR Camera,Fujifilm,Camera,143053.0,13,643,3.9,89139,147560
4660,Nikon DSLR Camera,Nikon,Camera,241270.0,47,756,4.3,78358,198029
4661,Sony DSLR Camera,Sony,Camera,151964.0,9,200,3.7,9439,353609
4662,Sony DSLR Camera,Sony,Camera,224397.0,30,731,4.2,55280,46644
4663,Canon DSLR Camera,Canon,Camera,265139.0,28,308,4.8,16267,464571
4664,Nikon DSLR Camera,Nikon,Camera,217342.0,43,423,4.2,56109,90832
4665,Sony DSLR Camera,Sony,Camera,233488.0,34,320,3.9,51444,233144
4666,Canon DSLR Camera,Canon,Camera,297093.0,38,500,4.4,72659,479734
4667,Fujifilm DSLR Camera,Fujifilm,Camera,168918.0,17,700,4.7,49074,321633
4668,Nikon DSLR Camera,Nikon,Camera,155528.0,21,141,4.9,65865,373845
4669,Nikon DSLR Camera,Nikon,Camera,129750.0,16,899,4.2,60263,412825
4670,Canon DSLR Camera,Canon,Camera,155842.0,35,486,4.2,61054,220244
4671,Nikon DSLR Camera,Nikon,Camera,43118.0,30,431,3.9,19709,11910
4672,Fujifilm DSLR Camera,Fujifilm,Camera,215960.0,22,204,3.6,78230,233487
4673,Nikon DSLR Camera,Nikon,Camera,76277.0,49,212,3.6,98888,247136
4674,Sony DSLR Camera,Sony,Camera,61140.0,2,658,4.4,7636,413640
4675,Canon DSLR Camera,Canon,Camera,175627.0,25,365,4.6,53623,195450
4676,Sony DSLR Camera,Sony,Camera,156965.0,21,250,4.6,94690,138193
4677,Nikon DSLR Camera,Nikon,Camera,251598.0,12,885,4.0,44830,94625
4678,Sony DSLR Camera,Sony,Camera,245806.0,43,937,4.1,4190,331081
4679,Canon DSLR Camera,Canon,Camera,49303.0,36,754,3.9,3798,448611
4680,Canon DSLR Camera,Canon,Camera,66773.0,19,598,3.6,32190,427359
4681,Nikon DSLR Camera,Nikon,Camera,250942.0,48,612,3.6,78654,361562
4682,Fujifilm DSLR Camera,Fujifilm,Camera,194814.0,6,699,5.0,11382,287209
4683,Nikon DSLR Camera,Nikon,Camera,293393.0,17,411,3.8,58706,413005
4684,Fujifilm DSLR Camera,Fujifilm,Camera,70108.0,28,435,4.0,40172,246716
4685,Canon DSLR Camera,Canon,Camera,297767.0,32,498,4.5,84932,214199
4686,Canon DSLR Camera,Canon,Camera,177148.0,26,409,4.6,96095,306048
4687,Fujifilm DSLR Camera,Fujifilm,Camera,107207.0,23,729,4.6,2083,388269
4688,Sony DSLR Camera,Sony,Camera,223388.0,23,17,4.1,78705,307420
4689,Canon DSLR Camera,Canon,Camera,174822.0,44,237,4.6,91941,122086
4690,Canon DSLR Camera,Canon,Camera,124623.0,27,930,4.4,24380,260345
4691,Nikon DSLR Camera,Nikon,Camera,39095.0,15,638,4.0,63079,356830
4692,Fujifilm DSLR Camera,Fujifilm,Camera,121611.0,3,363,4.9,8803,132942
4693,Canon DSLR Camera,Canon,Camera,143393.0,24,33,4.8,69731,203811
4694,Nikon DSLR Camera,Nikon,Camera,284045.0,35,604,4.0,31943,111885
4695,Canon DSLR Camera,Canon,Camera,162818.0,21,171,4.2,97088,262423
4696,Nikon DSLR Camera,Nikon,Camera,268659.0,8,2,3.9,39652,434007
4697,Sony DSLR Camera,Sony,Camera,201606.0,1,952,4.4,36975,54160
4698,Sony DSLR Camera,Sony,Camera,148452.0,14,858,4.7,63036,338339
4699,Nikon DSLR Camera,Nikon,Camera,73037.0,44,772,4.3,98015,357642
4700,Fujifilm DSLR Camera,Fujifilm,Camera,246855.0,19,97,4.0,65139,251268
4701,Sony DSLR Camera,Sony,Camera,77276.0,32,690,5.0,48043,40131
4702,Sony DSLR Camera,Sony,Camera,34541.0,12,273,3.7,67396,196125
4703,Fujifilm DSLR Camera,Fujifilm,Camera,196870.0,13,973,4.3,10303,183213
4704,Nikon DSLR Camera,Nikon,Camera,117968.0,38,335,4.5,64098,288656
4705,Nikon DSLR Camera,Nikon,Camera,60348.0,45,907,4.7,68497,159267
4706,Canon DSLR Camera,Canon,Camera,119553.0,21,369,5.0,72623,196764
4707,Canon DSLR Camera,Canon,Camera,227546.0,11,220,4.2,99349,325595
4708,Sony DSLR Camera,Sony,Camera,80908.0,48,977,4.4,40779,279279
4709,Canon DSLR Camera,Canon,Camera,51523.0,4,838,4.6,25710,279477
4710,Nikon DSLR Camera,Nikon,Camera,231944.0,38,836,3.8,16673,368977
4711,Sony DSLR Camera,Sony,Camera,193450.0,38,897,4.9,13483,361406
4712,Nikon DSLR Camera,Nikon,Camera,272908.0,3,860,4.6,31750,400199
4713,Canon DSLR Camera,Canon,Camera,120905.0,30,926,3.6,41218,81227
4714,Sony DSLR Camera,Sony,Camera,184765.0,46,411,3.6,11433,155143
4715,Canon DSLR Camera,Canon,Camera,133096.0,41,364,3.9,43570,462864
4716,Nikon DSLR Camera,Nikon,Camera,132643.0,14,39,4.8,8237,168253
4717,Sony DSLR Camera,Sony,Camera,60873.0,28,451,4.7,38916,5480
4718,Canon DSLR Camera,Canon,Camera,82328.0,47,417,4.8,80834,465667
4719,Nikon DSLR Camera,Nikon,Camera,188900.0,29,416,4.5,41017,167749
4720,Fujifilm DSLR Camera,Fujifilm,Camera,154455.0,19,122,4.6,40042,170774
4721,Sony DSLR Camera,Sony,Camera,81527.0,38,273,3.7,80471,449774
4722,Nikon DSLR Camera,Nikon,Camera,110059.0,5,957,3.6,40221,358941
4723,Canon DSLR Camera,Canon,Camera,42010.0,44,766,4.1,13725,481248
4724,Fujifilm DSLR Camera,Fujifilm,Camera,229510.0,3,916,4.5,12236,9154
4725,Sony DSLR Camera,Sony,Camera,113905.0,47,126,4.5,17573,419562
4726,Fujifilm DSLR Camera,Fujifilm,Camera,104131.0,8,155,4.1,65999,485095
4727,Canon DSLR Camera,Canon,Camera,291735.0,10,665,4.0,83638,210920
4728,Fujifilm DSLR Camera,Fujifilm,Camera,229994.0,12,646,4.9,4004,277489
4729,Nikon DSLR Camera,Nikon,Camera,290345.0,47,3,4.4,92863,45372
4730,Canon DSLR Camera,Canon,Camera,211017.0,40,648,4.4,18248,347204
4731,Nikon DSLR Camera,Nikon,Camera,288094.0,40,466,3.7,17399,289123
4732,Canon DSLR Camera,Canon,Camera,135506.0,41,676,3.7,4008,24545
4733,Fujifilm DSLR Camera,Fujifilm,Camera,170158.0,47,131,4.3,80709,258755
4734,Nikon DSLR Camera,Nikon,Camera,130335.0,39,358,4.3,16013,75989
4735,Canon DSLR Camera,Canon,Camera,184791.0,2,339,4.0,94017,425508
4736,Canon DSLR Camera,Canon,Camera,107290.0,1,825,4.9,67644,209518
4737,Fujifilm DSLR Camera,Fujifilm,Camera,53025.0,50,957,3.9,3769,91065
4738,Sony DSLR Camera,Sony,Camera,167440.0,19,907,3.5,47014,444275
4739,Fujifilm DSLR Camera,Fujifilm,Camera,168144.0,38,989,4.2,52325,363216
4740,Nikon DSLR Camera,Nikon,Camera,51840.0,5,649,4.6,3063,134934
4741,Nikon DSLR Camera,Nikon,Camera,258406.0,13,36,4.1,90162,136197
4742,Canon DSLR Camera,Canon,Camera,233910.0,8,225,4.0,46464,226285
4743,Fujifilm DSLR Camera,Fujifilm,Camera,296683.0,24,355,4.9,58048,381784
4744,Fujifilm DSLR Camera,Fujifilm,Camera,154599.0,3,426,3.6,51043,345606
4745,Sony DSLR Camera,Sony,Camera,102379.0,5,100,4.8,3028,463948
4746,Sony DSLR Camera,Sony,Camera,230377.0,37,283,3.5,36637,252803
4747,Fujifilm DSLR Camera,Fujifilm,Camera,71755.0,13,521,4.6,80671,8186
4748,Canon DSLR Camera,Canon,Camera,138692.0,46,262,4.0,99615,378127
4749,Nikon DSLR Camera,Nikon,Camera,158918.0,18,315,4.3,94153,298701
4750,Canon DSLR Camera,Canon,Camera,93981.0,3,980,3.9,73850,383394
4751,Nikon DSLR Camera,Nikon,Camera,152347.0,15,602,4.0,16806,294117
4752,Nikon DSLR Camera,Nikon,Camera,78746.0,13,654,4.9,53597,248734
4753,Canon DSLR Camera,Canon,Camera,203739.0,46,403,4.6,16537,344823
4754,Fujifilm DSLR Camera,Fujifilm,Camera,34103.0,32,777,4.7,33544,453363
4755,Fujifilm DSLR Camera,Fujifilm,Camera,246987.0,44,676,4.8,43490,199328
4756,Sony DSLR Camera,Sony,Camera,117450.0,42,547,4.1,86980,492543
4757,Sony DSLR Camera,Sony,Camera,113283.0,34,922,4.3,21604,375964
4758,Canon DSLR Camera,Canon,Camera,88082.0,23,214,4.3,20229,128796
4759,Canon DSLR Camera,Canon,Camera,259003.0,27,548,4.8,67412,179851
4760,Nikon DSLR Camera,Nikon,Camera,251462.0,31,514,4.2,53684,335192
4761,Canon DSLR Camera,Canon,Camera,239308.0,30,996,3.9,72317,114819
4762,Nikon DSLR Camera,Nikon,Camera,177181.0,21,150,4.4,75355,249107
4763,Canon DSLR Camera,Canon,Camera,151137.0,30,330,4.0,26311,42651
4764,Nikon DSLR Camera,Nikon,Camera,202885.0,32,716,4.4,20803,484419
4765,Fujifilm DSLR Camera,Fujifilm,Camera,173936.0,5,990,4.3,59956,145031
4766,Canon DSLR Camera,Canon,Camera,182637.0,10,438,5.0,50573,358662
4767,Fujifilm DSLR Camera,Fujifilm,Camera,199465.0,7,808,4.6,98077,341890
4768,Fujifilm DSLR Camera,Fujifilm,Camera,252508.0,39,416,3.9,29372,140724
4769,Nikon DSLR Camera,Nikon,Camera,196877.0,41,446,3.6,46958,408336
4770,Nikon DSLR Camera,Nikon,Camera,88506.0,38,437,4.4,57760,277651
4771,Sony DSLR Camera,Sony,Camera,34160.0,13,359,4.9,6540,296702
4772,Sony DSLR Camera,Sony,Camera,61994.0,12,857,4.8,51914,411290
4773,Canon DSLR Camera,Canon,Camera,75016.0,30,667,4.6,42907,301883
4774,Sony DSLR Camera,Sony,Camera,120466.0,33,287,4.9,18960,66292
4775,Sony DSLR Camera,Sony,Camera,190070.0,30,390,4.7,78679,87862
4776,Fujifilm DSLR Camera,Fujifilm,Camera,55595.0,16,446,4.4,68154,401857
4777,Canon DSLR Camera,Canon,Camera,73417.0,17,8,4.7,66352,17708
4778,Sony DSLR Camera,Sony,Camera,133040.0,4,858,4.9,72564,2725
4779,Nikon DSLR Camera,Nikon,Camera,144910.0,50,902,4.2,31730,196565
4780,Fujifilm DSLR Camera,Fujifilm,Camera,239843.0,22,334,5.0,63707,54797
4781,Nikon DSLR Camera,Nikon,Camera,172902.0,15,599,4.1,2077,181005
4782,Sony DSLR Camera,Sony,Camera,236019.0,17,953,3.6,57343,254146
4783,Fujifilm DSLR Camera,Fujifilm,Camera,102239.0,21,767,4.2,6311,329943
4784,Sony DSLR Camera,Sony,Camera,237139.0,36,64,4.9,39189,327282
4785,Canon DSLR Camera,Canon,Camera,110298.0,28,756,4.6,45757,214412
4786,Sony DSLR Camera,Sony,Camera,292831.0,5,900,4.0,5590,89602
4787,Nikon DSLR Camera,Nikon,Camera,198287.0,42,222,4.6,85076,439679
4788,Sony DSLR Camera,Sony,Camera,40281.0,20,562,4.5,59515,178454
4789,Sony DSLR Camera,Sony,Camera,76840.0,26,266,4.9,50640,95726
4790,Sony DSLR Camera,Sony,Camera,224395.0,17,295,4.1,84072,268534
4791,Fujifilm DSLR Camera,Fujifilm,Camera,31325.0,1,851,4.2,79899,407346
4792,Fujifilm DSLR Camera,Fujifilm,Camera,210037.0,36,960,3.6,73748,365511
4793,Canon DSLR Camera,Canon,Camera,294698.0,23,70,3.6,63353,196521
4794,Sony DSLR Camera,Sony,Camera,175404.0,49,169,3.9,40225,316777
4795,Nikon DSLR Camera,Nikon,Camera,138007.0,17,634,4.5,56298,481214
4796,Sony DSLR Camera,Sony,Camera,158207.0,42,584,4.3,84432,176441
4797,Fujifilm DSLR Camera,Fujifilm,Camera,172665.0,24,798,4.2,56944,183865
4798,Nikon DSLR Camera,Nikon,Camera,49241.0,19,742,4.2,47411,171093
4799,Nikon DSLR Camera,Nikon,Camera,140229.0,49,442,4.5,40107,116835
4800,Fujifilm DSLR Camera,Fujifilm,Camera,288279.0,36,178,3.7,53818,419899
4801,Sony DSLR Camera,Sony,Camera,31401.0,39,879,4.7,34826,402586
4802,Canon DSLR Camera,Canon,Camera,285263.0,19,885,4.1,90965,126448
4803,Canon DSLR Camera,Canon,Camera,211285.0,29,127,3.8,77832,243271
4804,Canon DSLR Camera,Canon,Camera,55028.0,16,473,3.7,43660,337452
4805,Fujifilm DSLR Camera,Fujifilm,Camera,149913.0,15,679,4.6,80561,137898
4806,Canon DSLR Camera,Canon,Camera,167581.0,11,360,4.5,63416,70088
4807,Nikon DSLR Camera,Nikon,Camera,275523.0,16,106,4.9,44150,210491
4808,Sony DSLR Camera,Sony,Camera,209625.0,31,316,3.9,95853,332435
4809,Canon DSLR Camera,Canon,Camera,236311.0,29,219,4.3,85036,196232
4810,Nikon DSLR Camera,Nikon,Camera,109507.0,23,989,3.9,18958,281331
4811,Nikon DSLR Camera,Nikon,Camera,213248.0,37,804,4.3,88372,393251
4812,Nikon DSLR Camera,Nikon,Camera,284795.0,31,370,4.6,39516,436760
4813,Canon DSLR Camera,Canon,Camera,244320.0,33,791,4.1,20376,412932
4814,Nikon DSLR Camera,Nikon,Camera,91634.0,15,218,4.7,53820,87993
4815,Nikon DSLR Camera,Nikon,Camera,262804.0,6,257,3.5,2401,243901
4816,Fujifilm DSLR Camera,Fujifilm,Camera,263092.0,46,504,4.5,12595,133523
4817,Fujifilm DSLR Camera,Fujifilm,Camera,158742.0,22,730,5.0,16326,291588
4818,Nikon DSLR Camera,Nikon,Camera,208281.0,13,511,5.0,67931,373848
4819,Nikon DSLR Camera,Nikon,Camera,225487.0,7,472,4.6,52756,19540
4820,Canon DSLR Camera,Canon,Camera,130119.0,1,79,4.4,50905,52934
4821,Fujifilm DSLR Camera,Fujifilm,Camera,212417.0,2,776,4.4,4104,345633
4822,Canon DSLR Camera,Canon,Camera,259810.0,36,809,4.6,50239,241278
4823,Nikon DSLR Camera,Nikon,Camera,47534.0,38,182,4.2,56695,367483
4824,Nikon DSLR Camera,Nikon,Camera,194529.0,45,159,4.5,52159,473985
4825,Canon DSLR Camera,Canon,Camera,221451.0,35,789,4.4,30988,348532
4826,Fujifilm DSLR Camera,Fujifilm,Camera,263397.0,12,809,4.1,32776,185142
4827,Fujifilm DSLR Camera,Fujifilm,Camera,285227.0,43,814,5.0,48246,461049
4828,Nikon DSLR Camera,Nikon,Camera,243657.0,8,136,3.6,7585,238365
4829,Sony DSLR Camera,Sony,Camera,171605.0,22,839,4.7,28011,120939
4830,Canon DSLR Camera,Canon,Camera,131633.0,12,48,4.4,9763,142761
4831,Fujifilm DSLR Camera,Fujifilm,Camera,192470.0,39,232,3.7,83273,162501
4832,Fujifilm DSLR Camera,Fujifilm,Camera,242435.0,30,729,4.8,29503,164542
4833,Fujifilm DSLR Camera,Fujifilm,Camera,261541.0,44,274,4.7,8209,498537
4834,Canon DSLR Camera,Canon,Camera,132769.0,42,52,4.6,87508,5869
4835,Fujifilm DSLR Camera,Fujifilm,Camera,149709.0,23,574,4.7,82439,229189
4836,Sony DSLR Camera,Sony,Camera,234384.0,21,185,4.7,67337,91381
4837,Fujifilm DSLR Camera,Fujifilm,Camera,154405.0,37,968,4.8,61728,424656
4838,Nikon DSLR Camera,Nikon,Camera,65813.0,48,535,3.7,66408,453076
4839,Fujifilm DSLR Camera,Fujifilm,Camera,255005.0,8,688,4.9,13600,46478
4840,Sony DSLR Camera,Sony,Camera,132825.0,16,641,4.7,21800,39714
4841,Sony DSLR Camera,Sony,Camera,198962.0,6,599,4.8,49504,43410
4842,Fujifilm DSLR Camera,Fujifilm,Camera,106937.0,19,403,4.8,81103,453686
4843,Nikon DSLR Camera,Nikon,Camera,266718.0,17,386,4.9,82477,329937
4844,Nikon DSLR Camera,Nikon,Camera,142601.0,20,286,3.8,89983,429477
4845,Nikon DSLR Camera,Nikon,Camera,70061.0,49,704,3.7,12796,418110
4846,Nikon DSLR Camera,Nikon,Camera,74736.0,32,989,3.8,59011,98446
4847,Canon DSLR Camera,Canon,Camera,207276.0,41,658,3.7,27020,289830
4848,Canon DSLR Camera,Canon,Camera,143449.0,32,308,4.2,94680,224935
4849,Canon DSLR Camera,Canon,Camera,176516.0,24,686,4.8,10531,136504
4850,Sony DSLR Camera,Sony,Camera,116933.0,42,534,3.5,9774,136957
4851,Sony DSLR Camera,Sony,Camera,133980.0,6,113,3.9,35001,31381
4852,Sony DSLR Camera,Sony,Camera,262215.0,24,11,3.8,27149,477945
4853,Sony DSLR Camera,Sony,Camera,30849.0,18,479,4.3,51769,482515
4854,Fujifilm DSLR Camera,Fujifilm,Camera,54227.0,42,680,4.6,1395,221238
4855,Fujifilm DSLR Camera,Fujifilm,Camera,258322.0,49,476,3.7,71242,124481
4856,Fujifilm DSLR Camera,Fujifilm,Camera,105697.0,30,431,4.6,48922,1454
4857,Fujifilm DSLR Camera,Fujifilm,Camera,64435.0,31,150,4.5,24329,49283
4858,Canon DSLR Camera,Canon,Camera,177817.0,35,50,4.3,67662,207063
4859,Nikon DSLR Camera,Nikon,Camera,83990.0,2,231,4.3,75285,116686
4860,Sony DSLR Camera,Sony,Camera,232963.0,50,410,4.8,85775,172332
4861,Nikon DSLR Camera,Nikon,Camera,255129.0,39,85,4.2,14321,308812
4862,Fujifilm DSLR Camera,Fujifilm,Camera,49401.0,14,623,4.0,89753,394748
4863,Canon DSLR Camera,Canon,Camera,232848.0,36,33,4.7,32800,417477
4864,Fujifilm DSLR Camera,Fujifilm,Camera,38108.0,42,117,3.8,17139,176414
4865,Fujifilm DSLR Camera,Fujifilm,Camera,57829.0,23,572,3.7,9073,386706
4866,Canon DSLR Camera,Canon,Camera,128476.0,37,400,4.1,71421,74654
4867,Fujifilm DSLR Camera,Fujifilm,Camera,35649.0,21,944,4.2,22967,61895
4868,Sony DSLR Camera,Sony,Camera,65119.0,25,746,4.4,83583,472655
4869,Sony DSLR Camera,Sony,Camera,208744.0,0,143,4.9,52639,417375
4870,Sony DSLR Camera,Sony,Camera,89287.0,48,25,4.1,96344,487280
4871,Fujifilm DSLR Camera,Fujifilm,Camera,222328.0,9,885,4.7,67433,5586
4872,Sony DSLR Camera,Sony,Camera,134326.0,14,774,4.7,48251,285960
4873,Nikon DSLR Camera,Nikon,Camera,130728.0,5,4,4.5,81478,335003
4874,Fujifilm DSLR Camera,Fujifilm,Camera,219838.0,5,491,4.2,42775,446417
4875,Nikon DSLR Camera,Nikon,Camera,207247.0,13,790,4.9,49474,300994
4876,Nikon DSLR Camera,Nikon,Camera,94024.0,5,311,3.5,21364,385139
4877,Canon DSLR Camera,Canon,Camera,76361.0,12,88,3.7,71192,128311
4878,Nikon DSLR Camera,Nikon,Camera,222750.0,45,493,4.3,83212,305710
4879,Canon DSLR Camera,Canon,Camera,145630.0,38,464,4.0,99410,452205
4880,Canon DSLR Camera,Canon,Camera,288359.0,31,716,4.9,10685,449425
4881,Canon DSLR Camera,Canon,Camera,130792.0,28,929,3.5,53855,262410
4882,Canon DSLR Camera,Canon,Camera,189102.0,44,391,3.6,33256,477241
4883,Canon DSLR Camera,Canon,Camera,202993.0,34,828,3.6,51411,132938
4884,Sony DSLR Camera,Sony,Camera,198170.0,35,265,3.8,58758,202047
4885,Canon DSLR Camera,Canon,Camera,267788.0,29,886,4.6,52925,239964
4886,Fujifilm DSLR Camera,Fujifilm,Camera,61793.0,19,332,3.5,36685,117771
4887,Fujifilm DSLR Camera,Fujifilm,Camera,152252.0,30,778,4.8,83771,399900
4888,Sony DSLR Camera,Sony,Camera,53387.0,37,810,3.8,23215,138615
4889,Fujifilm DSLR Camera,Fujifilm,Camera,266552.0,16,889,4.0,98960,262177
4890,Nikon DSLR Camera,Nikon,Camera,90980.0,17,918,4.7,39619,284707
4891,Canon DSLR Camera,Canon,Camera,189105.0,13,863,4.6,57522,380398
4892,Canon DSLR Camera,Canon,Camera,78617.0,21,865,5.0,50737,10341
4893,Nikon DSLR Camera,Nikon,Camera,115038.0,49,869,4.2,59649,311711
4894,Nikon DSLR Camera,Nikon,Camera,186707.0,7,107,4.7,54215,436284
4895,Canon DSLR Camera,Canon,Camera,56856.0,25,314,4.2,75524,247908
4896,Fujifilm DSLR Camera,Fujifilm,Camera,219822.0,26,349,3.9,97420,184174
4897,Fujifilm DSLR Camera,Fujifilm,Camera,108568.0,10,396,4.3,59767,79634
4898,Sony DSLR Camera,Sony,Camera,185211.0,43,25,4.3,35184,494646
4899,Sony DSLR Camera,Sony,Camera,35461.0,24,541,4.4,33803,359384
4900,Nikon DSLR Camera,Nikon,Camera,248555.0,46,604,3.5,56878,198782
4901,Sony DSLR Camera,Sony,Camera,243764.0,26,800,3.6,68089,69419
4902,Fujifilm DSLR Camera,Fujifilm,Camera,47705.0,28,911,4.4,58056,463125
4903,Fujifilm DSLR Camera,Fujifilm,Camera,260179.0,48,669,4.4,61402,21533
4904,Sony DSLR Camera,Sony,Camera,243001.0,29,603,3.7,29215,260672
4905,Sony DSLR Camera,Sony,Camera,262804.0,28,777,3.6,11203,29027
4906,Sony DSLR Camera,Sony,Camera,217480.0,26,176,3.7,72610,313138
4907,Sony DSLR Camera,Sony,Camera,47029.0,10,294,4.1,85620,480498
4908,Sony DSLR Camera,Sony,Camera,115964.0,49,247,3.8,89717,493790
4909,Canon DSLR Camera,Canon,Camera,105024.0,14,258,3.8,77262,487202
4910,Nikon DSLR Camera,Nikon,Camera,228749.0,45,910,3.5,52587,427077
4911,Canon DSLR Camera,Canon,Camera,228100.0,14,696,4.3,33903,371148
4912,Canon DSLR Camera,Canon,Camera,239100.0,12,349,4.4,85779,68527
4913,Fujifilm DSLR Camera,Fujifilm,Camera,235409.0,19,92,4.0,18435,314036
4914,Sony DSLR Camera,Sony,Camera,295210.0,3,33,4.0,63238,375176
4915,Fujifilm DSLR Camera,Fujifilm,Camera,168884.0,18,544,3.9,72844,176434
4916,Fujifilm DSLR Camera,Fujifilm,Camera,208594.0,40,771,3.9,15273,303483
4917,Canon DSLR Camera,Canon,Camera,164178.0,9,542,3.8,45893,163163
4918,Canon DSLR Camera,Canon,Camera,199860.0,48,309,3.9,58214,215161
4919,Sony DSLR Camera,Sony,Camera,221450.0,35,880,4.0,3924,251585
4920,Fujifilm DSLR Camera,Fujifilm,Camera,264162.0,11,43,4.3,3603,355952
4921,Sony DSLR Camera,Sony,Camera,98189.0,4,939,3.8,32660,465517
4922,Fujifilm DSLR Camera,Fujifilm,Camera,47921.0,45,925,4.9,12203,325909
4923,Nikon DSLR Camera,Nikon,Camera,240388.0,37,794,4.9,27384,498918
4924,Sony DSLR Camera,Sony,Camera,277451.0,33,508,4.3,63453,83713
4925,Sony DSLR Camera,Sony,Camera,69997.0,19,581,3.9,20654,422448
4926,Nikon DSLR Camera,Nikon,Camera,244272.0,42,591,3.8,14834,248554
4927,Fujifilm DSLR Camera,Fujifilm,Camera,192376.0,15,199,4.0,55992,4473
4928,Sony DSLR Camera,Sony,Camera,295582.0,20,80,3.5,598,10263
4929,Canon DSLR Camera,Canon,Camera,123741.0,43,81,4.3,40933,177558
4930,Sony DSLR Camera,Sony,Camera,41116.0,45,671,3.7,20878,383156
4931,Canon DSLR Camera,Canon,Camera,73132.0,19,375,4.6,64117,189290
4932,Nikon DSLR Camera,Nikon,Camera,65034.0,39,140,4.1,69455,261347
4933,Canon DSLR Camera,Canon,Camera,59126.0,26,134,4.8,35276,212851
4934,Fujifilm DSLR Camera,Fujifilm,Camera,197529.0,6,364,4.5,2357,409002
4935,Sony DSLR Camera,Sony,Camera,242731.0,16,282,4.5,74872,234622
4936,Sony DSLR Camera,Sony,Camera,56634.0,3,492,3.8,94553,208894
4937,Nikon DSLR Camera,Nikon,Camera,183278.0,0,586,4.6,24735,105829
4938,Nikon DSLR Camera,Nikon,Camera,296175.0,15,705,4.9,18590,473053
4939,Sony DSLR Camera,Sony,Camera,238612.0,27,50,4.3,84454,5587
4940,Canon DSLR Camera,Canon,Camera,166113.0,14,137,4.0,77921,80593
4941,Fujifilm DSLR Camera,Fujifilm,Camera,284503.0,34,350,3.6,97203,348048
4942,Canon DSLR Camera,Canon,Camera,271331.0,46,109,3.5,47848,23317
4943,Fujifilm DSLR Camera,Fujifilm,Camera,290231.0,8,28,4.4,63368,351010
4944,Sony DSLR Camera,Sony,Camera,213709.0,7,868,3.6,17140,24332
4945,Sony DSLR Camera,Sony,Camera,214985.0,9,992,3.7,29742,369739
4946,Fujifilm DSLR Camera,Fujifilm,Camera,31966.0,12,772,4.7,75422,339547
4947,Fujifilm DSLR Camera,Fujifilm,Camera,208502.0,6,351,4.3,77786,476935
4948,Nikon DSLR Camera,Nikon,Camera,199195.0,13,821,4.7,10145,225206
4949,Fujifilm DSLR Camera,Fujifilm,Camera,73663.0,50,477,3.9,21620,10269
4950,Nikon DSLR Camera,Nikon,Camera,270905.0,19,936,4.0,14519,415187
4951,Sony DSLR Camera,Sony,Camera,186776.0,15,596,4.3,61318,433542
4952,Fujifilm DSLR Camera,Fujifilm,Camera,113074.0,5,529,4.1,45338,315349
4953,Sony DSLR Camera,Sony,Camera,66747.0,50,936,3.8,85617,301620
4954,Fujifilm DSLR Camera,Fujifilm,Camera,265684.0,45,808,3.9,84651,227768
4955,Fujifilm DSLR Camera,Fujifilm,Camera,281666.0,19,195,3.8,98510,135304
4956,Nikon DSLR Camera,Nikon,Camera,133574.0,19,637,4.4,44916,450949
4957,Fujifilm DSLR Camera,Fujifilm,Camera,289736.0,30,112,3.7,49344,189841
4958,Nikon DSLR Camera,Nikon,Camera,242913.0,33,887,4.6,40299,116911
4959,Canon DSLR Camera,Canon,Camera,112151.0,48,825,4.4,74898,24676
4960,Sony DSLR Camera,Sony,Camera,171668.0,41,303,4.9,84849,9937
4961,Sony DSLR Camera,Sony,Camera,183622.0,40,31,4.2,54897,26610
4962,Canon DSLR Camera,Canon,Camera,180512.0,44,362,3.5,8636,219750
4963,Fujifilm DSLR Camera,Fujifilm,Camera,149566.0,10,415,4.2,16714,151086
4964,Fujifilm DSLR Camera,Fujifilm,Camera,102572.0,9,944,3.7,34311,311474
4965,Canon DSLR Camera,Canon,Camera,145775.0,3,609,4.1,78600,121173
4966,Canon DSLR Camera,Canon,Camera,170734.0,6,695,4.9,82523,30848
4967,Nikon DSLR Camera,Nikon,Camera,107756.0,45,116,4.2,14261,495144
4968,Fujifilm DSLR Camera,Fujifilm,Camera,126650.0,4,264,4.7,51914,163016
4969,Fujifilm DSLR Camera,Fujifilm,Camera,202102.0,0,649,4.1,1680,460845
4970,Canon DSLR Camera,Canon,Camera,169405.0,14,222,3.7,80013,418054
4971,Nikon DSLR Camera,Nikon,Camera,173076.0,10,589,4.2,40140,85865
4972,Sony DSLR Camera,Sony,Camera,199367.0,44,492,4.4,89714,217909
4973,Fujifilm DSLR Camera,Fujifilm,Camera,73211.0,38,20,5.0,32672,452583
4974,Sony DSLR Camera,Sony,Camera,117117.0,19,476,4.1,21443,388992
4975,Sony DSLR Camera,Sony,Camera,241122.0,12,146,4.0,5607,377431
4976,Canon DSLR Camera,Canon,Camera,49889.0,27,307,4.6,83392,29251
4977,Fujifilm DSLR Camera,Fujifilm,Camera,243164.0,19,149,3.6,84541,163554
4978,Fujifilm DSLR Camera,Fujifilm,Camera,293841.0,20,325,4.2,96681,370071
4979,Nikon DSLR Camera,Nikon,Camera,57523.0,41,254,4.6,37252,92393
4980,Canon DSLR Camera,Canon,Camera,240004.0,46,722,4.4,78481,75392
4981,Canon DSLR Camera,Canon,Camera,256947.0,17,968,4.2,47678,425520
4982,Sony DSLR Camera,Sony,Camera,132997.0,36,409,4.0,30313,358665
4983,Canon DSLR Camera,Canon,Camera,175320.0,49,687,4.0,27798,387727
4984,Sony DSLR Camera,Sony,Camera,211801.0,44,227,3.8,61457,292619
4985,Nikon DSLR Camera,Nikon,Camera,269428.0,14,252,3.8,66980,51798
4986,Canon DSLR Camera,Canon,Camera,282393.0,40,919,3.8,44625,130412
4987,Sony DSLR Camera,Sony,Camera,56462.0,19,103,3.8,30156,221926
4988,Sony DSLR Camera,Sony,Camera,109968.0,16,22,3.9,62354,489472
4989,Nikon DSLR Camera,Nikon,Camera,130074.0,3,247,4.6,60124,82561
4990,Sony DSLR Camera,Sony,Camera,211844.0,3,128,3.6,9528,209689
4991,Sony DSLR Camera,Sony,Camera,99242.0,45,91,4.0,3724,255676
4992,Nikon DSLR Camera,Nikon,Camera,216905.0,37,978,4.0,65369,28484
4993,Nikon DSLR Camera,Nikon,Camera,57434.0,41,837,3.9,19973,469527
4994,Nikon DSLR Camera,Nikon,Camera,208723.0,37,635,4.1,9343,41359
4995,Sony DSLR Camera,Sony,Camera,224686.0,20,238,4.7,11492,69094
4996,Canon DSLR Camera,Canon,Camera,284968.0,5,864,4.7,9888,307533
4997,Sony DSLR Camera,Sony,Camera,211015.0,47,228,4.9,45792,375226
4998,Nikon DSLR Camera,Nikon,Camera,163131.0,45,895,4.9,8972,323308
4999,Fujifilm DSLR Camera,Fujifilm,Camera,87711.0,48,321,4.0,65180,450107
5000,Nikon DSLR Camera,Nikon,Camera,290139.0,14,177,4.9,51433,226719
